sequence_id	start	end	repeat_type
1A17_A	7	45	3.3
1A17_A	46	79	3.3
1A17_A	80	113	3.3
1A5E_A	14	43	3.3
1A5E_A	44	75	3.3
1A5E_A	76	108	3.3
1A5E_A	109	134	3.3
1AIR_A	52	89	3.1
1AIR_A	113	139	3.1
1AIR_A	140	176	3.1
1AIR_A	270	300	3.1
1AP7_A	8	41	3.3
1AP7_A	42	76	3.3
1AP7_A	77	108	3.3
1AP7_A	109	138	3.3
1AP7_A	139	165	3.3
1AWC_B	2	33	3.3
1AWC_B	34	66	3.3
1AWC_B	67	99	3.3
1AWC_B	100	132	3.3
1AWC_B	133	153	3.3
1BHE_A	36	55	3.1
1BHE_A	56	98	3.1
1BHE_A	99	146	3.1
1BHE_A	147	171	3.1
1BHE_A	172	194	3.1
1BHE_A	195	220	3.1
1BHE_A	221	248	3.1
1BHE_A	249	275	3.1
1BHE_A	276	304	3.1
1BHE_A	305	339	3.1
1BHE_A	340	365	3.1
1BI8_B	7	41	3.3
1BI8_B	42	73	3.3
1BI8_B	74	106	3.3
1BI8_B	107	138	3.3
1BI8_B	139	160	3.3
1BN8_A	147	168	3.1
1BN8_A	169	210	3.1
1BN8_A	211	250	3.1
1BN8_A	251	285	3.1
1BN8_A	286	304	3.1
1BN8_A	305	333	3.1
1BN8_A	334	359	3.1
1BU9_A	7	34	3.3
1BU9_A	35	69	3.3
1BU9_A	70	100	3.3
1BU9_A	101	134	3.3
1BU9_A	135	160	3.3
1CZF_A	45	65	3.1
1CZF_A	66	88	3.1
1CZF_A	89	128	3.1
1CZF_A	129	155	3.1
1CZF_A	156	185	3.1
1CZF_A	186	202	3.1
1CZF_A	203	230	3.1
1CZF_A	231	263	3.1
1CZF_A	264	301	3.1
1CZF_A	302	329	3.1
1CZF_A	330	355	3.1
1DAB_A	5	32	3.1
1DAB_A	33	58	3.1
1DAB_A	59	90	3.1
1DAB_A	91	120	3.1
1DAB_A	121	141	3.1
1DAB_A	142	171	3.1
1DAB_A	172	198	3.1
1DAB_A	199	221	3.1
1DAB_A	222	275	3.1
1DAB_A	276	299	3.1
1DAB_A	300	332	3.1
1DAB_A	333	356	3.1
1DAB_A	357	386	3.1
1DAB_A	387	404	3.1
1DAB_A	405	422	3.1
1DAB_A	423	447	3.1
1DAB_A	448	471	3.1
1DBG_A	45	69	3.1
1DBG_A	70	92	3.1
1DBG_A	93	127	3.1
1DBG_A	128	159	3.1
1DBG_A	160	197	3.1
1DBG_A	198	229	3.1
1DBG_A	230	254	3.1
1DBG_A	255	274	3.1
1DBG_A	275	302	3.1
1DBG_A	303	337	3.1
1DBG_A	338	379	3.1
1DBG_A	380	405	3.1
1DCE_C	24	44	3.3
1DCE_C	45	86	3.3
1DCE_C	87	123	3.3
1DCE_C	124	159	3.3
1DCE_C	160	207	3.3
1DCE_C	208	352	3.3
1DCE_C	364	398	3.3
1DCE_C	399	451	3.3
1DCE_C	452	519	3.3
1DCE_C	520	548	3.3
1DCE_C	549	564	3.3
1DCQ_A	124	169	3.3
1DCQ_A	170	204	3.3
1DCQ_A	205	237	3.3
1DCQ_A	238	262	3.3
1DFJ_I	6	30	3.2
1DFJ_I	31	58	3.2
1DFJ_I	59	87	3.2
1DFJ_I	88	115	3.2
1DFJ_I	116	144	3.2
1DFJ_I	145	172	3.2
1DFJ_I	173	201	3.2
1DFJ_I	202	229	3.2
1DFJ_I	230	258	3.2
1DFJ_I	259	286	3.2
1DFJ_I	287	315	3.2
1DFJ_I	316	343	3.2
1DFJ_I	344	372	3.2
1DFJ_I	373	400	3.2
1DFJ_I	401	429	3.2
1DFJ_I	430	457	3.2
1EE6_A	15	49	3.1
1EE6_A	50	70	3.1
1EE6_A	71	90	3.1
1EE6_A	91	114	3.1
1EE6_A	115	140	3.1
1EE6_A	141	164	3.1
1EE6_A	165	185	3.1
1ELK_A	15	49	3.3
1ELK_A	50	86	3.3
1ELK_A	87	137	3.3
1ELR_A	1	34	3.3
1ELR_A	35	71	3.3
1ELR_A	72	109	3.3
1ELW_A	3	36	3.3
1ELW_A	37	70	3.3
1ELW_A	71	101	3.3
1EWW_A	6	18	3.1
1EWW_A	19	34	3.1
1EWW_A	35	49	3.1
1EWW_A	50	66	3.1
1EWW_A	67	89	3.1
1EZG_A	7	19	3.1
1EZG_A	20	30	3.1
1EZG_A	31	42	3.1
1EZG_A	43	54	3.1
1EZG_A	55	66	3.1
1EZG_A	67	78	3.1
1FCH_A	67	96	3.3
1FCH_A	97	130	3.3
1FCH_A	131	162	3.3
1FCH_A	186	216	3.3
1FCH_A	217	249	3.3
1FCH_A	250	283	3.3
1FCH_A	284	317	3.3
1FCH_A	325	355	3.3
1FQV_A	50	73	3.2
1FQV_A	74	93	3.2
1FQV_A	94	118	3.2
1FQV_A	119	142	3.2
1FQV_A	143	168	3.2
1FQV_A	169	195	3.2
1FQV_A	196	222	3.2
1FQV_A	223	247	3.2
1FQV_A	248	272	3.2
1FQV_A	273	297	3.2
1FS2_A	51	80	3.2
1FS2_A	81	103	3.2
1FS2_A	104	130	3.2
1FS2_A	131	157	3.2
1FS2_A	158	184	3.2
1FS2_A	185	208	3.2
1FS2_A	209	233	3.2
1FS2_A	234	259	3.2
1G9U_A	74	94	3.1
1G9U_A	95	114	3.1
1G9U_A	115	134	3.1
1G9U_A	135	156	3.1
1G9U_A	157	176	3.1
1G9U_A	177	198	3.1
1G9U_A	199	218	3.1
1G9U_A	219	240	3.1
1G9U_A	241	260	3.1
1G9U_A	261	280	3.1
1G9U_A	281	300	3.1
1G9U_A	301	320	3.1
1G9U_A	321	340	3.1
1G9U_A	341	360	3.1
1G9U_A	361	378	3.1
1GCJ_A	39	69	3.3
1GCJ_A	90	130	3.3
1GCJ_A	131	168	3.3
1GCJ_A	169	213	3.3
1GCJ_A	214	254	3.3
1GCJ_A	255	310	3.3
1GCJ_A	311	365	3.3
1GCJ_A	366	400	3.3
1GCJ_A	401	445	3.3
1GQ8_A	30	57	3.1
1GQ8_A	58	95	3.1
1GQ8_A	96	121	3.1
1GQ8_A	122	141	3.1
1GQ8_A	142	163	3.1
1GQ8_A	164	196	3.1
1GQ8_A	197	231	3.1
1GQ8_A	232	261	3.1
1GWB_A	15	35	3.2
1GWB_A	36	59	3.2
1GWB_A	60	81	3.2
1GWB_A	82	104	3.2
1GWB_A	105	128	3.2
1GWB_A	129	152	3.2
1GWB_A	153	176	3.2
1GWB_A	177	198	3.2
1GWB_A	199	227	3.2
1H6U_A	43	63	3.2
1H6U_A	64	85	3.2
1H6U_A	86	107	3.2
1H6U_A	108	129	3.2
1H6U_A	130	151	3.2
1H6U_A	152	173	3.2
1H6U_A	174	195	3.2
1H6U_A	196	220	3.2
1HF2_B	97	116	3.1
1HF2_B	117	134	3.1
1HF2_B	135	155	3.1
1HF2_B	156	174	3.1
1HG8_A	19	43	3.1
1HG8_A	44	71	3.1
1HG8_A	72	111	3.1
1HG8_A	112	135	3.1
1HG8_A	136	174	3.1
1HG8_A	175	197	3.1
1HG8_A	198	223	3.1
1HG8_A	224	251	3.1
1HG8_A	252	295	3.1
1HG8_A	296	320	3.1
1HG8_A	321	346	3.1
1HH8_A	5	35	3.3
1HH8_A	36	69	3.3
1HH8_A	70	104	3.3
1HH8_A	120	152	3.3
1HH8_A	153	174	3.3
1HM0_A	259	279	3.1
1HM0_A	280	297	3.1
1HM0_A	298	314	3.1
1HM0_A	315	330	3.1
1HM0_A	331	348	3.1
1HM0_A	349	365	3.1
1HM0_A	366	382	3.1
1HM0_A	383	407	3.1
1HM0_A	408	425	3.1
1HM0_A	426	442	3.1
1HO8_A	28	57	3.3
1HO8_A	76	111	3.3
1HO8_A	112	158	3.3
1HO8_A	159	198	3.3
1HO8_A	199	258	3.3
1HO8_A	259	301	3.3
1HO8_A	302	354	3.3
1HO8_A	355	389	3.3
1HO8_A	390	436	3.3
1HO8_A	437	479	3.3
1HU3_A	2	39	3.3
1HU3_A	40	78	3.3
1HU3_A	134	159	3.3
1HU3_A	162	199	3.3
1HU3_A	200	243	3.3
1HV9_B	253	272	3.1
1HV9_B	273	290	3.1
1HV9_B	291	307	3.1
1HV9_B	308	324	3.1
1HV9_B	325	342	3.1
1HV9_B	343	359	3.1
1HV9_B	360	376	3.1
1HV9_B	377	401	3.1
1HV9_B	402	419	3.1
1HV9_B	420	435	3.1
1IA5_A	23	44	3.1
1IA5_A	45	73	3.1
1IA5_A	74	113	3.1
1IA5_A	114	135	3.1
1IA5_A	136	166	3.1
1IA5_A	167	187	3.1
1IA5_A	188	215	3.1
1IA5_A	216	244	3.1
1IA5_A	245	282	3.1
1IA5_A	283	310	3.1
1IDJ_A	108	132	3.1
1IDJ_A	133	161	3.1
1IDJ_A	162	186	3.1
1IDJ_A	187	218	3.1
1IDJ_A	219	241	3.1
1IDJ_A	242	264	3.1
1IDJ_A	265	287	3.1
1IKN_D	45	77	3.3
1IKN_D	78	116	3.3
1IKN_D	117	150	3.3
1IKN_D	151	183	3.3
1IKN_D	184	208	3.3
1IO0_A	37	65	3.2
1IO0_A	66	93	3.2
1IO0_A	94	121	3.2
1IO0_A	122	151	3.2
1IO0_A	152	185	3.2
1J2Z_A	6	23	3.1
1J2Z_A	24	41	3.1
1J2Z_A	42	59	3.1
1J2Z_A	60	89	3.1
1J2Z_A	90	114	3.1
1J2Z_A	115	144	3.1
1J2Z_A	145	162	3.1
1J2Z_A	163	178	3.1
1JCQ_A	114	147	3.3
1JCQ_A	148	181	3.3
1JCQ_A	182	216	3.3
1JCQ_A	217	250	3.3
1JCQ_A	251	287	3.3
1JCQ_A	288	329	3.3
1JCQ_A	330	366	3.3
1JPL_B	26	61	3.3
1JPL_B	62	108	3.3
1JPL_B	109	148	3.3
1JRG_A	55	88	3.1
1JRG_A	89	113	3.1
1JRG_A	114	152	3.1
1JRG_A	153	193	3.1
1JRG_A	194	215	3.1
1JRG_A	227	247	3.1
1JRG_A	248	277	3.1
1JRG_A	278	307	3.1
1K1A_A	10	45	3.3
1K1A_A	46	78	3.3
1K1A_A	79	115	3.3
1K1A_A	116	149	3.3
1K1A_A	150	182	3.3
1K1A_A	183	215	3.3
1K28_A	433	456	3.1
1K28_A	457	482	3.1
1K28_A	483	506	3.1
1K28_A	507	528	3.1
1K28_A	529	554	3.1
1K28_A	555	574	3.1
1K3Z_D	9	44	3.3
1K3Z_D	45	77	3.3
1K3Z_D	78	110	3.3
1K3Z_D	158	191	3.3
1K3Z_D	192	224	3.3
1K3Z_D	225	253	3.3
1K4Z_A	9	28	3.1
1K4Z_A	29	48	3.1
1K4Z_A	49	66	3.1
1K4Z_A	67	86	3.1
1K4Z_A	87	104	3.1
1K4Z_A	105	126	3.1
1K5C_A	33	59	3.1
1K5C_A	60	99	3.1
1K5C_A	100	121	3.1
1K5C_A	122	153	3.1
1K5C_A	154	174	3.1
1K5C_A	175	196	3.1
1K5C_A	197	230	3.1
1K5C_A	231	280	3.1
1K5C_A	281	304	3.1
1K5C_A	305	333	3.1
1K5D_C	2	31	3.2
1K5D_C	32	59	3.2
1K5D_C	60	93	3.2
1K5D_C	94	121	3.2
1K5D_C	122	156	3.2
1K5D_C	157	186	3.2
1K5D_C	187	215	3.2
1K5D_C	216	243	3.2
1K5D_C	244	272	3.2
1K5D_C	273	302	3.2
1K5D_C	303	333	3.2
1K8F_B	8	25	3.1
1K8F_B	26	49	3.1
1K8F_B	50	67	3.1
1K8F_B	68	83	3.1
1K8F_B	84	103	3.1
1K8F_B	104	126	3.1
1KAP_P	339	355	3.1
1KAP_P	356	374	3.1
1KAP_P	375	389	3.1
1KHR_A	28	69	3.1
1KHR_A	118	146	3.1
1KHR_A	147	160	3.1
1KHR_A	175	204	3.1
1KQA_A	36	78	3.1
1KQA_A	79	110	3.1
1KQA_A	136	164	3.1
1KQA_A	165	178	3.1
1KT1_A	253	298	3.3
1KT1_A	299	347	3.3
1KT1_A	348	381	3.3
1LRV_A	40	63	3.3
1LRV_A	64	87	3.3
1LRV_A	88	110	3.3
1LRV_A	111	135	3.3
1LRV_A	136	158	3.3
1LRV_A	159	183	3.3
1LRV_A	184	207	3.3
1LRV_A	208	228	3.3
1M0K_A	29	71	3.3
1M0K_A	97	118	3.3
1M0K_A	119	164	3.3
1M0K_A	190	232	3.3
1M8N_A	8	23	3.1
1M8N_A	24	39	3.1
1M8N_A	40	55	3.1
1M8N_A	56	70	3.1
1M8N_A	71	85	3.1
1M8N_A	86	102	3.1
1M8N_A	103	121	3.1
1M9I_A	17	31	3.3
1M9I_A	32	78	3.3
1M9I_A	79	103	3.3
1M9I_A	104	139	3.3
1M9I_A	140	167	3.3
1M9I_A	168	187	3.3
1M9I_A	188	234	3.3
1M9I_A	235	262	3.3
1M9I_A	263	298	3.3
1M9I_A	299	327	3.3
1M9I_A	328	355	3.3
1M9I_A	356	374	3.3
1M9I_A	375	421	3.3
1M9I_A	422	446	3.3
1M9I_A	447	482	3.3
1M9I_A	483	510	3.3
1M9I_A	511	530	3.3
1M9I_A	531	582	3.3
1M9I_A	583	610	3.3
1M9I_A	611	646	3.3
1M9I_A	647	670	3.3
1M9L_A	38	62	3.2
1M9L_A	63	84	3.2
1M9L_A	85	106	3.2
1M9L_A	107	128	3.2
1M9L_A	129	151	3.2
1M9S_A	45	65	3.2
1M9S_A	66	87	3.2
1M9S_A	88	109	3.2
1M9S_A	110	131	3.2
1M9S_A	132	153	3.2
1M9S_A	154	175	3.2
1M9S_A	176	198	3.2
1N11_A	15	46	3.3
1N11_A	47	79	3.3
1N11_A	80	112	3.3
1N11_A	113	145	3.3
1N11_A	146	178	3.3
1N11_A	179	211	3.3
1N11_A	212	244	3.3
1N11_A	245	277	3.3
1N11_A	278	310	3.3
1N11_A	311	343	3.3
1N11_A	344	374	3.3
1N11_A	375	406	3.3
1N52_A	30	65	3.3
1N52_A	66	101	3.3
1N52_A	102	142	3.3
1N52_A	143	181	3.3
1N52_A	199	240	3.3
1N52_A	303	332	3.3
1N52_A	333	358	3.3
1N52_A	359	447	3.3
1N52_A	448	474	3.3
1N52_A	497	528	3.3
1N52_A	543	582	3.3
1N52_A	597	634	3.3
1N52_A	682	711	3.3
1N52_A	712	781	3.3
1NA0_A	8	41	3.3
1NA0_A	42	75	3.3
1NA0_A	42	75	3.3
1NHC_A	30	59	3.1
1NHC_A	60	100	3.1
1NHC_A	101	121	3.1
1NHC_A	122	150	3.1
1NHC_A	151	169	3.1
1NHC_A	170	191	3.1
1NHC_A	192	225	3.1
1NHC_A	226	252	3.1
1NHC_A	253	292	3.1
1NHC_A	293	323	3.1
1NZN_A	5	49	3.3
1NZN_A	50	88	3.3
1NZN_A	89	120	3.3
1O1R_A	116	149	3.3
1O1R_A	150	185	3.3
1O1R_A	186	219	3.3
1O1R_A	220	253	3.3
1O1R_A	254	290	3.3
1O1R_A	291	331	3.3
1O1R_A	332	371	3.3
1O6S_A	49	71	3.2
1O6S_A	72	90	3.2
1O6S_A	91	112	3.2
1O6S_A	113	134	3.2
1O6S_A	135	156	3.2
1O6S_A	157	177	3.2
1O6S_A	178	199	3.2
1O6S_A	200	221	3.2
1O6S_A	222	243	3.2
1O6S_A	244	265	3.2
1O6S_A	266	287	3.2
1O6S_A	288	309	3.2
1O6S_A	310	331	3.2
1O6S_A	332	353	3.2
1O6S_A	354	376	3.2
1OFE_B	1300	1317	3.1
1OFE_B	1318	1337	3.1
1OFE_B	1338	1369	3.1
1OFE_B	1370	1387	3.1
1OFE_B	1388	1405	3.1
1OFE_B	1406	1424	3.1
1OFE_B	1425	1443	3.1
1OGM_X	225	257	3.1
1OGM_X	258	278	3.1
1OGM_X	279	322	3.1
1OGM_X	323	348	3.1
1OGM_X	349	376	3.1
1OGM_X	377	396	3.1
1OGM_X	397	419	3.1
1OGM_X	420	453	3.1
1OGM_X	454	488	3.1
1OGM_X	489	523	3.1
1OGM_X	524	560	3.1
1OGQ_A	62	88	3.2
1OGQ_A	89	112	3.2
1OGQ_A	113	135	3.2
1OGQ_A	136	159	3.2
1OGQ_A	160	184	3.2
1OGQ_A	185	206	3.2
1OGQ_A	207	230	3.2
1OGQ_A	231	253	3.2
1OGQ_A	254	277	3.2
1OT8_A	52	83	3.3
1OT8_A	84	117	3.3
1OT8_A	118	150	3.3
1OT8_A	151	183	3.3
1OT8_A	184	216	3.3
1OT8_A	217	237	3.3
1OTM_A	77	97	3.2
1OTM_A	98	120	3.2
1OTM_A	121	142	3.2
1OTM_A	143	164	3.2
1OTM_A	165	186	3.2
1OTM_A	187	208	3.2
1OTM_A	209	230	3.2
1OUV_A	21	56	3.3
1OUV_A	57	92	3.3
1OUV_A	93	128	3.3
1OUV_A	129	164	3.3
1OUV_A	165	200	3.3
1OUV_A	201	239	3.3
1OUV_A	240	269	3.3
1OYZ_A	24	51	3.3
1OYZ_A	52	82	3.3
1OYZ_A	83	122	3.3
1OYZ_A	123	155	3.3
1OYZ_A	160	188	3.3
1OYZ_A	189	220	3.3
1OYZ_A	221	250	3.3
1OYZ_A	251	278	3.3
1OZN_A	12	32	3.2
1OZN_A	33	56	3.2
1OZN_A	57	80	3.2
1OZN_A	81	105	3.2
1OZN_A	106	128	3.2
1OZN_A	129	153	3.2
1OZN_A	154	177	3.2
1OZN_A	178	201	3.2
1OZN_A	202	224	3.2
1OZN_A	225	254	3.2
1P5Q_A	140	179	3.3
1P5Q_A	180	228	3.3
1P5Q_A	229	261	3.3
1P9H_A	57	71	3.1
1P9H_A	72	84	3.1
1P9H_A	85	98	3.1
1P9H_A	99	111	3.1
1P9H_A	112	122	3.1
1P9H_A	123	138	3.1
1P9H_A	139	155	3.1
1P9H_A	156	168	3.1
1PC2_A	9	44	3.3
1PC2_A	45	83	3.3
1PC2_A	84	118	3.3
1PGV_A	28	50	3.2
1PGV_A	51	79	3.2
1PGV_A	80	107	3.2
1PGV_A	108	135	3.2
1PGV_A	136	167	3.2
1PXZ_A	68	88	3.1
1PXZ_A	89	114	3.1
1PXZ_A	115	159	3.1
1PXZ_A	160	183	3.1
1PXZ_A	184	203	3.1
1PXZ_A	215	236	3.1
1PXZ_A	237	259	3.1
1PXZ_A	260	294	3.1
1PXZ_A	295	313	3.1
1QBK_B	60	100	3.3
1QBK_B	101	138	3.3
1QBK_B	139	183	3.3
1QBK_B	184	225	3.3
1QBK_B	226	267	3.3
1QBK_B	268	307	3.3
1QBK_B	373	407	3.3
1QBK_B	408	448	3.3
1QBK_B	449	493	3.3
1QBK_B	494	531	3.3
1QBK_B	532	575	3.3
1QBK_B	577	630	3.3
1QBK_B	631	675	3.3
1QBK_B	678	721	3.3
1QBK_B	722	761	3.3
1QBK_B	762	805	3.3
1QBK_B	806	847	3.3
1QCX_A	126	154	3.1
1QCX_A	155	177	3.1
1QCX_A	178	213	3.1
1QCX_A	214	236	3.1
1QCX_A	237	264	3.1
1QCX_A	265	284	3.1
1QGK_A	103	141	3.3
1QGK_A	142	184	3.3
1QGK_A	185	227	3.3
1QGK_A	228	270	3.3
1QGK_A	271	334	3.3
1QGK_A	335	376	3.3
1QGK_A	377	418	3.3
1QGK_A	419	461	3.3
1QGK_A	462	516	3.3
1QGK_A	517	564	3.3
1QGK_A	565	618	3.3
1QGK_A	619	660	3.3
1QGK_A	661	700	3.3
1QGK_A	701	748	3.3
1QGK_A	749	809	3.3
1QGK_A	810	854	3.3
1QJV_A	140	159	3.1
1QJV_A	160	181	3.1
1QJV_A	182	212	3.1
1QJV_A	213	246	3.1
1QJV_A	247	281	3.1
1QQ0_A	64	90	3.1
1QQ0_A	91	143	3.1
1QQ0_A	144	167	3.1
1QQ0_A	168	190	3.1
1QQ0_A	191	213	3.1
1QQE_A	29	71	3.3
1QQE_A	72	111	3.3
1QQE_A	112	152	3.3
1QQE_A	153	189	3.3
1QQE_A	190	226	3.3
1QQE_A	237	268	3.3
1QSA_A	5	35	3.3
1QSA_A	36	68	3.3
1QSA_A	69	99	3.3
1QSA_A	100	133	3.3
1QSA_A	153	182	3.3
1QSA_A	183	211	3.3
1QSA_A	212	248	3.3
1QSA_A	249	282	3.3
1QSA_A	283	315	3.3
1QSA_A	316	349	3.3
1QSA_A	350	363	3.3
1QSA_A	382	410	3.3
1QSA_A	411	439	3.3
1QSA_A	452	478	3.3
1QSA_A	479	506	3.3
1QSA_A	507	541	3.3
1QSA_A	542	606	3.3
1QYM_A	5	40	3.3
1QYM_A	41	73	3.3
1QYM_A	74	106	3.3
1QYM_A	107	139	3.3
1QYM_A	140	172	3.3
1QYM_A	173	205	3.3
1QYM_A	206	227	3.3
1RMG_A	65	91	3.1
1RMG_A	92	129	3.1
1RMG_A	130	152	3.1
1RMG_A	153	178	3.1
1RMG_A	179	199	3.1
1RMG_A	200	221	3.1
1RMG_A	222	248	3.1
1RMG_A	249	276	3.1
1RMG_A	277	317	3.1
1RMG_A	318	347	3.1
1RU4_A	116	135	3.1
1RU4_A	136	161	3.1
1RU4_A	162	192	3.1
1RU4_A	193	217	3.1
1RU4_A	218	255	3.1
1RU4_A	256	278	3.1
1RU4_A	279	302	3.1
1RU4_A	303	323	3.1
1RWR_A	84	105	3.1
1RWR_A	106	143	3.1
1RWR_A	144	165	3.1
1RWR_A	166	211	3.1
1RWR_A	212	238	3.1
1RWR_A	239	259	3.1
1RWR_A	260	279	3.1
1RWR_A	280	297	3.1
1RZ4_A	22	61	3.3
1RZ4_A	62	96	3.3
1RZ4_A	97	130	3.3
1RZ4_A	131	173	3.3
1S80_A	8	38	3.3
1S80_A	39	73	3.3
1S80_A	74	103	3.3
1S80_A	104	136	3.3
1SW6_A	104	130	3.3
1SW6_A	131	163	3.3
1SW6_A	164	200	3.3
1SW6_A	201	282	3.3
1SW6_A	283	315	3.3
1SZ9_A	2	29	3.3
1SZ9_A	30	56	3.3
1SZ9_A	57	89	3.3
1SZ9_A	90	112	3.3
1SZ9_A	113	140	3.3
1T3D_A	22	95	3.1
1T3D_A	96	166	3.1
1T3D_A	167	198	3.1
1T3D_A	214	242	3.1
1TJC_A	1	39	3.3
1TJC_A	40	78	3.3
1UPK_A	33	91	3.3
1UPK_A	92	139	3.3
1UPK_A	140	177	3.3
1UPK_A	178	222	3.3
1UPK_A	223	266	3.3
1UPK_A	267	312	3.3
1UW4_B	2	34	3.3
1UW4_B	35	70	3.3
1UW4_B	71	117	3.3
1UW4_B	118	167	3.3
1UW4_B	168	219	3.3
1V3W_A	1	23	3.1
1V3W_A	24	40	3.1
1V3W_A	41	61	3.1
1V3W_A	62	84	3.1
1V3W_A	85	101	3.1
1V3W_A	102	119	3.1
1V3W_A	120	136	3.1
1VBL_A	206	245	3.1
1VBL_A	246	277	3.1
1VBL_A	278	298	3.1
1VBL_A	299	327	3.1
1VBL_A	328	357	3.1
1VH4_B	153	167	3.1
1VH4_B	168	198	3.1
1VH4_B	199	222	3.1
1VH4_B	223	250	3.1
1VH4_B	251	277	3.1
1VH4_B	278	308	3.1
1VH4_B	309	339	3.1
1VH4_B	340	367	3.1
1VK9_A	47	70	3.2
1VK9_A	72	93	3.2
1VK9_A	94	115	3.2
1W3B_A	4	31	3.3
1W3B_A	32	65	3.3
1W3B_A	66	99	3.3
1W3B_A	100	133	3.3
1W3B_A	134	167	3.3
1W3B_A	168	201	3.3
1W3B_A	202	235	3.3
1W3B_A	236	269	3.3
1W3B_A	270	303	3.3
1W3B_A	304	337	3.3
1W3B_A	338	371	3.3
1W8A_A	12	32	3.2
1W8A_A	33	57	3.2
1W8A_A	58	81	3.2
1W8A_A	82	105	3.2
1W8A_A	106	129	3.2
1W8A_A	130	156	3.2
1WA5_B	100	144	3.3
1WA5_B	145	186	3.3
1WA5_B	187	228	3.3
1WA5_B	229	269	3.3
1WA5_B	270	311	3.3
1WA5_B	312	353	3.3
1WA5_B	354	396	3.3
1WA5_B	397	440	3.3
1WA5_B	441	493	3.3
1WAO_1	5	37	3.3
1WAO_1	38	71	3.3
1WAO_1	72	107	3.3
1WAO_1	108	125	3.3
1WAO_1	155	179	3.3
1WAO_1	180	314	3.3
1WAO_1	333	367	3.3
1WAO_1	368	416	3.3
1WAO_1	428	476	3.3
1WG0_A	1	35	3.3
1WG0_A	36	71	3.3
1WG0_A	72	109	3.3
1WG0_A	110	139	3.3
1WG0_A	140	173	3.3
1WG0_A	174	207	3.3
1WG0_A	208	230	3.3
1WM5_A	7	41	3.3
1WM5_A	42	74	3.3
1WM5_A	75	108	3.3
1WM5_A	109	157	3.3
1WMR_A	211	235	3.1
1WMR_A	236	282	3.1
1WMR_A	283	307	3.1
1WMR_A	308	338	3.1
1WMR_A	339	357	3.1
1WMR_A	358	380	3.1
1WMR_A	381	415	3.1
1WMR_A	416	458	3.1
1WMR_A	459	491	3.1
1WMR_A	492	519	3.1
1WWL_A	12	34	3.2
1WWL_A	35	71	3.2
1WWL_A	72	98	3.2
1WWL_A	99	124	3.2
1WWL_A	125	152	3.2
1WWL_A	153	176	3.2
1WWL_A	177	204	3.2
1WWL_A	205	231	3.2
1WWL_A	232	256	3.2
1WWL_A	257	274	3.2
1WWL_A	275	296	3.2
1WY6_A	6	38	3.3
1WY6_A	39	73	3.3
1WY6_A	74	106	3.3
1WY6_A	107	139	3.3
1WY6_A	140	166	3.3
1XEU_A	42	53	3.2
1XEU_A	54	75	3.2
1XEU_A	76	97	3.2
1XEU_A	98	118	3.2
1XEU_A	119	140	3.2
1XEU_A	141	162	3.2
1XEU_A	163	185	3.2
1XG2_A	31	53	3.1
1XG2_A	54	91	3.1
1XG2_A	92	119	3.1
1XG2_A	120	139	3.1
1XG2_A	140	159	3.1
1XG2_A	160	192	3.1
1XG2_A	193	226	3.1
1XG2_A	227	257	3.1
1XHD_A	5	25	3.1
1XHD_A	26	43	3.1
1XHD_A	44	64	3.1
1XHD_A	65	85	3.1
1XHD_A	86	103	3.1
1XHD_A	104	121	3.1
1XHD_A	122	130	3.1
1XKU_A	34	52	3.2
1XKU_A	53	76	3.2
1XKU_A	77	99	3.2
1XKU_A	100	120	3.2
1XKU_A	121	144	3.2
1XKU_A	145	170	3.2
1XKU_A	171	191	3.2
1XKU_A	192	215	3.2
1XKU_A	216	239	3.2
1XKU_A	240	262	3.2
1XKU_A	263	291	3.2
1XKU_A	292	319	3.2
1XM9_A	15	56	3.3
1XM9_A	57	100	3.3
1XM9_A	101	144	3.3
1XM9_A	157	202	3.3
1XM9_A	203	296	3.3
1XM9_A	297	343	3.3
1XM9_A	344	384	3.3
1XM9_A	385	434	3.3
1XQR_A	23	53	3.3
1XQR_A	54	93	3.3
1XQR_A	94	138	3.3
1XQR_A	139	180	3.3
1XQR_A	181	222	3.3
1XQR_A	223	268	3.3
1XQR_A	269	287	3.3
1XVG_C	18	34	3.1
1XVG_C	35	52	3.1
1XVG_C	53	68	3.1
1XVG_C	69	86	3.1
1YP2_A	118	270	3.1
1YP2_A	320	339	3.1
1YP2_A	340	366	3.1
1YP2_A	393	439	3.1
1YVP_A	26	39	3.3
1YVP_A	54	76	3.3
1YVP_A	89	121	3.3
1YVP_A	145	184	3.3
1YVP_A	206	238	3.3
1YVP_A	239	292	3.3
1YVP_A	293	320	3.3
1YVP_A	321	523	3.3
1Z1W_A	489	522	3.3
1Z1W_A	523	558	3.3
1Z1W_A	559	598	3.3
1Z1W_A	599	633	3.3
1Z1W_A	634	663	3.3
1Z1W_A	664	694	3.3
1Z1W_A	695	739	3.3
1Z1W_A	740	780	3.3
1Z2C_B	65	108	3.3
1Z2C_B	109	161	3.3
1Z2C_B	162	214	3.3
1Z2C_B	215	264	3.3
1Z3H_A	2	33	3.3
1Z3H_A	34	78	3.3
1Z3H_A	79	117	3.3
1Z3H_A	118	161	3.3
1Z3H_A	162	218	3.3
1Z3H_A	219	276	3.3
1Z3H_A	277	322	3.3
1Z3H_A	323	392	3.3
1Z3H_A	393	451	3.3
1Z3H_A	452	490	3.3
1Z3H_A	491	528	3.3
1Z3H_A	543	588	3.3
1Z3H_A	589	630	3.3
1Z3H_A	631	676	3.3
1Z3H_A	677	717	3.3
1Z3H_A	718	750	3.3
1Z3H_A	751	794	3.3
1Z3H_A	795	844	3.3
1Z3H_A	845	871	3.3
1Z3H_A	917	931	3.3
1Z3H_A	932	959	3.3
1Z7X_W	3	29	3.2
1Z7X_W	30	55	3.2
1Z7X_W	56	82	3.2
1Z7X_W	83	112	3.2
1Z7X_W	113	139	3.2
1Z7X_W	140	169	3.2
1Z7X_W	170	197	3.2
1Z7X_W	198	226	3.2
1Z7X_W	227	253	3.2
1Z7X_W	254	284	3.2
1Z7X_W	285	310	3.2
1Z7X_W	311	340	3.2
1Z7X_W	341	367	3.2
1Z7X_W	368	398	3.2
1Z7X_W	399	425	3.2
1Z7X_W	426	456	3.2
1ZHX_A	319	347	3.3
1ZHX_A	348	360	3.3
1ZHX_A	383	421	3.3
2A0Z_A	13	33	3.2
2A0Z_A	34	57	3.2
2A0Z_A	58	81	3.2
2A0Z_A	82	105	3.2
2A0Z_A	106	129	3.2
2A0Z_A	130	153	3.2
2A0Z_A	154	175	3.2
2A0Z_A	176	200	3.2
2A0Z_A	201	230	3.2
2A0Z_A	231	256	3.2
2A0Z_A	257	280	3.2
2A0Z_A	281	304	3.2
2A0Z_A	305	337	3.2
2A0Z_A	338	361	3.2
2A0Z_A	362	389	3.2
2A0Z_A	390	413	3.2
2A0Z_A	414	438	3.2
2A0Z_A	439	462	3.2
2A0Z_A	463	488	3.2
2A0Z_A	489	512	3.2
2A0Z_A	513	544	3.2
2A0Z_A	545	568	3.2
2A0Z_A	569	592	3.2
2A0Z_A	593	617	3.2
2A0Z_A	618	644	3.2
2AJA_A	56	90	3.3
2AJA_A	91	121	3.3
2AJA_A	125	155	3.3
2AJA_A	160	193	3.3
2AJA_A	195	222	3.3
2AJA_A	224	269	3.3
2AJA_A	270	309	3.3
2AJA_A	310	341	3.3
2AW6_A	1	39	3.3
2AW6_A	40	68	3.3
2AW6_A	69	104	3.3
2AW6_A	105	142	3.3
2AW6_A	143	178	3.3
2AW6_A	179	224	3.3
2AW6_A	225	264	3.3
2B0R_A	49	68	3.1
2B0R_A	69	87	3.1
2B0R_A	88	107	3.1
2B0R_A	108	125	3.1
2B0R_A	126	145	3.1
2B0R_A	146	167	3.1
2B6C_A	52	86	3.3
2B6C_A	87	120	3.3
2B6C_A	121	158	3.3
2B6C_A	159	189	3.3
2B6C_A	190	216	3.3
2BF0_X	13	41	3.3
2BF0_X	42	81	3.3
2BF0_X	82	125	3.3
2BKG_A	13	46	3.3
2BKG_A	47	79	3.3
2BKG_A	80	112	3.3
2BKG_A	113	145	3.3
2BKG_A	146	165	3.3
2BKK_B	14	47	3.3
2BKK_B	48	79	3.3
2BKK_B	80	112	3.3
2BKK_B	113	145	3.3
2BKK_B	146	165	3.3
2BKU_B	2	36	3.3
2BKU_B	37	70	3.3
2BKU_B	71	106	3.3
2BKU_B	107	144	3.3
2BKU_B	145	190	3.3
2BKU_B	191	235	3.3
2BKU_B	236	276	3.3
2BKU_B	277	337	3.3
2BKU_B	338	379	3.3
2BKU_B	380	422	3.3
2BKU_B	423	465	3.3
2BKU_B	466	511	3.3
2BKU_B	512	558	3.3
2BKU_B	559	608	3.3
2BKU_B	609	652	3.3
2BKU_B	653	690	3.3
2BKU_B	691	736	3.3
2BKU_B	737	788	3.3
2BKU_B	789	839	3.3
2BM4_A	5	24	3.1
2BM4_A	25	45	3.1
2BM4_A	46	65	3.1
2BM4_A	66	85	3.1
2BM4_A	86	105	3.1
2BM4_A	106	125	3.1
2BM4_A	126	145	3.1
2BNX_A	4	34	3.3
2BNX_A	47	87	3.3
2BNX_A	100	131	3.3
2BNX_A	132	152	3.3
2BNX_A	153	185	3.3
2BNX_A	204	232	3.3
2BNX_A	248	267	3.3
2BNX_A	268	304	3.3
2BNX_A	332	342	3.3
2BUG_A	20	52	3.3
2BUG_A	53	86	3.3
2BUG_A	87	121	3.3
2C1T_A	13	57	3.3
2C1T_A	58	99	3.3
2C1T_A	100	141	3.3
2C1T_A	142	182	3.3
2C1T_A	183	224	3.3
2C1T_A	225	267	3.3
2C1T_A	268	309	3.3
2C1T_A	310	353	3.3
2C1T_A	354	407	3.3
2C2L_A	2	35	3.3
2C2L_A	36	68	3.3
2C2L_A	69	110	3.3
2D2S_A	16	52	3.3
2D2S_A	61	88	3.3
2D2S_A	89	120	3.3
2D2S_A	121	153	3.3
2D2S_A	154	183	3.3
2D2S_A	184	193	3.3
2D2S_A	198	235	3.3
2DB0_A	20	44	3.3
2DB0_A	45	82	3.3
2DB0_A	83	119	3.3
2DB0_A	120	157	3.3
2DB0_A	158	193	3.3
2DB0_A	194	228	3.3
2DVW_A	8	39	3.3
2DVW_A	40	72	3.3
2DVW_A	73	105	3.3
2DVW_A	106	138	3.3
2DVW_A	139	171	3.3
2DVW_A	172	204	3.3
2DVW_A	205	229	3.3
2F37_A	6	48	3.3
2F37_A	49	95	3.3
2F37_A	96	127	3.3
2F37_A	142	176	3.3
2F37_A	177	225	3.3
2F37_A	226	250	3.3
2F3L_A	52	67	3.1
2F3L_A	68	87	3.1
2F3L_A	88	107	3.1
2F3L_A	108	127	3.1
2F3L_A	128	147	3.1
2F9C_A	60	78	3.1
2F9C_A	79	96	3.1
2F9C_A	97	113	3.1
2F9C_A	114	130	3.1
2F9C_A	131	158	3.1
2F9C_A	159	175	3.1
2F9C_A	176	192	3.1
2F9C_A	193	214	3.1
2F9C_A	215	238	3.1
2F9C_A	239	256	3.1
2F9C_A	257	275	3.1
2F9C_A	276	293	3.1
2F9C_A	294	315	3.1
2FBN_A	31	70	3.3
2FBN_A	71	120	3.3
2FBN_A	121	154	3.3
2FI7_A	46	82	3.3
2FI7_A	83	116	3.3
2FI7_A	117	149	3.3
2FI7_A	150	186	3.3
2FI7_A	187	220	3.3
2FI7_A	221	251	3.3
2FO1_E	121	157	3.3
2FO1_E	158	190	3.3
2FO1_E	191	220	3.3
2FO1_E	221	276	3.3
2FO1_E	277	304	3.3
2FO1_E	305	337	3.3
2FO1_E	338	369	3.3
2FO7_A	2	33	3.3
2FO7_A	34	66	3.3
2FO7_A	34	67	3.3
2FO7_A	34	67	3.3
2FT3_A	37	57	3.2
2FT3_A	58	81	3.2
2FT3_A	82	105	3.2
2FT3_A	106	126	3.2
2FT3_A	127	150	3.2
2FT3_A	151	175	3.2
2FT3_A	176	196	3.2
2FT3_A	197	220	3.2
2FT3_A	221	244	3.2
2FT3_A	245	267	3.2
2FT3_A	268	297	3.2
2FT3_A	298	321	3.2
2GW1_B	5	36	3.3
2GW1_B	37	70	3.3
2GW1_B	71	106	3.3
2GW1_B	107	127	3.3
2GW1_B	155	171	3.3
2GW1_B	185	219	3.3
2GW1_B	236	267	3.3
2GW1_B	268	301	3.3
2GW1_B	302	334	3.3
2GW1_B	335	369	3.3
2GW1_B	370	406	3.3
2GW1_B	407	446	3.3
2GW1_B	447	485	3.3
2GW1_B	486	502	3.3
2HR2_A	3	50	3.3
2HR2_A	51	91	3.3
2HR2_A	92	136	3.3
2HYE_C	77	128	3.3
2HYE_C	129	206	3.3
2HYE_C	207	255	3.3
2HYE_C	256	314	3.3
2HYE_C	315	354	3.3
2HYE_C	355	402	3.3
2HYE_C	403	444	3.3
2HYE_C	445	484	3.3
2I2O_A	11	48	3.3
2I2O_A	49	98	3.3
2I2O_A	99	143	3.3
2I2O_A	144	186	3.3
2IC7_A	35	77	3.1
2IC7_A	78	109	3.1
2IC7_A	135	163	3.1
2IFU_A	3	30	3.3
2IFU_A	31	71	3.3
2IFU_A	72	111	3.3
2IFU_A	112	150	3.3
2IFU_A	151	170	3.3
2IFU_A	171	226	3.3
2IFU_A	227	246	3.3
2IFU_A	247	277	3.3
2ILR_A	9	48	3.3
2ILR_A	49	83	3.3
2ILR_A	84	122	3.3
2ILR_A	123	157	3.3
2ILR_A	158	191	3.3
2ILR_A	192	232	3.3
2ILR_A	233	263	3.3
2INU_A	55	79	3.1
2INU_A	80	138	3.1
2INU_A	139	173	3.1
2INU_A	174	195	3.1
2INU_A	196	218	3.1
2INU_A	219	242	3.1
2INU_A	243	265	3.1
2INU_A	266	289	3.1
2INU_A	290	327	3.1
2INU_A	328	361	3.1
2INU_A	362	386	3.1
2INU_A	387	404	3.1
2IOU_G	1	25	3.1
2IOU_G	26	51	3.1
2IOU_G	52	83	3.1
2IOU_G	84	113	3.1
2IOU_G	114	135	3.1
2IOU_G	136	165	3.1
2IOU_G	166	192	3.1
2IOU_G	193	215	3.1
2IOU_G	216	227	3.1
2IOU_G	265	288	3.1
2IOU_G	289	321	3.1
2IOU_G	322	344	3.1
2IOU_G	345	374	3.1
2IOU_G	375	398	3.1
2IOU_G	399	423	3.1
2IOU_G	433	465	3.1
2IOU_G	466	502	3.1
2IQ7_A	29	56	3.1
2IQ7_A	57	99	3.1
2IQ7_A	100	121	3.1
2IQ7_A	122	153	3.1
2IQ7_A	154	174	3.1
2IQ7_A	175	198	3.1
2IQ7_A	199	226	3.1
2IQ7_A	227	255	3.1
2IQ7_A	256	293	3.1
2IQ7_A	294	324	3.1
2IU8_A	126	140	3.1
2IU8_A	141	158	3.1
2IU8_A	159	176	3.1
2IU8_A	177	194	3.1
2IU8_A	195	232	3.1
2IU8_A	233	254	3.1
2IU8_A	255	272	3.1
2IU8_A	273	290	3.1
2IU8_A	291	308	3.1
2IU8_A	309	324	3.1
2J8K_A	36	55	3.1
2J8K_A	56	75	3.1
2J8K_A	76	95	3.1
2J8K_A	96	115	3.1
2J8K_A	116	135	3.1
2J8K_A	136	155	3.1
2J8K_A	156	175	3.1
2J8K_A	176	191	3.1
2J8S_D	13	46	3.3
2J8S_D	47	79	3.3
2J8S_D	80	112	3.3
2J8S_D	113	145	3.3
2J8S_D	146	166	3.3
2JAK_A	63	108	3.3
2JAK_A	137	162	3.3
2JAK_A	163	200	3.3
2JAK_A	201	237	3.3
2JAK_A	248	269	3.3
2JAK_A	270	302	3.3
2JAK_A	328	363	3.3
2JDQ_A	33	77	3.3
2JDQ_A	78	119	3.3
2JDQ_A	120	161	3.3
2JDQ_A	162	204	3.3
2JDQ_A	205	246	3.3
2JDQ_A	247	289	3.3
2JDQ_A	290	331	3.3
2JDQ_A	332	373	3.3
2JDQ_A	374	414	3.3
2JF2_A	6	23	3.1
2JF2_A	24	41	3.1
2JF2_A	42	65	3.1
2JF2_A	66	95	3.1
2JF2_A	96	120	3.1
2JF2_A	121	138	3.1
2JF2_A	139	156	3.1
2JF2_A	157	183	3.1
2JQD_A	26	50	3.2
2JQD_A	51	72	3.2
2JQD_A	73	96	3.2
2JQD_A	97	121	3.2
2JQD_A	122	148	3.2
2LNI_A	15	47	3.3
2LNI_A	48	81	3.3
2LNI_A	82	115	3.3
2MHK_A	27	51	3.3
2MHK_A	52	87	3.3
2MHK_A	88	124	3.3
2MHK_A	125	160	3.3
2MHK_A	161	191	3.3
2MHK_A	192	227	3.3
2ML1_A	8	25	3.1
2ML1_A	26	43	3.1
2ML1_A	44	73	3.1
2ML1_A	74	90	3.1
2ML2_A	9	26	3.1
2ML2_A	27	43	3.1
2ML2_A	44	61	3.1
2ML2_A	62	91	3.1
2ML2_A	92	152	3.1
2ML3_A	9	26	3.1
2ML3_A	27	43	3.1
2ML3_A	44	61	3.1
2ML3_A	62	91	3.1
2ML3_A	92	144	3.1
2N3D_A	39	54	3.1
2N3D_A	55	70	3.1
2N3D_A	71	87	3.1
2N3D_A	88	101	3.1
2N3D_A	102	118	3.1
2N3D_A	119	136	3.1
2N3T_A	21	56	3.3
2N3T_A	57	96	3.3
2N3T_A	97	130	3.3
2NC9_A	1	36	3.3
2NC9_A	55	94	3.3
2NC9_A	95	130	3.3
2NPO_A	77	94	3.1
2NPO_A	95	114	3.1
2NPO_A	115	132	3.1
2NPO_A	133	150	3.1
2NPO_A	151	168	3.1
2NPO_A	169	184	3.1
2NPP_B	39	83	3.3
2NPP_B	84	151	3.3
2NPP_B	152	193	3.3
2NPP_B	194	234	3.3
2NPP_B	235	278	3.3
2NPP_B	279	316	3.3
2NPP_B	317	357	3.3
2NPP_B	358	401	3.3
2NYJ_A	14	51	3.3
2NYJ_A	52	99	3.3
2NYJ_A	100	132	3.3
2NYJ_A	149	183	3.3
2NYJ_A	184	231	3.3
2NYJ_A	232	255	3.3
2O6Q_A	20	40	3.2
2O6Q_A	41	64	3.2
2O6Q_A	65	88	3.2
2O6Q_A	89	112	3.2
2O6Q_A	113	136	3.2
2O6Q_A	137	160	3.2
2O6Q_A	161	184	3.2
2O6Q_A	185	208	3.2
2O6Q_A	209	238	3.2
2O6R_A	11	30	3.2
2O6R_A	31	54	3.2
2O6R_A	55	79	3.2
2O6R_A	80	103	3.2
2O6R_A	104	127	3.2
2O6S_A	11	31	3.2
2O6S_A	32	55	3.2
2O6S_A	56	79	3.2
2O6S_A	80	103	3.2
2O6S_A	104	127	3.2
2O6S_A	128	151	3.2
2O6S_A	152	180	3.2
2O6W_A	15	54	3.1
2O6W_A	55	71	3.1
2O6W_A	72	91	3.1
2O6W_A	92	111	3.1
2O6W_A	112	131	3.1
2O6W_A	132	150	3.1
2ODL_A	27	49	3.1
2ODL_A	50	74	3.1
2ODL_A	75	96	3.1
2ODL_A	97	138	3.1
2ODL_A	139	158	3.1
2ODL_A	159	200	3.1
2ODL_A	201	219	3.1
2ODL_A	220	248	3.1
2ODL_A	249	274	3.1
2ODL_A	275	312	3.1
2ODL_A	313	336	3.1
2ODL_A	337	366	3.1
2OF3_A	48	76	3.3
2OF3_A	77	124	3.3
2OF3_A	125	163	3.3
2OF3_A	164	199	3.3
2OF3_A	200	237	3.3
2OF3_A	238	266	3.3
2OMZ_A	48	69	3.2
2OMZ_A	70	92	3.2
2OMZ_A	93	113	3.2
2OMZ_A	114	135	3.2
2OMZ_A	136	157	3.2
2OMZ_A	158	178	3.2
2OMZ_A	179	200	3.2
2OMZ_A	201	222	3.2
2OMZ_A	223	244	3.2
2OMZ_A	245	266	3.2
2OMZ_A	267	288	3.2
2OMZ_A	289	310	3.2
2OMZ_A	311	332	3.2
2OMZ_A	333	354	3.2
2OMZ_A	355	376	3.2
2OND_A	1	47	3.3
2OND_A	48	92	3.3
2OND_A	93	129	3.3
2OND_A	130	163	3.3
2OND_A	164	200	3.3
2OND_A	201	237	3.3
2OND_A	238	272	3.3
2P1M_B	10	23	3.2
2P1M_B	24	46	3.2
2P1M_B	47	69	3.2
2P1M_B	70	108	3.2
2P1M_B	109	133	3.2
2P1M_B	134	159	3.2
2P1M_B	160	187	3.2
2P1M_B	188	214	3.2
2P1M_B	215	237	3.2
2P1M_B	238	268	3.2
2P1M_B	269	292	3.2
2P1M_B	293	316	3.2
2P1M_B	317	357	3.2
2P1M_B	358	375	3.2
2P1M_B	376	400	3.2
2P1M_B	401	435	3.2
2P1M_B	436	459	3.2
2P1M_B	460	483	3.2
2P1M_B	484	507	3.2
2P1M_B	508	552	3.2
2P1M_B	553	576	3.2
2P2C_P	13	46	3.3
2P2C_P	47	79	3.3
2P2C_P	80	112	3.3
2P2C_P	113	145	3.3
2P2C_P	146	166	3.3
2PL2_A	4	37	3.3
2PL2_A	38	69	3.3
2PL2_A	70	116	3.3
2PL2_A	117	149	3.3
2PL2_A	150	183	3.3
2PYG_A	29	60	3.1
2PYG_A	61	95	3.1
2PYG_A	96	131	3.1
2PYG_A	132	154	3.1
2PYG_A	155	179	3.1
2PYG_A	180	204	3.1
2PYG_A	205	232	3.1
2PYG_A	233	256	3.1
2PYG_A	257	279	3.1
2PYG_A	280	319	3.1
2PYG_A	320	347	3.1
2PYG_A	348	367	3.1
2Q7F_A	56	89	3.3
2Q7F_A	90	123	3.3
2Q7F_A	124	157	3.3
2Q7F_A	158	191	3.3
2Q7F_A	192	223	3.3
2QFC_A	71	107	3.3
2QFC_A	108	150	3.3
2QFC_A	151	191	3.3
2QFC_A	192	230	3.3
2QFC_A	231	270	3.3
2QK1_A	13	52	3.3
2QK1_A	53	97	3.3
2QK1_A	98	143	3.3
2QK1_A	144	180	3.3
2QK1_A	181	222	3.3
2QK1_A	223	248	3.3
2QK2_A	11	50	3.3
2QK2_A	51	91	3.3
2QK2_A	92	130	3.3
2QK2_A	131	168	3.3
2QK2_A	169	208	3.3
2QK2_A	209	240	3.3
2QNA_A	17	59	3.3
2QNA_A	60	102	3.3
2QNA_A	103	145	3.3
2QNA_A	146	209	3.3
2QNA_A	210	251	3.3
2QNA_A	252	293	3.3
2QNA_A	294	336	3.3
2QNA_A	337	391	3.3
2QNA_A	392	438	3.3
2QNA_A	452	493	3.3
2QNA_A	494	535	3.3
2QNA_A	536	575	3.3
2QNA_A	576	623	3.3
2QNA_A	624	684	3.3
2QNA_A	685	729	3.3
2QV3_A	2	12	3.1
2QV3_A	31	57	3.1
2QV3_A	58	94	3.1
2QV3_A	95	115	3.1
2QV3_A	116	140	3.1
2QV3_A	141	157	3.1
2QV3_A	158	185	3.1
2QV3_A	186	212	3.1
2QV3_A	213	234	3.1
2QV3_A	235	265	3.1
2QV3_A	266	286	3.1
2QV3_A	287	324	3.1
2QV3_A	325	345	3.1
2QX3_A	38	61	3.2
2QX3_A	62	72	3.2
2QX3_A	73	82	3.2
2QX3_A	83	112	3.2
2QX3_A	113	133	3.2
2QX3_A	134	149	3.2
2QX3_A	150	168	3.2
2QX3_A	169	198	3.2
2QX3_A	199	220	3.2
2QX3_A	221	243	3.2
2QX3_A	244	268	3.2
2QX5_A	33	50	3.3
2QX5_A	51	84	3.3
2QX5_A	101	122	3.3
2QX5_A	123	145	3.3
2QX5_A	146	178	3.3
2QX5_A	227	239	3.3
2QX5_A	240	266	3.3
2QX5_A	277	295	3.3
2QX5_A	296	320	3.3
2QX5_A	321	336	3.3
2QX5_A	371	404	3.3
2QX5_A	405	439	3.3
2QX5_A	440	456	3.3
2QX5_A	457	482	3.3
2QX5_A	483	506	3.3
2QX5_A	507	535	3.3
2QX5_A	536	566	3.3
2QX5_A	575	592	3.3
2QX5_A	593	639	3.3
2QYJ_A	14	46	3.3
2QYJ_A	47	79	3.3
2QYJ_A	47	79	3.3
2QYJ_A	113	145	3.3
2QYJ_A	146	166	3.3
2QYU_A	8	33	3.3
2QYU_A	46	163	3.3
2QYU_A	164	230	3.3
2QYU_A	242	314	3.3
2QYU_A	315	353	3.3
2QYU_A	354	437	3.3
2QYU_A	438	476	3.3
2QYU_A	477	505	3.3
2QYU_A	527	573	3.3
2QYU_A	574	614	3.3
2R9U_A	16	36	3.2
2R9U_A	37	60	3.2
2R9U_A	61	84	3.2
2R9U_A	85	108	3.2
2R9U_A	109	137	3.2
2RA8_A	80	110	3.2
2RA8_A	111	142	3.2
2RA8_A	143	175	3.2
2RA8_A	176	196	3.2
2RA8_A	197	222	3.2
2RA8_A	223	255	3.2
2RA8_A	256	282	3.2
2RA8_A	285	310	3.2
2RA8_A	311	332	3.2
2RFM_A	35	67	3.3
2RFM_A	68	100	3.3
2RFM_A	101	133	3.3
2RFM_A	134	166	3.3
2RFM_A	167	191	3.3
2RIJ_A	241	256	3.1
2RIJ_A	258	273	3.1
2RIJ_A	274	300	3.1
2RIJ_A	301	315	3.1
2UVE_A	52	88	3.2
2UVE_A	89	112	3.2
2UVE_A	113	124	3.2
2UVE_A	125	144	3.2
2UVE_A	145	155	3.2
2UVE_A	156	192	3.2
2UVE_A	193	212	3.2
2UVE_A	213	231	3.2
2UVE_A	232	251	3.2
2UVE_A	252	271	3.2
2UVE_A	272	304	3.2
2UVE_A	305	321	3.2
2UVE_A	322	332	3.2
2UVE_A	333	361	3.2
2UVE_A	362	388	3.2
2UVE_A	389	420	3.2
2UVE_A	421	443	3.2
2UVE_A	444	468	3.2
2UVE_A	469	501	3.2
2UVE_A	502	515	3.2
2UVE_A	516	550	3.2
2UVE_A	551	567	3.2
2UVE_A	568	592	3.2
2UWJ_G	2	36	3.3
2UWJ_G	37	67	3.3
2UWJ_G	68	99	3.3
2UY1_A	14	44	3.3
2UY1_A	45	80	3.3
2UY1_A	81	121	3.3
2UY1_A	122	170	3.3
2UY1_A	171	211	3.3
2UY1_A	212	243	3.3
2UY1_A	244	270	3.3
2UY1_A	282	314	3.3
2UY1_A	315	352	3.3
2UY1_A	353	382	3.3
2UY1_A	383	417	3.3
2V0H_A	253	272	3.1
2V0H_A	273	290	3.1
2V0H_A	291	307	3.1
2V0H_A	308	324	3.1
2V0H_A	325	342	3.1
2V0H_A	343	359	3.1
2V0H_A	360	376	3.1
2V0H_A	377	401	3.1
2V0H_A	402	419	3.1
2V0H_A	420	435	3.1
2V4H_C	13	46	3.3
2V4H_C	47	79	3.3
2V4H_C	80	112	3.3
2V4H_C	113	136	3.3
2V5I_A	36	58	3.1
2V5I_A	59	80	3.1
2V5I_A	81	162	3.1
2V5I_A	163	182	3.1
2V5I_A	183	211	3.1
2V5I_A	212	237	3.1
2V5I_A	238	270	3.1
2V5I_A	271	321	3.1
2V5I_A	322	344	3.1
2V5I_A	345	365	3.1
2V5I_A	366	392	3.1
2V5I_A	393	428	3.1
2V5Q_C	13	46	3.3
2V5Q_C	47	79	3.3
2V5Q_C	80	112	3.3
2V5Q_C	113	136	3.3
2V70_A	14	34	3.2
2V70_A	35	59	3.2
2V70_A	60	84	3.2
2V70_A	85	107	3.2
2V70_A	108	131	3.2
2V70_A	132	156	3.2
2V70_A	157	184	3.2
2V9S_A	15	35	3.2
2V9S_A	36	59	3.2
2V9S_A	60	83	3.2
2V9S_A	84	107	3.2
2V9S_A	108	131	3.2
2V9S_A	132	155	3.2
2V9S_A	156	182	3.2
2VBE_A	89	107	3.1
2VBE_A	108	142	3.1
2VBE_A	143	172	3.1
2VBE_A	173	194	3.1
2VBE_A	195	218	3.1
2VBE_A	219	255	3.1
2VBE_A	256	284	3.1
2VBE_A	287	303	3.1
2VBE_A	304	338	3.1
2VBE_A	339	368	3.1
2VBE_A	369	391	3.1
2VBE_A	392	410	3.1
2VBE_A	411	431	3.1
2VGX_A	21	53	3.3
2VGX_A	54	86	3.3
2VGX_A	88	120	3.3
2VJI_A	80	110	3.1
2VJI_A	111	147	3.1
2VJI_A	148	180	3.1
2VJI_A	181	212	3.1
2VJI_A	213	237	3.1
2VJI_A	238	265	3.1
2VJI_A	266	300	3.1
2VJI_A	301	327	3.1
2VJI_A	328	359	3.1
2VJI_A	360	400	3.1
2VJI_A	401	424	3.1
2VJI_A	425	461	3.1
2VJI_A	462	483	3.1
2VJI_A	484	509	3.1
2VQ2_A	6	40	3.3
2VQ2_A	41	74	3.3
2VQ2_A	75	110	3.3
2VQ2_A	111	145	3.3
2VQ2_A	146	177	3.3
2VQ2_A	178	214	3.3
2VVN_A	33	133	3.3
2VVN_A	162	208	3.3
2VVN_A	209	253	3.3
2VVN_A	272	313	3.3
2VVN_A	339	414	3.3
2VVN_A	442	520	3.3
2VVN_A	521	574	3.3
2VVN_A	575	603	3.3
2VXG_A	15	46	3.3
2VXG_A	53	89	3.3
2VXG_A	90	135	3.3
2VYI_A	8	44	3.3
2VYI_A	45	78	3.3
2VYI_A	79	112	3.3
2W7Z_A	28	48	3.1
2W7Z_A	49	68	3.1
2W7Z_A	69	87	3.1
2W7Z_A	88	107	3.1
2W7Z_A	108	127	3.1
2W7Z_A	128	147	3.1
2W7Z_A	148	167	3.1
2W7Z_A	168	187	3.1
2WFH_A	17	33	3.2
2WFH_A	34	56	3.2
2WFH_A	57	80	3.2
2WFH_A	81	104	3.2
2WFH_A	105	129	3.2
2WFH_A	130	156	3.2
2WLC_A	13	34	3.1
2WLC_A	35	56	3.1
2WLC_A	57	77	3.1
2WLC_A	78	98	3.1
2WLC_A	99	137	3.1
2WLC_A	138	155	3.1
2WLC_A	156	173	3.1
2WPV_C	11	48	3.3
2WPV_C	49	87	3.3
2WPV_C	88	129	3.3
2WPV_C	130	161	3.3
2WPV_C	162	201	3.3
2WPV_C	202	257	3.3
2WPV_C	258	289	3.3
2X19_B	22	69	3.3
2X19_B	70	114	3.3
2X19_B	115	152	3.3
2X19_B	161	215	3.3
2X19_B	216	251	3.3
2X19_B	252	300	3.3
2X19_B	301	352	3.3
2X19_B	353	411	3.3
2X19_B	412	462	3.3
2X19_B	463	501	3.3
2X19_B	502	542	3.3
2X19_B	543	581	3.3
2X19_B	582	629	3.3
2X19_B	630	697	3.3
2X19_B	698	740	3.3
2X19_B	741	783	3.3
2X19_B	784	828	3.3
2X19_B	829	877	3.3
2X19_B	878	916	3.3
2X19_B	917	953	3.3
2X1G_F	11	37	3.3
2X1G_F	38	76	3.3
2X1G_F	77	119	3.3
2X1G_F	126	162	3.3
2X1G_F	163	178	3.3
2X1G_F	179	223	3.3
2X1G_F	224	274	3.3
2X1G_F	275	326	3.3
2X1G_F	327	366	3.3
2X1G_F	367	417	3.3
2X1G_F	418	452	3.3
2X1G_F	453	493	3.3
2X1G_F	501	538	3.3
2X1G_F	544	559	3.3
2X1G_F	560	599	3.3
2X1G_F	600	636	3.3
2X1G_F	637	672	3.3
2X1G_F	686	726	3.3
2X1G_F	730	744	3.3
2X1G_F	748	790	3.3
2X1G_F	791	826	3.3
2X1G_F	827	872	3.3
2X1G_F	873	907	3.3
2X1G_F	908	930	3.3
2X1G_F	931	965	3.3
2X3H_A	93	110	3.1
2X3H_A	111	136	3.1
2X3H_A	137	165	3.1
2X3H_A	166	189	3.1
2X3H_A	190	223	3.1
2X3H_A	224	248	3.1
2X3H_A	249	273	3.1
2X3H_A	274	297	3.1
2X3H_A	298	324	3.1
2X3H_A	325	356	3.1
2X3H_A	357	379	3.1
2X6F_A	60	89	3.3
2X6F_A	90	121	3.3
2X6F_A	122	155	3.3
2X6F_A	274	307	3.3
2XC1_A	9	23	3.1
2XC1_A	24	79	3.1
2XC1_A	80	92	3.1
2XC1_A	93	110	3.1
2XC1_A	111	130	3.1
2XC1_A	131	160	3.1
2XC1_A	161	183	3.1
2XC1_A	184	197	3.1
2XC1_A	198	233	3.1
2XC1_A	234	259	3.1
2XC1_A	260	281	3.1
2XC1_A	282	304	3.1
2XC1_A	305	332	3.1
2XC1_A	333	360	3.1
2XC1_A	361	392	3.1
2XC1_A	393	436	3.1
2XC1_A	437	458	3.1
2XC1_A	459	487	3.1
2XC1_A	488	507	3.1
2XC1_A	508	551	3.1
2XC1_A	552	578	3.1
2XC1_A	579	600	3.1
2XC1_A	601	614	3.1
2XC1_A	615	664	3.1
2XCB_A	15	50	3.3
2XCB_A	51	84	3.3
2XCB_A	85	118	3.3
2XEE_A	2	34	3.3
2XEE_A	35	67	3.3
2XEE_A	35	67	3.3
2XEE_A	101	133	3.3
2XEE_A	134	156	3.3
2XEQ_B	7	63	3.3
2XEQ_B	70	108	3.3
2XEQ_B	109	161	3.3
2XEQ_B	162	223	3.3
2XEV_A	18	54	3.3
2XEV_A	55	91	3.3
2XEV_A	92	123	3.3
2XOT_B	22	42	3.2
2XOT_B	43	67	3.2
2XOT_B	68	91	3.2
2XOT_B	92	115	3.2
2XOT_B	116	139	3.2
2XOT_B	140	166	3.2
2XOT_B	167	192	3.2
2XOT_B	193	217	3.2
2XPI_A	83	114	3.3
2XPI_A	115	148	3.3
2XPI_A	149	182	3.3
2XPI_A	197	230	3.3
2XPI_A	231	266	3.3
2XPI_A	267	304	3.3
2XPI_A	305	335	3.3
2XPI_A	336	369	3.3
2XPI_A	370	403	3.3
2XPI_A	404	439	3.3
2XPI_A	440	471	3.3
2XPI_A	472	510	3.3
2XPI_A	511	548	3.3
2XPI_A	549	580	3.3
2XT2_A	3	20	3.1
2XT2_A	21	41	3.1
2XT2_A	42	61	3.1
2XT2_A	62	81	3.1
2XT2_A	82	111	3.1
2XT2_A	112	141	3.1
2XT2_A	142	162	3.1
2XT2_A	163	182	3.1
2XTW_A	1	12	3.1
2XTW_A	13	33	3.1
2XTW_A	34	58	3.1
2XTW_A	59	79	3.1
2XTW_A	80	98	3.1
2XTW_A	99	124	3.1
2XTW_A	125	144	3.1
2XTW_A	145	164	3.1
2XTW_A	165	186	3.1
2XTW_A	187	200	3.1
2XWT_C	13	32	3.2
2XWT_C	33	56	3.2
2XWT_C	57	82	3.2
2XWT_C	83	107	3.2
2XWT_C	108	130	3.2
2XWT_C	131	156	3.2
2XWT_C	157	179	3.2
2XWT_C	180	205	3.2
2XWT_C	206	227	3.2
2Y0B_G	14	46	3.3
2Y0B_G	47	79	3.3
2Y0B_G	80	112	3.3
2Y0B_G	113	131	3.3
2Y1L_E	13	47	3.3
2Y1L_E	48	80	3.3
2Y1L_E	81	113	3.3
2Y1L_E	114	146	3.3
2Y1L_E	147	168	3.3
2Y5Q_A	50	71	3.2
2Y5Q_A	72	93	3.2
2Y5Q_A	94	115	3.2
2Y5Q_A	116	137	3.2
2Y5Q_A	138	159	3.2
2Y5Q_A	160	181	3.2
2Y5Q_A	182	203	3.2
2YHC_A	3	19	3.3
2YHC_A	20	56	3.3
2YHC_A	57	93	3.3
2YHC_A	110	147	3.3
2YHC_A	148	162	3.3
2YHC_A	163	199	3.3
2YHC_A	200	217	3.3
2YJY_A	20	48	3.3
2YJY_A	49	84	3.3
2YJY_A	85	119	3.3
2YJY_A	120	156	3.3
2YJY_A	157	192	3.3
2YJY_A	193	228	3.3
2YJY_A	229	264	3.3
2YJY_A	265	307	3.3
2YJY_A	308	338	3.3
2YNQ_A	9	38	3.3
2YNQ_A	39	71	3.3
2YNQ_A	72	103	3.3
2YNQ_A	104	138	3.3
2YNZ_B	6	38	3.3
2YNZ_B	39	77	3.3
2YNZ_B	78	110	3.3
2YO1_B	135	150	3.1
2YO1_B	205	215	3.1
2YO1_B	256	271	3.1
2YPF_A	71	100	3.3
2YPF_A	101	134	3.3
2YPF_A	135	168	3.3
2YPF_A	137	165	3.3
2YPF_A	137	168	3.3
2YPF_A	137	170	3.3
2YPF_A	137	171	3.3
2YPF_A	138	170	3.3
2YPF_A	169	202	3.3
2YPF_A	171	204	3.3
2YPF_A	171	204	3.3
2YPF_A	203	238	3.3
2YPF_A	203	238	3.3
2YPF_A	205	236	3.3
2YPF_A	205	238	3.3
2YPF_A	205	238	3.3
2YPF_A	205	239	3.3
2YPF_A	373	408	3.3
2YPF_A	648	680	3.3
2YUH_A	17	38	3.1
2YUH_A	39	57	3.1
2YUH_A	58	76	3.1
2YUH_A	77	93	3.1
2YUH_A	94	111	3.1
2Z63_A	11	31	3.2
2Z63_A	32	55	3.2
2Z63_A	56	79	3.2
2Z63_A	80	103	3.2
2Z63_A	104	127	3.2
2Z63_A	128	152	3.2
2Z63_A	153	180	3.2
2Z63_A	181	199	3.2
2Z63_A	200	226	3.2
2Z63_A	227	256	3.2
2Z63_A	257	285	3.2
2Z63_A	286	306	3.2
2Z63_A	307	328	3.2
2Z63_A	329	350	3.2
2Z63_A	351	376	3.2
2Z63_A	377	399	3.2
2Z63_A	400	424	3.2
2Z63_A	425	448	3.2
2Z63_A	449	473	3.2
2Z63_A	474	497	3.2
2Z63_A	498	521	3.2
2Z63_A	522	550	3.2
2Z66_A	11	31	3.2
2Z66_A	32	55	3.2
2Z66_A	56	81	3.2
2Z66_A	82	104	3.2
2Z66_A	105	129	3.2
2Z66_A	130	153	3.2
2Z66_A	154	178	3.2
2Z66_A	179	202	3.2
2Z66_A	203	226	3.2
2Z66_A	227	251	3.2
2Z66_A	252	281	3.2
2Z6G_A	163	204	3.3
2Z6G_A	205	247	3.3
2Z6G_A	248	288	3.3
2Z6G_A	289	330	3.3
2Z6G_A	331	373	3.3
2Z6G_A	374	411	3.3
2Z6G_A	412	456	3.3
2Z6G_A	457	501	3.3
2Z6G_A	502	551	3.3
2Z6G_A	564	604	3.3
2Z6G_A	605	647	3.3
2Z6G_A	648	681	3.3
2Z7X_A	8	29	3.2
2Z7X_A	30	53	3.2
2Z7X_A	54	77	3.2
2Z7X_A	78	101	3.2
2Z7X_A	102	126	3.2
2Z7X_A	127	148	3.2
2Z7X_A	149	172	3.2
2Z7X_A	173	197	3.2
2Z7X_A	198	225	3.2
2Z7X_A	226	254	3.2
2Z7X_A	255	284	3.2
2Z7X_A	285	313	3.2
2Z7X_A	314	337	3.2
2Z7X_A	338	364	3.2
2Z7X_A	365	390	3.2
2Z7X_A	391	413	3.2
2Z7X_A	414	434	3.2
2Z7X_A	435	454	3.2
2Z7X_A	455	476	3.2
2Z7X_A	477	500	3.2
2Z7X_A	501	529	3.2
2Z7X_A	530	549	3.2
2Z7X_B	3	24	3.2
2Z7X_B	25	48	3.2
2Z7X_B	49	72	3.2
2Z7X_B	73	92	3.2
2Z7X_B	93	118	3.2
2Z7X_B	119	139	3.2
2Z7X_B	140	164	3.2
2Z7X_B	165	190	3.2
2Z7X_B	191	223	3.2
2Z7X_B	224	250	3.2
2Z7X_B	251	276	3.2
2Z7X_B	277	304	3.2
2Z7X_B	305	327	3.2
2Z7X_B	328	351	3.2
2Z7X_B	352	377	3.2
2Z7X_B	378	402	3.2
2Z7X_B	403	424	3.2
2Z7X_B	425	447	3.2
2Z7X_B	448	471	3.2
2Z7X_B	472	496	3.2
2Z80_A	35	55	3.2
2Z80_A	56	79	3.2
2Z80_A	80	103	3.2
2Z80_A	104	127	3.2
2Z80_A	128	152	3.2
2Z80_A	153	174	3.2
2Z80_A	175	198	3.2
2Z80_A	199	223	3.2
2Z80_A	224	240	3.2
2Z80_A	253	280	3.2
2Z80_A	281	304	3.2
2Z80_A	305	333	3.2
3A1M_C	19	30	3.1
3A1M_C	31	54	3.1
3A1M_C	55	78	3.1
3A1M_C	79	99	3.1
3A79_A	35	55	3.2
3A79_A	56	79	3.2
3A79_A	80	103	3.2
3A79_A	104	127	3.2
3A79_A	128	152	3.2
3A79_A	153	174	3.2
3A79_A	175	198	3.2
3A79_A	199	225	3.2
3A79_A	226	252	3.2
3A79_A	253	280	3.2
3A79_A	281	310	3.2
3A79_A	311	339	3.2
3A79_A	340	363	3.2
3A79_A	364	390	3.2
3A79_A	391	416	3.2
3A79_A	417	439	3.2
3A79_A	440	460	3.2
3A79_A	461	480	3.2
3A79_A	481	502	3.2
3A79_A	503	526	3.2
3A79_A	527	554	3.2
3A79_B	35	55	3.2
3A79_B	56	79	3.2
3A79_B	80	103	3.2
3A79_B	104	124	3.2
3A79_B	125	149	3.2
3A79_B	150	170	3.2
3A79_B	171	195	3.2
3A79_B	196	219	3.2
3A79_B	220	250	3.2
3A79_B	251	277	3.2
3A79_B	278	305	3.2
3A79_B	306	333	3.2
3A79_B	334	356	3.2
3A79_B	357	380	3.2
3A79_B	381	406	3.2
3A79_B	407	431	3.2
3A79_B	432	453	3.2
3A79_B	454	475	3.2
3A79_B	476	499	3.2
3A79_B	500	529	3.2
3AAA_C	7	39	3.3
3AAA_C	40	72	3.3
3AAA_C	73	105	3.3
3AAA_C	106	123	3.3
3APC_A	8	22	3.3
3APC_A	38	59	3.3
3APC_A	60	172	3.3
3APC_A	412	445	3.3
3APC_A	446	483	3.3
3APC_A	484	516	3.3
3APC_A	517	551	3.3
3APC_A	552	587	3.3
3APC_A	600	619	3.3
3APC_A	624	664	3.3
3APC_A	702	742	3.3
3APC_A	755	784	3.3
3APC_A	785	857	3.3
3APC_A	886	921	3.3
3APC_A	922	941	3.3
3AQJ_B	42	64	3.1
3AQJ_B	65	90	3.1
3AQJ_B	91	115	3.1
3ASD_A	42	74	3.3
3ASD_A	75	108	3.3
3ASD_A	109	142	3.3
3ASD_A	143	174	3.3
3B2D_A	16	33	3.2
3B2D_A	34	56	3.2
3B2D_A	57	81	3.2
3B2D_A	82	105	3.2
3B2D_A	106	129	3.2
3B2D_A	130	153	3.2
3B2D_A	154	176	3.2
3B2D_A	177	199	3.2
3B2D_A	200	222	3.2
3B2D_A	223	258	3.2
3B2D_A	259	277	3.2
3B2D_A	278	301	3.2
3B2D_A	302	324	3.2
3B2D_A	325	350	3.2
3B2D_A	351	375	3.2
3B2D_A	376	400	3.2
3B2D_A	401	424	3.2
3B2D_A	425	449	3.2
3B2D_A	450	475	3.2
3B2D_A	476	500	3.2
3B2D_A	501	522	3.2
3B2D_A	523	551	3.2
3B2D_A	552	572	3.2
3B2P_A	581	628	3.3
3B2P_A	629	689	3.3
3B2P_A	690	729	3.3
3B2P_A	730	762	3.3
3B2P_A	763	798	3.3
3B2P_A	799	839	3.3
3B2P_A	840	878	3.3
3B2U_A	2	32	3.2
3B2U_A	33	69	3.2
3B2U_A	70	94	3.2
3B2U_A	95	124	3.2
3B2U_A	125	151	3.2
3B4N_A	40	71	3.1
3B4N_A	72	133	3.1
3B4N_A	134	159	3.1
3B4N_A	160	180	3.1
3B4N_A	181	200	3.1
3B4N_A	201	230	3.1
3B4N_A	231	263	3.1
3B4N_A	264	289	3.1
3B4N_A	290	322	3.1
3BH7_B	46	68	3.1
3BH7_B	69	87	3.1
3BH7_B	88	106	3.1
3BH7_B	107	122	3.1
3BH7_B	123	141	3.1
3BOI_B	2	15	3.1
3BOI_B	16	37	3.1
3BOI_B	38	67	3.1
3BOI_B	68	79	3.1
3BQ3_A	13	42	3.3
3BQ3_A	43	73	3.3
3BQ3_A	74	159	3.3
3BQ3_A	160	202	3.3
3BQ3_A	205	240	3.3
3BQ3_A	241	270	3.3
3BSS_A	85	104	3.1
3BSS_A	105	122	3.1
3BSS_A	123	140	3.1
3BSS_A	141	158	3.1
3BSS_A	159	176	3.1
3BSS_A	177	193	3.1
3BXY_A	114	131	3.1
3BXY_A	132	148	3.1
3BXY_A	149	166	3.1
3BXY_A	167	192	3.1
3BXY_A	186	210	3.1
3BXY_A	211	241	3.1
3BZ5_A	46	67	3.2
3BZ5_A	68	88	3.2
3BZ5_A	89	109	3.2
3BZ5_A	110	130	3.2
3BZ5_A	131	151	3.2
3BZ5_A	152	173	3.2
3BZ5_A	174	194	3.2
3BZ5_A	195	215	3.2
3BZ5_A	216	236	3.2
3BZ5_A	237	257	3.2
3BZ5_A	258	278	3.2
3BZ5_A	279	300	3.2
3BZ5_A	301	321	3.2
3BZ5_A	322	342	3.2
3BZ5_A	343	360	3.2
3C2G_A	2	48	3.3
3C2G_A	49	97	3.3
3C2G_A	98	166	3.3
3C2G_A	167	201	3.3
3C2G_A	202	273	3.3
3C2G_A	274	319	3.3
3C2G_A	320	355	3.3
3C2G_A	356	421	3.3
3C2G_A	422	479	3.3
3C2G_A	480	537	3.3
3C2G_A	538	586	3.3
3C2G_A	587	619	3.3
3C72_A	48	84	3.3
3C72_A	85	127	3.3
3C72_A	128	162	3.3
3C72_A	163	199	3.3
3C72_A	209	250	3.3
3C72_A	251	290	3.3
3C72_A	291	333	3.3
3C8V_A	74	100	3.1
3C8V_A	134	172	3.1
3C8V_A	173	202	3.1
3C8V_A	203	218	3.1
3C8V_A	279	310	3.1
3C8V_A	312	342	3.1
3C8V_A	364	394	3.1
3CIG_A	8	27	3.2
3CIG_A	28	51	3.2
3CIG_A	52	75	3.2
3CIG_A	76	100	3.2
3CIG_A	101	123	3.2
3CIG_A	124	147	3.2
3CIG_A	148	171	3.2
3CIG_A	172	198	3.2
3CIG_A	199	224	3.2
3CIG_A	225	250	3.2
3CIG_A	251	274	3.2
3CIG_A	275	299	3.2
3CIG_A	300	331	3.2
3CIG_A	332	356	3.2
3CIG_A	357	383	3.2
3CIG_A	384	408	3.2
3CIG_A	409	432	3.2
3CIG_A	433	457	3.2
3CIG_A	458	482	3.2
3CIG_A	483	506	3.2
3CIG_A	507	538	3.2
3CIG_A	539	562	3.2
3CIG_A	563	586	3.2
3CIG_A	587	611	3.2
3CIG_A	612	640	3.2
3CV0_A	23	51	3.3
3CV0_A	52	85	3.3
3CV0_A	86	118	3.3
3CV0_A	142	185	3.3
3CV0_A	186	219	3.3
3CV0_A	220	253	3.3
3CV0_A	254	299	3.3
3CV0_A	300	324	3.3
3CXN_A	73	99	3.3
3CXN_A	100	137	3.3
3CXN_A	140	207	3.3
3CXN_A	208	235	3.3
3D9H_A	59	91	3.3
3D9H_A	92	124	3.3
3D9H_A	125	157	3.3
3D9H_A	158	190	3.3
3D9H_A	191	222	3.3
3D9H_A	223	254	3.3
3D9H_A	255	276	3.3
3DAD_A	41	63	3.3
3DAD_A	64	79	3.3
3DAD_A	80	148	3.3
3DAD_A	149	189	3.3
3DAD_A	190	232	3.3
3DAD_A	233	287	3.3
3DAD_A	288	339	3.3
3DRA_A	48	83	3.3
3DRA_A	84	123	3.3
3DRA_A	124	162	3.3
3DRA_A	163	197	3.3
3DRA_A	198	256	3.3
3DRA_A	257	288	3.3
3DU1_X	36	55	3.1
3DU1_X	56	75	3.1
3DU1_X	76	95	3.1
3DU1_X	96	115	3.1
3DU1_X	116	135	3.1
3DU1_X	136	160	3.1
3DU1_X	161	180	3.1
3DU1_X	181	209	3.1
3DU1_X	210	228	3.1
3DU1_X	229	250	3.1
3DZE_A	62	85	3.2
3DZE_A	86	115	3.2
3DZE_A	116	141	3.2
3DZE_A	142	168	3.2
3E4B_A	71	104	3.3
3E4B_A	105	139	3.3
3E4B_A	140	173	3.3
3E4B_A	174	213	3.3
3E4B_A	214	246	3.3
3E4B_A	247	281	3.3
3E4B_A	282	317	3.3
3E4B_A	318	352	3.3
3E4B_A	353	388	3.3
3E6J_A	23	42	3.2
3E6J_A	43	67	3.2
3E6J_A	68	91	3.2
3E6J_A	92	115	3.2
3E6J_A	116	137	3.2
3E6J_A	138	162	3.2
3E6J_A	163	188	3.2
3EBB_A	55	76	3.3
3EBB_A	77	114	3.3
3EBB_A	115	161	3.3
3EBB_A	162	204	3.3
3EBB_A	205	245	3.3
3EBB_A	246	287	3.3
3EBB_A	288	304	3.3
3ECT_A	57	76	3.1
3ECT_A	77	96	3.1
3ECT_A	97	132	3.1
3ECT_A	133	150	3.1
3ECT_A	151	166	3.1
3ECT_A	167	181	3.1
3EG4_A	131	148	3.1
3EG4_A	149	165	3.1
3EG4_A	166	183	3.1
3EG4_A	184	209	3.1
3EG4_A	210	227	3.1
3EG4_A	228	257	3.1
3EHQ_A	74	105	3.3
3EHQ_A	106	138	3.3
3EHQ_A	139	171	3.3
3EHQ_A	172	193	3.3
3EIJ_A	45	84	3.3
3EIJ_A	85	135	3.3
3EIJ_A	140	207	3.3
3EIJ_A	208	247	3.3
3EIJ_A	248	292	3.3
3EQN_A	11	32	3.2
3EQN_A	33	47	3.2
3EQN_A	48	78	3.2
3EQN_A	79	96	3.2
3EQN_A	97	109	3.2
3EQN_A	110	156	3.2
3EQN_A	157	181	3.2
3EQN_A	182	211	3.2
3EQN_A	212	232	3.2
3EQN_A	233	254	3.2
3EQN_A	255	272	3.2
3EQN_A	273	310	3.2
3EQN_A	311	345	3.2
3EQN_A	346	392	3.2
3EQN_A	393	435	3.2
3EQN_A	436	452	3.2
3EQN_A	453	489	3.2
3EQN_A	490	522	3.2
3EQN_A	523	569	3.2
3EQN_A	570	607	3.2
3EQN_A	608	628	3.2
3EQN_A	629	677	3.2
3EQN_A	678	716	3.2
3EQN_A	717	744	3.2
3EQN_A	745	758	3.2
3ESL_A	3	48	3.3
3ESL_A	49	93	3.3
3ESL_A	94	129	3.3
3ESL_A	130	166	3.3
3EU9_A	13	41	3.3
3EU9_A	42	76	3.3
3EU9_A	77	108	3.3
3EU9_A	109	141	3.3
3EU9_A	142	176	3.3
3EU9_A	177	209	3.3
3EU9_A	210	233	3.3
3F1X_A	192	211	3.3
3F1X_A	212	229	3.3
3F1X_A	249	264	3.3
3F1X_A	265	282	3.3
3F1X_A	283	297	3.3
3F6Q_A	7	36	3.3
3F6Q_A	37	69	3.3
3F6Q_A	70	102	3.3
3F6Q_A	103	135	3.3
3F6Q_A	136	169	3.3
3FER_A	25	53	3.3
3FER_A	54	83	3.3
3FER_A	86	113	3.3
3FER_A	114	130	3.3
3FER_A	151	183	3.3
3FER_A	204	231	3.3
3FEX_C	22	64	3.3
3FEX_C	65	107	3.3
3FEX_C	108	151	3.3
3FEX_C	155	195	3.3
3FEX_C	196	237	3.3
3FEX_C	238	280	3.3
3FEX_C	281	322	3.3
3FEX_C	323	364	3.3
3FEX_C	365	412	3.3
3FFL_A	22	58	3.3
3FFL_A	59	96	3.3
3FFL_A	119	165	3.3
3FOQ_A	21	134	3.1
3FOQ_A	260	288	3.1
3FOQ_A	289	318	3.1
3FOQ_A	341	369	3.1
3FOQ_A	370	398	3.1
3FOQ_A	418	446	3.1
3FP2_A	17	55	3.3
3FP2_A	56	89	3.3
3FP2_A	90	120	3.3
3FP2_A	191	229	3.3
3FP2_A	232	273	3.3
3FP2_A	274	306	3.3
3FP2_A	307	343	3.3
3FP2_A	344	374	3.3
3FP2_A	375	411	3.3
3FP2_A	412	458	3.3
3FP2_A	459	492	3.3
3FS8_A	4	20	3.1
3FS8_A	21	39	3.1
3FS8_A	40	74	3.1
3FS8_A	75	89	3.1
3FS8_A	90	107	3.1
3FS8_A	108	125	3.1
3FS8_A	126	143	3.1
3FS8_A	144	171	3.1
3FS8_A	172	189	3.1
3FS8_A	190	205	3.1
3FS8_A	206	226	3.1
3G3A_A	19	40	3.2
3G3A_A	41	65	3.2
3G3A_A	66	112	3.2
3G3A_A	113	141	3.2
3GJX_A	26	56	3.3
3GJX_A	57	97	3.3
3GJX_A	98	148	3.3
3GJX_A	149	181	3.3
3GJX_A	182	238	3.3
3GJX_A	239	277	3.3
3GJX_A	278	341	3.3
3GJX_A	342	404	3.3
3GJX_A	405	470	3.3
3GJX_A	471	510	3.3
3GJX_A	511	560	3.3
3GJX_A	561	604	3.3
3GJX_A	605	647	3.3
3GJX_A	648	705	3.3
3GJX_A	706	769	3.3
3GJX_A	770	814	3.3
3GJX_A	815	865	3.3
3GJX_A	866	909	3.3
3GJX_A	910	965	3.3
3GJX_A	966	1008	3.3
3GJX_A	1009	1056	3.3
3GOZ_A	2	20	3.2
3GOZ_A	21	48	3.2
3GOZ_A	49	79	3.2
3GOZ_A	80	108	3.2
3GOZ_A	109	137	3.2
3GOZ_A	138	166	3.2
3GOZ_A	167	195	3.2
3GOZ_A	196	224	3.2
3GOZ_A	225	255	3.2
3GOZ_A	256	283	3.2
3GOZ_A	284	313	3.2
3GQ2_A	18	50	3.3
3GQ2_A	51	94	3.3
3GQ2_A	105	151	3.3
3GQ2_A	152	195	3.3
3GQ2_A	196	241	3.3
3GQ2_A	242	295	3.3
3GQ2_A	296	342	3.3
3GQ2_A	343	393	3.3
3GQ2_A	394	449	3.3
3GQ2_A	450	503	3.3
3GQ2_A	504	549	3.3
3GQ2_A	561	625	3.3
3GR1_C	35	55	3.3
3GR1_C	56	80	3.3
3GR1_C	102	118	3.3
3GR1_C	129	145	3.3
3GR1_C	166	192	3.3
3GVO_A	21	49	3.3
3GVO_A	50	85	3.3
3GVO_A	86	121	3.3
3GVO_A	122	156	3.3
3GVO_A	157	192	3.3
3GVO_A	193	229	3.3
3GVO_A	230	263	3.3
3GVO_A	264	307	3.3
3GVO_A	308	344	3.3
3GW4_A	7	40	3.3
3GW4_A	41	80	3.3
3GW4_A	103	141	3.3
3GW4_A	142	180	3.3
3GYZ_A	30	66	3.3
3GYZ_A	67	103	3.3
3GYZ_A	104	134	3.3
3H3D_X	20	49	3.3
3H3D_X	50	85	3.3
3H3D_X	86	121	3.3
3H3D_X	122	156	3.3
3H3D_X	157	193	3.3
3H3D_X	194	229	3.3
3H3D_X	230	265	3.3
3H3D_X	266	304	3.3
3HG0_D	13	46	3.3
3HG0_D	47	79	3.3
3HG0_D	80	112	3.3
3HG0_D	113	135	3.3
3HJJ_A	35	75	3.1
3HJJ_A	76	107	3.1
3HJJ_A	139	167	3.1
3HJJ_A	168	180	3.1
3HRA_A	8	38	3.3
3HRA_A	39	71	3.3
3HRA_A	72	105	3.3
3HRA_A	106	139	3.3
3HRA_A	140	177	3.3
3HRA_A	178	201	3.3
3I5P_A	24	57	3.3
3I5P_A	68	99	3.3
3I5P_A	164	191	3.3
3I5P_A	192	213	3.3
3I5P_A	218	245	3.3
3I5P_A	246	305	3.3
3I5P_A	306	352	3.3
3I5P_A	353	403	3.3
3I5P_A	404	443	3.3
3I5P_A	444	480	3.3
3I5P_A	481	515	3.3
3IBV_A	3	38	3.3
3IBV_A	39	75	3.3
3IBV_A	76	126	3.3
3IBV_A	127	161	3.3
3IBV_A	206	243	3.3
3IBV_A	244	282	3.3
3IBV_A	289	343	3.3
3IBV_A	344	392	3.3
3IBV_A	393	449	3.3
3IBV_A	450	507	3.3
3IBV_A	508	547	3.3
3IBV_A	548	602	3.3
3IBV_A	603	657	3.3
3IBV_A	658	711	3.3
3IBV_A	712	751	3.3
3IBV_A	752	795	3.3
3IBV_A	801	848	3.3
3IBV_A	855	897	3.3
3IBV_A	908	941	3.3
3IEG_A	1	33	3.3
3IEG_A	34	69	3.3
3IEG_A	70	118	3.3
3IEG_A	121	150	3.3
3IEG_A	151	184	3.3
3IEG_A	185	228	3.3
3IEG_A	229	265	3.3
3IEG_A	266	300	3.3
3IEG_A	303	334	3.3
3IFQ_A	3	48	3.3
3IFQ_A	49	91	3.3
3IFQ_A	92	134	3.3
3IFQ_A	135	175	3.3
3IFQ_A	176	217	3.3
3IFQ_A	218	260	3.3
3IFQ_A	261	298	3.3
3IFQ_A	299	341	3.3
3IFQ_A	342	387	3.3
3IFQ_A	388	449	3.3
3IFQ_A	450	490	3.3
3IFQ_A	491	534	3.3
3IKO_H	20	43	3.3
3IKO_H	44	76	3.3
3IKO_H	77	115	3.3
3IKO_H	116	165	3.3
3IKO_H	166	191	3.3
3IKO_H	192	217	3.3
3IKO_H	218	237	3.3
3IKO_H	238	270	3.3
3IKO_H	271	288	3.3
3IKO_H	289	318	3.3
3IKO_H	319	354	3.3
3IKO_H	355	375	3.3
3IKO_H	376	405	3.3
3IKO_H	406	438	3.3
3J0A_A	2	26	3.2
3J0A_A	27	50	3.2
3J0A_A	51	75	3.2
3J0A_A	76	99	3.2
3J0A_A	100	125	3.2
3J0A_A	126	150	3.2
3J0A_A	151	179	3.2
3J0A_A	180	205	3.2
3J0A_A	206	232	3.2
3J0A_A	233	268	3.2
3J0A_A	269	292	3.2
3J0A_A	293	316	3.2
3J0A_A	317	340	3.2
3J0A_A	341	364	3.2
3J0A_A	365	383	3.2
3J0A_A	384	403	3.2
3J0A_A	404	428	3.2
3J0A_A	429	453	3.2
3J0A_A	454	478	3.2
3J0A_A	479	506	3.2
3J0A_A	507	528	3.2
3J0A_A	529	549	3.2
3J0A_A	550	578	3.2
3J9P_A	857	887	3.3
3J9P_A	888	924	3.3
3J9P_A	925	953	3.3
3J9P_A	954	990	3.3
3J9P_A	991	1020	3.3
3JB9_j	29	47	3.2
3JB9_j	48	69	3.2
3JB9_j	70	93	3.2
3JB9_j	94	118	3.2
3JB9_j	119	149	3.2
3JB9_j	150	162	3.2
3JB9_r	498	509	3.3
3JB9_r	514	547	3.3
3JB9_r	548	581	3.3
3JB9_r	590	616	3.3
3JB9_r	626	653	3.3
3JBL_K	492	519	3.2
3JBL_K	549	566	3.2
3JBL_K	567	594	3.2
3JBL_K	595	621	3.2
3JBL_K	622	647	3.2
3JBL_K	648	674	3.2
3JBL_K	675	702	3.2
3JBL_K	703	731	3.2
3JBL_K	732	759	3.2
3JBL_K	760	791	3.2
3JBL_K	792	818	3.2
3JBL_K	819	848	3.2
3JBL_K	849	876	3.2
3JBL_K	877	906	3.2
3JBL_K	907	927	3.2
3JCK_B	34	71	3.3
3JCK_B	72	112	3.3
3JCK_B	113	149	3.3
3JCK_B	176	212	3.3
3JCK_B	213	251	3.3
3JCK_B	277	355	3.3
3JCK_B	372	388	3.3
3JCK_B	404	425	3.3
3JCK_C	54	89	3.3
3JCK_C	90	129	3.3
3JCK_C	130	169	3.3
3JCK_C	170	210	3.3
3JCK_C	211	251	3.3
3JCK_C	252	292	3.3
3JCK_C	293	328	3.3
3JCK_C	329	387	3.3
3JCK_C	388	406	3.3
3JCK_C	407	431	3.3
3JCM_G	219	255	3.3
3JCM_G	256	286	3.3
3JCM_G	287	322	3.3
3JCM_G	323	355	3.3
3JCM_G	356	386	3.3
3JCM_G	390	423	3.3
3JCM_G	427	456	3.3
3JCM_G	460	496	3.3
3JCM_G	504	538	3.3
3JCM_G	543	570	3.3
3JCM_G	576	607	3.3
3JCM_G	615	640	3.3
3JCM_G	647	682	3.3
3JCM_G	686	716	3.3
3JCM_G	721	751	3.3
3JCM_G	752	785	3.3
3JCM_G	786	819	3.3
3JCM_G	820	853	3.3
3JCM_G	854	869	3.3
3JQY_A	34	65	3.1
3JQY_A	66	99	3.1
3JQY_A	100	135	3.1
3JQY_A	168	196	3.1
3JQY_A	197	210	3.1
3JUR_A	5	19	3.2
3JUR_A	20	43	3.2
3JUR_A	44	73	3.2
3JUR_A	74	114	3.2
3JUR_A	115	147	3.2
3JUR_A	148	159	3.2
3JUR_A	160	189	3.2
3JUR_A	190	211	3.2
3JUR_A	212	237	3.2
3JUR_A	238	254	3.2
3JUR_A	255	294	3.2
3JUR_A	295	322	3.2
3JUR_A	323	346	3.2
3JUR_A	347	386	3.2
3JUR_A	387	413	3.2
3JUR_A	414	433	3.2
3JUR_A	434	448	3.2
3JX8_A	107	127	3.1
3JX8_A	128	148	3.1
3JX8_A	149	169	3.1
3JX8_A	170	187	3.1
3JX8_A	188	208	3.1
3JX8_A	209	226	3.1
3JX8_A	227	244	3.1
3JXI_A	4	45	3.3
3JXI_A	46	90	3.3
3JXI_A	91	140	3.3
3JXI_A	141	175	3.3
3JXI_A	176	224	3.3
3JXI_A	225	253	3.3
3K49_A	5	38	3.3
3K49_A	39	74	3.3
3K49_A	75	110	3.3
3K49_A	111	146	3.3
3K49_A	147	182	3.3
3K49_A	183	218	3.3
3K49_A	219	260	3.3
3K49_A	261	309	3.3
3K49_A	310	346	3.3
3K8P_D	32	61	3.3
3K8P_D	119	148	3.3
3K8P_D	189	227	3.3
3K8P_D	228	262	3.3
3K8P_D	268	306	3.3
3K8P_D	322	349	3.3
3K8P_D	350	395	3.3
3K8P_D	396	426	3.3
3K8P_D	427	477	3.3
3K8P_D	478	536	3.3
3K8P_D	537	583	3.3
3K8P_D	584	626	3.3
3K8P_D	636	677	3.3
3K9I_A	7	42	3.3
3K9I_A	43	76	3.3
3K9I_A	77	112	3.3
3KAE_A	3	28	3.3
3KAE_A	34	59	3.3
3KAE_A	60	109	3.3
3KAE_A	110	144	3.3
3KAE_A	145	191	3.3
3KAE_A	205	238	3.3
3KD7_A	8	40	3.3
3KD7_A	41	74	3.3
3KD7_A	75	107	3.3
3KEA_A	1	25	3.3
3KEA_A	26	61	3.3
3KEA_A	62	94	3.3
3KEA_A	95	126	3.3
3KEA_A	127	159	3.3
3KEA_A	160	195	3.3
3KEA_A	196	223	3.3
3KEA_A	224	262	3.3
3KEA_A	263	282	3.3
3KJ4_A	14	33	3.2
3KJ4_A	34	58	3.2
3KJ4_A	59	82	3.2
3KJ4_A	83	107	3.2
3KJ4_A	108	131	3.2
3KJ4_A	132	155	3.2
3KJ4_A	156	179	3.2
3KJ4_A	180	203	3.2
3KJ4_A	204	227	3.2
3KJ4_A	228	255	3.2
3KS2_A	29	63	3.3
3KS2_A	64	99	3.3
3KS2_A	100	136	3.3
3KWC_A	46	67	3.1
3KWC_A	68	83	3.1
3KWC_A	84	115	3.1
3KWC_A	116	139	3.1
3KWC_A	140	163	3.1
3KWC_A	164	179	3.1
3L3P_A	11	39	3.3
3L3P_A	40	86	3.3
3L3P_A	87	131	3.3
3L3P_A	179	202	3.3
3L3P_A	203	241	3.3
3L3P_A	242	275	3.3
3L6A_A	7	39	3.3
3L6A_A	40	77	3.3
3L6A_A	78	120	3.3
3L6A_A	121	153	3.3
3L6A_A	154	194	3.3
3L6A_A	195	232	3.3
3L6A_A	233	289	3.3
3L6A_A	290	341	3.3
3L6A_A	342	363	3.3
3L6X_A	47	78	3.3
3L6X_A	79	122	3.3
3L6X_A	123	164	3.3
3L6X_A	165	222	3.3
3L6X_A	223	281	3.3
3L6X_A	304	340	3.3
3L6X_A	341	385	3.3
3L6X_A	386	433	3.3
3L6X_A	434	490	3.3
3L9T_A	36	68	3.3
3L9T_A	69	100	3.3
3L9T_A	101	139	3.3
3L9T_A	140	174	3.3
3L9T_A	175	208	3.3
3L9T_A	209	239	3.3
3LCW_C	34	94	3.3
3LCW_C	106	140	3.3
3LCW_C	141	174	3.3
3LCW_C	175	204	3.3
3LCW_C	234	266	3.3
3LCW_C	278	315	3.3
3LJN_A	16	44	3.3
3LJN_A	45	78	3.3
3LJN_A	79	112	3.3
3LJN_A	114	164	3.3
3LJN_A	165	202	3.3
3LJN_A	203	235	3.3
3LJN_A	236	268	3.3
3LJN_A	269	318	3.3
3LJY_A	96	116	3.1
3LJY_A	117	137	3.1
3LJY_A	138	157	3.1
3LJY_A	158	177	3.1
3LJY_A	178	197	3.1
3LJY_A	198	218	3.1
3LJY_A	219	236	3.1
3LMW_A	14	32	3.2
3LMW_A	33	73	3.2
3LMW_A	74	110	3.2
3LMW_A	111	142	3.2
3LMW_A	143	156	3.2
3LMW_A	157	191	3.2
3LMW_A	192	212	3.2
3LMW_A	213	246	3.2
3LMW_A	247	274	3.2
3LPZ_A	10	49	3.3
3LPZ_A	50	92	3.3
3LPZ_A	93	134	3.3
3LPZ_A	135	162	3.3
3LPZ_A	163	201	3.3
3LPZ_A	202	257	3.3
3LPZ_A	258	294	3.3
3LVG_A	27	56	3.3
3LVG_A	57	84	3.3
3LVG_A	85	119	3.3
3LVG_A	120	156	3.3
3LVG_A	157	169	3.3
3LVG_A	170	201	3.3
3LVG_A	202	232	3.3
3LVG_A	233	262	3.3
3LVG_A	263	292	3.3
3LVG_A	293	319	3.3
3LVG_A	320	350	3.3
3LVG_A	351	379	3.3
3LVG_A	380	409	3.3
3LVG_A	410	442	3.3
3LVG_A	443	467	3.3
3LVG_A	468	492	3.3
3LVG_A	493	527	3.3
3LYC_A	88	107	3.1
3LYC_A	108	128	3.1
3LYC_A	129	154	3.1
3LYC_A	157	168	3.1
3LYC_A	169	188	3.1
3LYC_A	189	204	3.1
3LYC_A	205	224	3.1
3LYC_A	225	239	3.1
3M18_A	21	38	3.2
3M18_A	39	62	3.2
3M18_A	63	86	3.2
3M18_A	87	110	3.2
3M18_A	111	134	3.2
3M18_A	135	158	3.2
3M18_A	159	182	3.2
3M18_A	183	213	3.2
3M1I_C	14	46	3.3
3M1I_C	47	85	3.3
3M1I_C	86	136	3.3
3M1I_C	137	183	3.3
3M1I_C	184	226	3.3
3M1I_C	227	264	3.3
3M1I_C	265	331	3.3
3M1I_C	332	381	3.3
3M1I_C	382	444	3.3
3M1I_C	445	484	3.3
3M1I_C	485	527	3.3
3M1I_C	528	584	3.3
3M1I_C	585	619	3.3
3M1I_C	620	680	3.3
3M1I_C	681	743	3.3
3M1I_C	744	791	3.3
3M1I_C	792	835	3.3
3M1I_C	836	884	3.3
3M1I_C	885	941	3.3
3M1I_C	942	986	3.3
3M1I_C	987	1023	3.3
3M66_A	17	53	3.3
3M66_A	54	88	3.3
3M66_A	89	122	3.3
3M66_A	123	160	3.3
3M66_A	161	194	3.3
3M66_A	195	227	3.3
3M66_A	228	258	3.3
3MKQ_B	7	32	3.3
3MKQ_B	33	60	3.3
3MKQ_B	61	89	3.3
3MKQ_B	90	115	3.3
3MKQ_B	116	142	3.3
3MKR_A	1	28	3.3
3MKR_A	29	57	3.3
3MKR_A	58	99	3.3
3MKR_A	100	128	3.3
3MKR_A	129	162	3.3
3MKR_A	163	198	3.3
3MKR_A	199	232	3.3
3MKR_A	233	265	3.3
3ML3_A	18	29	3.1
3ML3_A	30	58	3.1
3ML3_A	59	84	3.1
3ML3_A	85	112	3.1
3ML3_A	113	144	3.1
3MQG_A	20	51	3.1
3MQG_A	52	84	3.1
3MQG_A	107	135	3.1
3MSV_A	13	33	3.3
3MSV_A	64	113	3.3
3MSV_A	114	143	3.3
3MSV_A	144	190	3.3
3MSV_A	191	228	3.3
3MSV_A	229	256	3.3
3MSV_A	257	318	3.3
3MSV_A	319	335	3.3
3MSV_A	336	380	3.3
3MV2_B	15	40	3.3
3MV2_B	41	82	3.3
3MV2_B	99	131	3.3
3MV2_B	132	167	3.3
3MV2_B	168	208	3.3
3MV2_B	209	253	3.3
3MV2_B	254	282	3.3
3N90_A	1	18	3.1
3N90_A	19	38	3.1
3N90_A	39	58	3.1
3N90_A	59	78	3.1
3N90_A	79	99	3.1
3N90_A	100	125	3.1
3NF1_A	24	62	3.3
3NF1_A	63	106	3.3
3NF1_A	107	149	3.3
3NF1_A	150	190	3.3
3NF1_A	191	225	3.3
3NF1_A	275	309	3.3
3NMZ_A	60	116	3.3
3NMZ_A	117	181	3.3
3NMZ_A	182	230	3.3
3NMZ_A	231	274	3.3
3NMZ_A	275	318	3.3
3NMZ_A	319	364	3.3
3NMZ_A	365	410	3.3
3NMZ_A	411	452	3.3
3NOC_D	14	46	3.3
3NOC_D	47	79	3.3
3NOC_D	80	112	3.3
3NOC_D	113	145	3.3
3NOC_D	146	166	3.3
3NOW_A	1	37	3.3
3NOW_A	38	81	3.3
3NOW_A	82	126	3.3
3NOW_A	127	180	3.3
3NOW_A	181	234	3.3
3NOW_A	235	276	3.3
3NOW_A	277	320	3.3
3NOW_A	321	367	3.3
3NOW_A	368	408	3.3
3NOW_A	409	450	3.3
3NOW_A	477	525	3.3
3NOW_A	526	574	3.3
3NOW_A	575	612	3.3
3NOW_A	613	653	3.3
3NOW_A	654	695	3.3
3NOW_A	696	738	3.3
3NOW_A	739	786	3.3
3O4X_A	7	36	3.3
3O4X_A	49	89	3.3
3O4X_A	102	133	3.3
3O4X_A	134	154	3.3
3O4X_A	155	187	3.3
3O4X_A	207	234	3.3
3O4X_A	250	269	3.3
3O4X_A	270	306	3.3
3O4X_E	142	295	3.3
3O4X_E	311	369	3.3
3O4X_E	370	415	3.3
3O4X_E	416	445	3.3
3O4Z_B	1	27	3.3
3O4Z_B	28	101	3.3
3O4Z_B	102	140	3.3
3O4Z_B	141	182	3.3
3O4Z_B	183	227	3.3
3O4Z_B	245	272	3.3
3O4Z_B	273	313	3.3
3O4Z_B	314	352	3.3
3O4Z_B	395	432	3.3
3O4Z_B	433	472	3.3
3O4Z_B	473	507	3.3
3O4Z_B	575	619	3.3
3O4Z_B	620	640	3.3
3O53_A	9	37	3.2
3O53_A	38	61	3.2
3O53_A	62	83	3.2
3O53_A	84	102	3.2
3O53_A	103	122	3.2
3O53_A	123	145	3.2
3O53_A	146	172	3.2
3O53_A	173	194	3.2
3O53_A	195	217	3.2
3O53_A	218	240	3.2
3O53_A	241	280	3.2
3O6N_A	47	71	3.2
3O6N_A	72	96	3.2
3O6N_A	97	120	3.2
3O6N_A	121	144	3.2
3O6N_A	145	168	3.2
3O6N_A	169	188	3.2
3O6N_A	189	207	3.2
3O6N_A	208	229	3.2
3O6N_A	230	250	3.2
3O6N_A	251	275	3.2
3O6N_A	276	298	3.2
3O6N_A	299	320	3.2
3O6N_A	321	341	3.2
3O6N_A	342	369	3.2
3OBV_E	118	177	3.3
3OBV_E	178	285	3.3
3OBV_E	286	335	3.3
3OBV_E	353	385	3.3
3OBV_E	386	414	3.3
3OC3_A	36	61	3.3
3OC3_A	62	89	3.3
3OC3_A	122	136	3.3
3OC3_A	173	202	3.3
3OC3_A	210	259	3.3
3OC3_A	260	294	3.3
3OC3_A	295	329	3.3
3OC3_A	330	363	3.3
3OC3_A	375	404	3.3
3OC3_A	405	439	3.3
3OC3_A	440	496	3.3
3OC3_A	497	522	3.3
3OC3_A	537	558	3.3
3OC3_A	559	585	3.3
3OC3_A	586	620	3.3
3OC3_A	621	652	3.3
3OC3_A	668	700	3.3
3OC3_A	701	725	3.3
3OC3_A	745	769	3.3
3OC3_A	770	797	3.3
3ODR_A	51	86	3.3
3ODR_A	87	122	3.3
3ODR_A	123	160	3.3
3ODR_A	161	214	3.3
3ODR_A	215	289	3.3
3ODR_A	314	348	3.3
3OGK_B	53	75	3.2
3OGK_B	76	114	3.2
3OGK_B	115	140	3.2
3OGK_B	141	166	3.2
3OGK_B	167	194	3.2
3OGK_B	195	222	3.2
3OGK_B	223	245	3.2
3OGK_B	246	272	3.2
3OGK_B	273	295	3.2
3OGK_B	296	320	3.2
3OGK_B	321	344	3.2
3OGK_B	345	380	3.2
3OGK_B	381	405	3.2
3OGK_B	406	438	3.2
3OGK_B	439	465	3.2
3OGK_B	466	490	3.2
3OGK_B	491	515	3.2
3OGK_B	516	537	3.2
3OPB_A	36	87	3.3
3OPB_A	88	124	3.3
3OPB_A	125	164	3.3
3OPB_A	165	198	3.3
3OPB_A	199	243	3.3
3OPB_A	244	284	3.3
3OPB_A	285	327	3.3
3OPB_A	328	364	3.3
3OPB_A	365	406	3.3
3OPB_A	446	487	3.3
3OPB_A	488	533	3.3
3OPB_A	534	590	3.3
3OPB_A	591	635	3.3
3OPB_A	636	685	3.3
3OPB_A	686	737	3.3
3OPB_A	738	776	3.3
3P4G_B	21	36	3.1
3P4G_B	37	55	3.1
3P4G_B	56	82	3.1
3P4G_B	83	101	3.1
3P4G_B	102	120	3.1
3P4G_B	121	139	3.1
3P4G_B	140	158	3.1
3P4G_B	159	177	3.1
3P4G_B	178	200	3.1
3P4G_B	201	217	3.1
3P4G_B	218	236	3.1
3P4G_B	237	257	3.1
3P4G_B	258	276	3.1
3P4G_B	277	303	3.1
3PET_A	21	36	3.1
3PET_A	37	63	3.1
3PET_A	64	89	3.1
3PET_A	90	109	3.1
3PET_A	110	129	3.1
3PET_A	130	149	3.1
3PET_A	150	169	3.1
3PET_A	170	187	3.1
3PET_A	188	205	3.1
3PET_A	206	221	3.1
3PMO_A	121	138	3.1
3PMO_A	139	156	3.1
3PMO_A	157	174	3.1
3PMO_A	175	192	3.1
3PMO_A	193	229	3.1
3PMO_A	230	251	3.1
3PMO_A	252	269	3.1
3PMO_A	270	287	3.1
3PMO_A	288	304	3.1
3PMO_A	305	320	3.1
3PR7_A	13	30	3.1
3PR7_A	31	38	3.1
3PR7_A	39	56	3.1
3PR7_A	57	71	3.1
3PR7_A	72	86	3.1
3PR7_A	72	86	3.1
3PR7_A	87	101	3.1
3PR7_A	117	131	3.1
3PR7_A	132	146	3.1
3PR7_A	147	161	3.1
3PR7_A	162	175	3.1
3PR7_A	176	197	3.1
3PR7_A	198	216	3.1
3PR7_A	217	274	3.1
3PR7_A	275	291	3.1
3PSP_A	88	148	3.3
3PSP_A	186	221	3.3
3PSP_A	222	294	3.3
3PSP_A	295	343	3.3
3PSP_A	344	391	3.3
3PSP_A	392	424	3.3
3PSS_A	9	31	3.1
3PSS_A	32	57	3.1
3PSS_A	58	77	3.1
3PSS_A	78	97	3.1
3PSS_A	98	127	3.1
3PSS_A	128	167	3.1
3Q15_A	7	46	3.3
3Q15_A	47	92	3.3
3Q15_A	47	92	3.3
3Q15_A	93	136	3.3
3Q15_A	137	177	3.3
3Q15_A	178	217	3.3
3Q15_A	218	256	3.3
3Q15_A	257	292	3.3
3Q15_A	293	331	3.3
3Q15_A	332	374	3.3
3Q73_A	31	68	3.3
3Q73_A	69	103	3.3
3Q73_A	104	139	3.3
3Q73_A	140	180	3.3
3Q73_A	181	222	3.3
3Q73_A	223	258	3.3
3Q73_A	274	316	3.3
3Q73_A	317	347	3.3
3Q9N_C	3	38	3.3
3Q9N_C	39	71	3.3
3Q9N_C	72	104	3.3
3Q9N_C	105	137	3.3
3Q9N_C	138	158	3.3
3QG9_A	12	37	3.3
3QG9_A	38	77	3.3
3QG9_A	78	120	3.3
3QG9_A	121	158	3.3
3QG9_A	159	196	3.3
3QG9_A	197	248	3.3
3QG9_A	249	286	3.3
3QG9_A	287	333	3.3
3QG9_A	334	389	3.3
3QG9_A	390	405	3.3
3QIL_A	4	45	3.3
3QIL_A	46	77	3.3
3QIL_A	78	96	3.3
3QIL_A	110	124	3.3
3QML_C	18	56	3.3
3QML_C	57	99	3.3
3QML_C	100	148	3.3
3QML_C	149	194	3.3
3QML_C	215	255	3.3
3QML_C	256	300	3.3
3R0S_A	12	29	3.1
3R0S_A	30	47	3.1
3R0S_A	48	65	3.1
3R0S_A	66	96	3.1
3R0S_A	97	121	3.1
3R0S_A	122	139	3.1
3R0S_A	140	157	3.1
3R0S_A	158	175	3.1
3R5A_E	185	202	3.1
3R5A_E	203	220	3.1
3R5A_E	221	237	3.1
3R5A_E	238	263	3.1
3R5A_E	264	279	3.1
3R5A_E	279	317	3.1
3R8Y_A	25	66	3.1
3R8Y_A	83	112	3.1
3R8Y_A	113	142	3.1
3R8Y_A	143	169	3.1
3R8Y_A	170	198	3.1
3RAU_A	24	62	3.3
3RAU_A	63	137	3.3
3RAU_A	138	200	3.3
3RAU_A	201	266	3.3
3RAU_A	267	322	3.3
3RFJ_A	6	28	3.2
3RFJ_A	29	44	3.2
3RFJ_A	45	66	3.2
3RFJ_A	67	88	3.2
3RFJ_A	89	111	3.2
3RFJ_A	112	136	3.2
3RFJ_A	137	160	3.2
3RFJ_A	161	184	3.2
3RFJ_A	185	208	3.2
3RFJ_A	209	254	3.2
3RFJ_A	255	270	3.2
3RFS_A	2	28	3.2
3RFS_A	29	44	3.2
3RFS_A	45	66	3.2
3RFS_A	67	88	3.2
3RFS_A	89	112	3.2
3RFS_A	113	136	3.2
3RFS_A	137	160	3.2
3RFS_A	161	184	3.2
3RFS_A	185	208	3.2
3RFS_A	209	240	3.2
3RG1_A	15	35	3.2
3RG1_A	36	59	3.2
3RG1_A	60	83	3.2
3RG1_A	84	107	3.2
3RG1_A	108	131	3.2
3RG1_A	132	155	3.2
3RG1_A	156	181	3.2
3RG1_A	182	204	3.2
3RG1_A	205	227	3.2
3RG1_A	228	256	3.2
3RG1_A	257	280	3.2
3RG1_A	281	303	3.2
3RG1_A	304	327	3.2
3RG1_A	328	352	3.2
3RG1_A	353	378	3.2
3RG1_A	379	402	3.2
3RG1_A	403	427	3.2
3RG1_A	428	451	3.2
3RG1_A	452	478	3.2
3RG1_A	479	502	3.2
3RG1_A	503	525	3.2
3RG1_A	526	549	3.2
3RG1_A	550	577	3.2
3RG1_A	578	596	3.2
3RGX_A	51	80	3.2
3RGX_A	81	103	3.2
3RGX_A	104	129	3.2
3RGX_A	130	154	3.2
3RGX_A	155	181	3.2
3RGX_A	182	203	3.2
3RGX_A	204	226	3.2
3RGX_A	227	250	3.2
3RGX_A	251	272	3.2
3RGX_A	273	297	3.2
3RGX_A	298	321	3.2
3RGX_A	322	346	3.2
3RGX_A	347	371	3.2
3RGX_A	372	397	3.2
3RGX_A	398	421	3.2
3RGX_A	422	445	3.2
3RGX_A	446	469	3.2
3RGX_A	470	493	3.2
3RGX_A	494	517	3.2
3RGX_A	518	541	3.2
3RGX_A	542	635	3.2
3RGX_A	636	659	3.2
3RGX_A	660	683	3.2
3RGX_A	684	707	3.2
3RGX_A	708	737	3.2
3RIQ_A	31	50	3.1
3RIQ_A	51	74	3.1
3RIQ_A	75	152	3.1
3RIQ_A	153	173	3.1
3RIQ_A	174	201	3.1
3RIQ_A	202	227	3.1
3RIQ_A	228	260	3.1
3RIQ_A	261	307	3.1
3RIQ_A	308	328	3.1
3RIQ_A	329	350	3.1
3RIQ_A	351	378	3.1
3RIQ_A	379	395	3.1
3RIQ_A	396	416	3.1
3RIZ_A	4	21	3.2
3RIZ_A	22	48	3.2
3RIZ_A	49	75	3.2
3RIZ_A	76	98	3.2
3RIZ_A	99	124	3.2
3RIZ_A	125	149	3.2
3RIZ_A	150	176	3.2
3RIZ_A	177	198	3.2
3RIZ_A	199	221	3.2
3RIZ_A	222	245	3.2
3RIZ_A	246	267	3.2
3RIZ_A	268	292	3.2
3RIZ_A	293	316	3.2
3RIZ_A	317	341	3.2
3RIZ_A	342	366	3.2
3RIZ_A	367	392	3.2
3RIZ_A	393	416	3.2
3RIZ_A	417	440	3.2
3RIZ_A	441	464	3.2
3RIZ_A	465	488	3.2
3RIZ_A	489	512	3.2
3RIZ_A	513	536	3.2
3RIZ_A	537	561	3.2
3RIZ_A	562	581	3.2
3RIZ_A	582	609	3.2
3RIZ_A	610	630	3.2
3RIZ_A	631	654	3.2
3RIZ_A	655	678	3.2
3RIZ_A	679	702	3.2
3RIZ_A	703	718	3.2
3RJV_A	6	33	3.3
3RJV_A	34	67	3.3
3RJV_A	68	102	3.3
3RJV_A	103	142	3.3
3RJV_A	143	179	3.3
3RJV_A	180	211	3.3
3RK6_A	18	52	3.3
3RK6_A	53	99	3.3
3RK6_A	100	142	3.3
3RK6_A	143	199	3.3
3RK6_A	200	234	3.3
3RKV_A	8	47	3.3
3RKV_A	48	93	3.3
3RKV_A	94	127	3.3
3RMR_B	18	53	3.3
3RMR_B	54	74	3.3
3RMR_B	87	122	3.3
3RMR_B	123	158	3.3
3RMR_B	174	210	3.3
3RMR_B	211	255	3.3
3RYT_A	16	32	3.3
3RYT_A	88	125	3.3
3RYT_A	126	147	3.3
3RYT_A	167	478	3.3
3RYT_A	479	531	3.3
3RYT_A	555	570	3.3
3RYT_A	585	621	3.3
3S4W_A	1	39	3.3
3S4W_A	40	79	3.3
3S4W_A	80	118	3.3
3S4W_A	119	167	3.3
3S4W_A	168	205	3.3
3S4W_A	206	249	3.3
3S4W_A	258	304	3.3
3S4W_A	305	336	3.3
3S4W_A	359	394	3.3
3S4W_A	434	470	3.3
3S4W_A	471	507	3.3
3S4W_A	508	550	3.3
3S4W_A	581	615	3.3
3S4W_A	616	680	3.3
3S4W_A	730	788	3.3
3S4W_A	805	864	3.3
3S4W_A	865	924	3.3
3S4W_A	945	993	3.3
3S4W_A	994	1037	3.3
3S4W_A	1038	1104	3.3
3S4W_A	1127	1185	3.3
3S4W_A	1186	1225	3.3
3S6L_D	24	37	3.1
3S6L_D	38	51	3.1
3S6L_D	52	65	3.1
3S6L_D	66	79	3.1
3S6L_D	80	93	3.1
3S6L_D	94	107	3.1
3S6L_D	108	121	3.1
3S6L_D	122	135	3.1
3SB4_A	2	27	3.2
3SB4_A	28	50	3.2
3SB4_A	51	102	3.2
3SB4_A	103	126	3.2
3SB4_A	127	149	3.2
3SB4_A	150	176	3.2
3SB4_A	177	204	3.2
3SB4_A	205	227	3.2
3SB4_A	228	251	3.2
3SB4_A	252	275	3.2
3SB4_A	276	296	3.2
3SB4_A	297	324	3.2
3SFX_A	69	102	3.3
3SFX_A	103	138	3.3
3SFX_A	139	174	3.3
3SFX_A	175	216	3.3
3SFX_A	217	257	3.3
3SFX_A	273	315	3.3
3SFX_A	316	347	3.3
3SI5_A	13	44	3.3
3SI5_A	59	89	3.3
3SI5_A	90	123	3.3
3SI5_A	124	156	3.3
3SZ7_A	8	44	3.3
3SZ7_A	45	75	3.3
3SZ7_A	76	112	3.3
3T57_A	15	32	3.1
3T57_A	33	50	3.1
3T57_A	51	68	3.1
3T57_A	69	90	3.1
3T57_A	91	121	3.1
3T57_A	122	145	3.1
3T57_A	146	163	3.1
3T57_A	164	181	3.1
3T57_A	182	199	3.1
3T57_A	200	216	3.1
3T6Q_A	19	35	3.2
3T6Q_A	36	59	3.2
3T6Q_A	60	83	3.2
3T6Q_A	84	107	3.2
3T6Q_A	108	131	3.2
3T6Q_A	132	155	3.2
3T6Q_A	156	180	3.2
3T6Q_A	181	202	3.2
3T6Q_A	203	225	3.2
3T6Q_A	226	261	3.2
3T6Q_A	262	280	3.2
3T6Q_A	281	303	3.2
3T6Q_A	304	327	3.2
3T6Q_A	328	352	3.2
3T6Q_A	353	378	3.2
3T6Q_A	379	402	3.2
3T6Q_A	403	427	3.2
3T6Q_A	428	451	3.2
3T6Q_A	452	478	3.2
3T6Q_A	479	502	3.2
3T6Q_A	503	526	3.2
3T6Q_A	527	554	3.2
3T6Q_A	555	575	3.2
3T7U_A	8	65	3.3
3T7U_A	66	115	3.3
3T7U_A	116	159	3.3
3T7U_A	160	202	3.3
3T7U_A	203	251	3.3
3T7U_A	252	293	3.3
3T7U_A	294	337	3.3
3T8K_A	7	32	3.3
3T8K_A	33	67	3.3
3T8K_A	68	105	3.3
3T8K_A	106	146	3.3
3T8K_A	147	184	3.3
3TIO_A	3	18	3.1
3TIO_A	19	36	3.1
3TIO_A	37	57	3.1
3TIO_A	58	85	3.1
3TIO_A	86	103	3.1
3TIO_A	104	120	3.1
3TIO_A	121	138	3.1
3TJ1_A	71	103	3.3
3TJ1_A	104	145	3.3
3TJ1_A	146	186	3.3
3TJ1_A	187	222	3.3
3TJ1_A	245	274	3.3
3TJ1_A	371	413	3.3
3TJ1_A	414	453	3.3
3TJ1_A	454	514	3.3
3TJ1_A	515	559	3.3
3TJ1_A	587	613	3.3
3TK8_A	152	167	3.1
3TK8_A	168	186	3.1
3TK8_A	187	204	3.1
3TK8_A	205	230	3.1
3TK8_A	231	248	3.1
3TKN_G	10	45	3.3
3TKN_G	74	155	3.3
3TKN_G	227	256	3.3
3TKN_G	328	399	3.3
3TL4_X	2	26	3.3
3TL4_X	27	67	3.3
3TL4_X	68	100	3.3
3TPO_A	89	132	3.3
3TPO_A	133	174	3.3
3TPO_A	175	216	3.3
3TPO_A	217	263	3.3
3TPO_A	264	306	3.3
3TPO_A	307	348	3.3
3TPO_A	349	389	3.3
3TPO_A	390	432	3.3
3TPO_A	433	480	3.3
3TSR_E	2	26	3.2
3TSR_E	27	53	3.2
3TSR_E	54	81	3.2
3TSR_E	82	110	3.2
3TSR_E	111	138	3.2
3TSR_E	139	167	3.2
3TSR_E	168	195	3.2
3TSR_E	196	224	3.2
3TSR_E	225	252	3.2
3TSR_E	253	281	3.2
3TSR_E	282	309	3.2
3TSR_E	310	338	3.2
3TSR_E	339	366	3.2
3TSR_E	367	395	3.2
3TSR_E	396	423	3.2
3TSR_E	424	450	3.2
3TV0_A	12	28	3.1
3TV0_A	29	51	3.1
3TV0_A	52	69	3.1
3TV0_A	81	101	3.1
3TV0_A	102	118	3.1
3TV0_A	119	136	3.1
3TV0_A	137	152	3.1
3TWI_D	23	43	3.2
3TWI_D	44	67	3.2
3TWI_D	68	91	3.2
3TWI_D	92	115	3.2
3TWI_D	116	143	3.2
3TWQ_A	11	45	3.3
3TWQ_A	46	78	3.3
3TWQ_A	79	111	3.3
3TWQ_A	112	144	3.3
3TWQ_A	145	164	3.3
3TXM_A	11	52	3.3
3TXM_A	53	93	3.3
3TXM_A	94	134	3.3
3TXM_A	135	173	3.3
3TXM_A	174	214	3.3
3TXM_A	215	252	3.3
3TXM_A	253	287	3.3
3U0R_A	23	57	3.3
3U0R_A	58	94	3.3
3U0R_A	95	132	3.3
3U0R_A	133	169	3.3
3U0R_A	170	209	3.3
3U0R_A	210	257	3.3
3U0R_A	258	303	3.3
3U0R_A	304	362	3.3
3U0R_A	373	431	3.3
3U4T_A	5	35	3.3
3U4T_A	36	68	3.3
3U4T_A	69	108	3.3
3U4T_A	109	141	3.3
3U4T_A	142	174	3.3
3U4T_A	175	213	3.3
3U4T_A	214	253	3.3
3UGM_A	94	114	3.3
3UGM_A	118	151	3.3
3UGM_A	152	181	3.3
3UGM_A	185	220	3.3
3UGM_A	221	254	3.3
3UGM_A	255	288	3.3
3UGM_A	289	322	3.3
3UGM_A	323	356	3.3
3UGM_A	357	383	3.3
3UGM_A	357	390	3.3
3UGM_A	357	390	3.3
3UGM_A	357	390	3.3
3UGM_A	358	390	3.3
3UGM_A	391	424	3.3
3UGM_A	425	457	3.3
3UGM_A	458	491	3.3
3UGM_A	492	525	3.3
3UGM_A	594	627	3.3
3UGM_A	628	661	3.3
3UGM_A	696	730	3.3
3UGM_A	764	797	3.3
3UGM_A	798	828	3.3
3UGM_A	832	865	3.3
3UGM_A	866	899	3.3
3UGM_A	900	932	3.3
3UI2_A	39	74	3.3
3UI2_A	75	107	3.3
3UI2_A	108	141	3.3
3UI2_A	142	185	3.3
3UL8_A	13	32	3.2
3UL8_A	33	56	3.2
3UL8_A	57	81	3.2
3UL8_A	82	105	3.2
3UL8_A	106	128	3.2
3UL8_A	129	153	3.2
3UL8_A	154	180	3.2
3UL8_A	181	203	3.2
3UL8_A	204	227	3.2
3UL8_A	228	262	3.2
3ULQ_A	8	47	3.3
3ULQ_A	48	98	3.3
3ULQ_A	99	137	3.3
3ULQ_A	138	176	3.3
3ULQ_A	177	218	3.3
3ULQ_A	219	258	3.3
3ULQ_A	259	299	3.3
3ULQ_A	300	334	3.3
3ULQ_A	335	370	3.3
3ULT_A	6	19	3.1
3ULT_A	20	34	3.1
3ULT_A	35	49	3.1
3ULT_A	50	63	3.1
3ULT_A	64	77	3.1
3ULT_A	78	91	3.1
3ULT_A	92	105	3.1
3ULT_A	106	118	3.1
3ULU_A	18	37	3.2
3ULU_A	38	62	3.2
3ULU_A	63	85	3.2
3ULU_A	86	109	3.2
3ULU_A	110	133	3.2
3ULU_A	134	157	3.2
3ULU_A	158	181	3.2
3ULU_A	182	208	3.2
3ULU_A	209	234	3.2
3ULU_A	235	260	3.2
3ULU_A	261	284	3.2
3ULU_A	285	309	3.2
3ULU_A	310	341	3.2
3ULU_A	342	366	3.2
3ULU_A	367	393	3.2
3ULU_A	394	418	3.2
3ULU_A	419	442	3.2
3ULU_A	443	467	3.2
3ULU_A	468	492	3.2
3ULU_A	493	516	3.2
3ULU_A	517	548	3.2
3ULU_A	549	572	3.2
3ULU_A	573	596	3.2
3ULU_A	597	621	3.2
3ULU_A	622	651	3.2
3UN9_A	76	102	3.2
3UN9_A	103	129	3.2
3UN9_A	128	158	3.2
3UN9_A	159	186	3.2
3UN9_A	187	214	3.2
3UN9_A	215	242	3.2
3UN9_A	243	263	3.2
3UPV_A	2	36	3.3
3UPV_A	37	70	3.3
3UPV_A	71	104	3.3
3URZ_A	3	34	3.3
3URZ_A	35	68	3.3
3URZ_A	69	103	3.3
3URZ_A	104	148	3.3
3URZ_A	153	207	3.3
3UT4_A	24	56	3.3
3UT4_A	57	89	3.3
3UT4_A	90	129	3.3
3UTM_A	21	51	3.3
3UTM_A	52	83	3.3
3UTM_A	84	116	3.3
3UTM_A	117	149	3.3
3UTM_A	150	177	3.3
3UTM_A	178	202	3.3
3UTM_A	203	239	3.3
3UTM_A	240	272	3.3
3UTM_A	273	305	3.3
3UTM_A	306	331	3.3
3UW0_A	61	80	3.1
3UW0_A	81	124	3.1
3UW0_A	125	165	3.1
3UW0_A	166	188	3.1
3UW0_A	189	208	3.1
3UW0_A	209	237	3.1
3UW0_A	238	287	3.1
3UW0_A	288	305	3.1
3UXG_A	4	25	3.3
3UXG_A	36	68	3.3
3UXG_A	69	101	3.3
3UXG_A	102	134	3.3
3UXG_A	135	161	3.3
3V44_A	14	33	3.2
3V44_A	34	57	3.2
3V44_A	58	82	3.2
3V44_A	83	106	3.2
3V44_A	107	132	3.2
3V44_A	133	157	3.2
3V44_A	158	180	3.2
3V44_A	181	212	3.2
3V44_A	213	240	3.2
3V44_A	241	278	3.2
3V44_A	279	302	3.2
3V44_A	303	326	3.2
3V44_A	327	350	3.2
3V44_A	351	378	3.2
3V47_A	17	33	3.2
3V47_A	34	57	3.2
3V47_A	58	82	3.2
3V47_A	83	106	3.2
3V47_A	107	132	3.2
3V47_A	133	157	3.2
3V47_A	158	180	3.2
3V47_A	181	212	3.2
3V47_A	213	240	3.2
3V47_A	241	278	3.2
3V47_A	279	302	3.2
3V47_A	303	326	3.2
3V47_A	327	350	3.2
3V47_A	351	374	3.2
3V47_A	375	398	3.2
3V47_A	399	431	3.2
3V47_A	432	446	3.2
3V4E_A	38	80	3.1
3V4E_A	81	112	3.1
3V4E_A	138	166	3.1
3V4E_A	167	180	3.1
3V6A_A	22	43	3.3
3V6A_A	44	76	3.3
3V6A_A	77	113	3.3
3V6A_A	114	151	3.3
3V6A_A	152	188	3.3
3V6A_A	189	225	3.3
3V6A_A	226	272	3.3
3V6A_A	273	325	3.3
3V6A_A	326	374	3.3
3V6A_A	375	405	3.3
3V6A_A	406	439	3.3
3V6A_A	440	462	3.3
3V71_A	28	67	3.3
3V71_A	68	104	3.3
3V71_A	105	141	3.3
3V71_A	142	179	3.3
3V71_A	180	226	3.3
3V71_A	227	265	3.3
3V71_A	266	312	3.3
3V71_A	313	367	3.3
3VBI_A	32	56	3.1
3VBI_A	57	86	3.1
3VBI_A	87	137	3.1
3VBI_A	138	167	3.1
3VBI_A	168	180	3.1
3VLD_A	29	63	3.3
3VLD_A	64	105	3.3
3VLD_A	108	142	3.3
3VLD_A	143	186	3.3
3VLD_A	187	225	3.3
3VLD_A	226	271	3.3
3VLD_A	272	320	3.3
3VLD_A	321	351	3.3
3VLD_A	352	381	3.3
3VLD_A	382	416	3.3
3VLD_A	417	462	3.3
3VMV_A	54	89	3.1
3VMV_A	90	109	3.1
3VMV_A	110	137	3.1
3VMV_A	138	170	3.1
3VMV_A	171	198	3.1
3VMV_A	199	220	3.1
3VMV_A	221	243	3.1
3VMV_A	244	281	3.1
3VN3_B	107	125	3.1
3VN3_B	126	148	3.1
3VN3_B	149	176	3.1
3VN3_B	177	194	3.1
3VN3_B	195	211	3.1
3VN3_B	212	223	3.1
3VNP_A	1	20	3.1
3VNP_A	21	38	3.1
3VNP_A	39	58	3.1
3VNP_A	59	65	3.1
3VNP_A	66	81	3.1
3VNP_A	82	98	3.1
3VNP_A	99	116	3.1
3VNP_A	117	131	3.1
3VQ1_A	18	34	3.2
3VQ1_A	35	58	3.2
3VQ1_A	59	82	3.2
3VQ1_A	83	106	3.2
3VQ1_A	107	130	3.2
3VQ1_A	131	155	3.2
3VQ1_A	156	184	3.2
3VQ1_A	185	204	3.2
3VQ1_A	205	231	3.2
3VQ1_A	232	269	3.2
3VQ1_A	270	287	3.2
3VQ1_A	288	309	3.2
3VQ1_A	310	330	3.2
3VQ1_A	331	352	3.2
3VQ1_A	353	378	3.2
3VQ1_A	379	401	3.2
3VQ1_A	402	426	3.2
3VQ1_A	427	450	3.2
3VQ1_A	451	475	3.2
3VQ1_A	476	499	3.2
3VQ1_A	500	523	3.2
3VQ1_A	524	547	3.2
3VQ1_A	548	574	3.2
3VST_A	40	70	3.2
3VST_A	71	103	3.2
3VST_A	104	144	3.2
3VST_A	145	162	3.2
3VST_A	163	201	3.2
3VST_A	202	249	3.2
3VST_A	250	301	3.2
3VST_A	302	333	3.2
3VST_A	334	362	3.2
3VST_A	363	388	3.2
3VST_A	389	410	3.2
3VST_A	411	436	3.2
3VST_A	437	468	3.2
3VTO_A	28	42	3.1
3VTO_A	43	63	3.1
3VTO_A	64	81	3.1
3VTX_A	4	35	3.3
3VTX_A	36	70	3.3
3VTX_A	71	103	3.3
3VTX_A	104	137	3.3
3VTX_A	138	178	3.3
3VWA_A	254	308	3.3
3VWA_A	318	353	3.3
3VWA_A	354	392	3.3
3VWA_A	393	431	3.3
3VWA_A	432	472	3.3
3VWA_A	473	511	3.3
3W12_E	25	54	3.2
3W12_E	55	79	3.2
3W12_E	80	108	3.2
3W12_E	109	132	3.2
3W3G_A	23	43	3.2
3W3G_A	44	68	3.2
3W3G_A	82	105	3.2
3W3G_A	106	126	3.2
3W3G_A	127	151	3.2
3W3G_A	152	181	3.2
3W3G_A	182	202	3.2
3W3G_A	203	227	3.2
3W3G_A	228	267	3.2
3W3G_A	268	292	3.2
3W3G_A	293	318	3.2
3W3G_A	319	347	3.2
3W3G_A	348	374	3.2
3W3G_A	375	399	3.2
3W3G_A	428	461	3.2
3W3G_A	462	485	3.2
3W3G_A	486	510	3.2
3W3G_A	511	535	3.2
3W3G_A	536	564	3.2
3W3G_A	565	589	3.2
3W3G_A	590	619	3.2
3W3G_A	620	644	3.2
3W3G_A	645	669	3.2
3W3G_A	670	693	3.2
3W3G_A	694	717	3.2
3W3G_A	718	742	3.2
3W3G_A	743	772	3.2
3W3Z_A	21	60	3.3
3W3Z_A	61	113	3.3
3W3Z_A	114	151	3.3
3W3Z_A	152	188	3.3
3W3Z_A	189	233	3.3
3W3Z_A	234	275	3.3
3W3Z_A	276	341	3.3
3W3Z_A	342	380	3.3
3W3Z_A	381	419	3.3
3W3Z_A	420	464	3.3
3W3Z_A	465	504	3.3
3W3Z_A	505	546	3.3
3W3Z_A	551	593	3.3
3W3Z_A	597	635	3.3
3W3Z_A	636	714	3.3
3W3Z_A	715	764	3.3
3W3Z_A	765	811	3.3
3W3Z_A	829	869	3.3
3W3Z_A	874	911	3.3
3W3Z_A	912	960	3.3
3W3Z_A	961	1000	3.3
3W3Z_A	1001	1049	3.3
3W3Z_A	1053	1077	3.3
3WFO_A	184	219	3.1
3WFO_A	220	253	3.1
3WFO_A	254	333	3.1
3WFO_A	344	377	3.1
3WFO_A	378	406	3.1
3WFO_A	407	448	3.1
3WO9_A	47	68	3.2
3WO9_A	69	93	3.2
3WO9_A	94	117	3.2
3WO9_A	118	141	3.2
3WO9_A	142	165	3.2
3WO9_A	166	189	3.2
3WO9_A	190	222	3.2
3WOY_A	23	68	3.3
3WOY_A	69	109	3.3
3WOY_A	110	149	3.3
3WOY_A	150	184	3.3
3WOY_A	185	225	3.3
3WOZ_A	6	37	3.3
3WOZ_A	38	63	3.3
3WOZ_A	66	87	3.3
3WOZ_A	88	128	3.3
3WOZ_A	131	171	3.3
3WOZ_A	172	214	3.3
3WOZ_A	215	228	3.3
3WP8_A	116	129	3.1
3WP8_A	130	145	3.1
3WP8_A	146	159	3.1
3WP8_A	160	173	3.1
3WP8_A	174	187	3.1
3WP8_A	188	201	3.1
3WP8_A	202	215	3.1
3WP8_A	216	230	3.1
3WP9_A	20	37	3.1
3WP9_A	100	117	3.1
3WP9_A	118	141	3.1
3WP9_A	142	168	3.1
3WP9_A	169	186	3.1
3WP9_A	187	204	3.1
3WP9_A	205	217	3.1
3WPB_A	21	44	3.2
3WPB_A	45	68	3.2
3WPB_A	69	104	3.2
3WPB_A	105	124	3.2
3WPB_A	125	148	3.2
3WPB_A	149	180	3.2
3WPB_A	181	201	3.2
3WPB_A	202	225	3.2
3WPB_A	226	265	3.2
3WPB_A	266	289	3.2
3WPB_A	290	315	3.2
3WPB_A	316	345	3.2
3WPB_A	346	372	3.2
3WPB_A	373	396	3.2
3WPB_A	397	411	3.2
3WPB_A	454	477	3.2
3WPB_A	478	502	3.2
3WPB_A	503	526	3.2
3WPB_A	527	556	3.2
3WPB_A	557	579	3.2
3WPB_A	580	609	3.2
3WPB_A	610	634	3.2
3WPB_A	635	658	3.2
3WPB_A	659	682	3.2
3WPB_A	683	706	3.2
3WPB_A	707	731	3.2
3WPB_A	732	759	3.2
3WPE_A	21	45	3.2
3WPE_A	46	69	3.2
3WPE_A	70	105	3.2
3WPE_A	106	125	3.2
3WPE_A	126	149	3.2
3WPE_A	150	181	3.2
3WPE_A	182	201	3.2
3WPE_A	202	225	3.2
3WPE_A	226	266	3.2
3WPE_A	267	290	3.2
3WPE_A	291	316	3.2
3WPE_A	317	346	3.2
3WPE_A	347	373	3.2
3WPE_A	374	397	3.2
3WPE_A	398	407	3.2
3WPE_A	454	477	3.2
3WPE_A	478	502	3.2
3WPE_A	503	526	3.2
3WPE_A	527	556	3.2
3WPE_A	557	579	3.2
3WPE_A	580	609	3.2
3WPE_A	610	633	3.2
3WPE_A	634	658	3.2
3WPE_A	659	682	3.2
3WPE_A	683	706	3.2
3WPE_A	707	731	3.2
3WPE_A	732	758	3.2
3WPF_A	20	44	3.2
3WPF_A	45	68	3.2
3WPF_A	69	104	3.2
3WPF_A	105	124	3.2
3WPF_A	125	148	3.2
3WPF_A	149	180	3.2
3WPF_A	181	201	3.2
3WPF_A	202	225	3.2
3WPF_A	226	265	3.2
3WPF_A	266	289	3.2
3WPF_A	290	315	3.2
3WPF_A	316	345	3.2
3WPF_A	346	372	3.2
3WPF_A	373	396	3.2
3WPF_A	397	411	3.2
3WPF_A	454	477	3.2
3WPF_A	478	502	3.2
3WPF_A	503	526	3.2
3WPF_A	527	556	3.2
3WPF_A	557	579	3.2
3WPF_A	580	609	3.2
3WPF_A	610	634	3.2
3WPF_A	635	658	3.2
3WPF_A	659	682	3.2
3WPF_A	683	706	3.2
3WPF_A	707	731	3.2
3WPF_A	732	762	3.2
3WQA_C	10	42	3.3
3WQA_C	72	113	3.3
3WQA_C	169	201	3.3
3ZGQ_A	47	86	3.3
3ZGQ_A	87	129	3.3
3ZGQ_A	130	172	3.3
3ZGQ_A	173	214	3.3
3ZGQ_A	215	248	3.3
3ZGQ_A	249	281	3.3
3ZGQ_A	282	337	3.3
3ZGQ_A	338	369	3.3
3ZGQ_A	370	409	3.3
3ZGQ_A	410	467	3.3
3ZHE_A	2	52	3.3
3ZHE_A	53	104	3.3
3ZHE_A	105	143	3.3
3ZHE_A	144	192	3.3
3ZHE_A	193	235	3.3
3ZHE_A	236	281	3.3
3ZHE_A	282	338	3.3
3ZHP_A	18	61	3.3
3ZHP_A	68	109	3.3
3ZHP_A	110	154	3.3
3ZHP_A	155	197	3.3
3ZHP_A	198	243	3.3
3ZHP_A	244	287	3.3
3ZHP_A	288	336	3.3
3ZIK_A	35	77	3.3
3ZIK_A	78	119	3.3
3ZIK_A	120	180	3.3
3ZIK_A	181	219	3.3
3ZIK_A	220	266	3.3
3ZIK_A	267	319	3.3
3ZIK_A	320	359	3.3
3ZN3_A	1	44	3.3
3ZN3_A	69	97	3.3
3ZN3_A	98	153	3.3
3ZN3_A	154	186	3.3
3ZN3_A	187	214	3.3
3ZN3_A	215	249	3.3
3ZN3_A	250	290	3.3
3ZNG_A	4	35	3.3
3ZNG_A	36	68	3.3
3ZNG_A	69	101	3.3
3ZNG_A	102	134	3.3
3ZNG_A	135	166	3.3
3ZNG_A	167	198	3.3
3ZPJ_A	1	27	3.3
3ZPJ_A	28	68	3.3
3ZPJ_A	69	107	3.3
3ZPJ_A	108	149	3.3
3ZPJ_A	173	213	3.3
3ZPJ_A	214	238	3.3
3ZPJ_A	239	278	3.3
3ZPJ_A	279	307	3.3
3ZPJ_A	308	340	3.3
3ZSC_A	18	89	3.2
3ZSC_A	90	140	3.2
3ZSC_A	141	182	3.2
3ZSC_A	183	237	3.2
3ZSC_A	238	293	3.2
3ZU7_B	14	46	3.3
3ZU7_B	47	79	3.3
3ZU7_B	80	112	3.3
3ZU7_B	113	145	3.3
3ZU7_B	146	166	3.3
3ZYI_A	58	77	3.2
3ZYI_A	78	102	3.2
3ZYI_A	103	126	3.2
3ZYI_A	127	150	3.2
3ZYI_A	151	174	3.2
3ZYI_A	175	199	3.2
3ZYI_A	200	221	3.2
3ZYI_A	222	245	3.2
3ZYI_A	246	269	3.2
3ZYI_A	270	293	3.2
3ZYI_A	294	319	3.2
3ZYJ_A	47	66	3.2
3ZYJ_A	67	91	3.2
3ZYJ_A	92	115	3.2
3ZYJ_A	116	139	3.2
3ZYJ_A	140	163	3.2
3ZYJ_A	164	188	3.2
3ZYJ_A	189	210	3.2
3ZYJ_A	211	234	3.2
3ZYJ_A	235	258	3.2
3ZYJ_A	259	282	3.2
3ZYJ_A	283	308	3.2
3ZYO_A	18	37	3.2
3ZYO_A	38	62	3.2
3ZYO_A	63	86	3.2
3ZYO_A	87	110	3.2
3ZYO_A	111	133	3.2
3ZYO_A	134	159	3.2
3ZYO_A	160	181	3.2
3ZYO_A	182	205	3.2
3ZYO_A	206	229	3.2
3ZYO_A	230	253	3.2
3ZYO_A	254	281	3.2
4A0C_A	27	62	3.3
4A0C_A	63	103	3.3
4A0C_A	104	143	3.3
4A0C_A	149	189	3.3
4A0C_A	190	230	3.3
4A0C_A	231	272	3.3
4A0C_A	273	313	3.3
4A0C_A	367	387	3.3
4A0C_A	388	432	3.3
4A0C_A	446	490	3.3
4A0C_A	491	532	3.3
4A0C_A	533	582	3.3
4A0C_A	583	624	3.3
4A0C_A	625	667	3.3
4A0C_A	668	707	3.3
4A0C_A	708	746	3.3
4A0C_A	747	790	3.3
4A0C_A	791	833	3.3
4A0C_A	834	872	3.3
4A0C_A	873	911	3.3
4A0C_A	912	950	3.3
4A0C_A	951	986	3.3
4A0C_A	987	1020	3.3
4A0C_A	1021	1060	3.3
4A0C_A	1061	1123	3.3
4A0C_A	1124	1157	3.3
4A0C_A	1158	1211	3.3
4A1G_A	5	41	3.3
4A1G_A	42	83	3.3
4A1G_A	84	115	3.3
4A1G_A	116	149	3.3
4A1S_B	44	80	3.3
4A1S_B	81	120	3.3
4A1S_B	121	160	3.3
4A1S_B	161	218	3.3
4A1S_B	219	258	3.3
4A1S_B	259	297	3.3
4A1S_B	298	337	3.3
4A1S_B	338	373	3.3
4A3V_A	11	49	3.3
4A3V_A	50	92	3.3
4A3V_A	93	130	3.3
4A3V_A	131	169	3.3
4A3V_A	170	210	3.3
4A3V_A	211	256	3.3
4A3V_A	257	304	3.3
4A3V_A	305	341	3.3
4A3V_A	367	402	3.3
4A3V_A	431	469	3.3
4ADY_A	15	47	3.3
4ADY_A	48	84	3.3
4ADY_A	85	101	3.3
4ADY_A	102	130	3.3
4ADY_A	131	160	3.3
4ADY_A	161	187	3.3
4ADY_A	190	244	3.3
4ADY_A	245	268	3.3
4ADY_A	269	292	3.3
4ADY_A	293	319	3.3
4ADY_A	320	356	3.3
4ADY_A	357	371	3.3
4ADY_A	372	396	3.3
4ADY_A	399	426	3.3
4ADY_A	427	468	3.3
4ADY_A	469	503	3.3
4ADY_A	504	550	3.3
4ADY_A	552	573	3.3
4ADY_A	574	617	3.3
4ADY_A	618	643	3.3
4ADY_A	644	689	3.3
4ADY_A	690	729	3.3
4ADY_A	730	767	3.3
4ANU_A	5	25	3.3
4ANU_A	36	54	3.3
4ANU_A	86	113	3.3
4ANU_A	230	376	3.3
4ANU_A	410	443	3.3
4ANU_A	444	480	3.3
4ANU_A	481	513	3.3
4ANU_A	514	549	3.3
4ANU_A	550	585	3.3
4ANU_A	605	635	3.3
4ANU_A	700	742	3.3
4ANU_A	743	796	3.3
4ANU_A	811	940	3.3
4ARN_A	1	14	3.2
4ARN_A	15	42	3.2
4ARN_A	43	71	3.2
4ARN_A	72	99	3.2
4ARN_A	100	124	3.2
4ARN_A	125	148	3.2
4ARN_A	149	171	3.2
4ARN_A	172	195	3.2
4ARN_A	196	219	3.2
4ARN_A	220	255	3.2
4ARN_A	256	270	3.2
4ATG_A	6	37	3.3
4ATG_A	38	80	3.3
4ATG_A	81	125	3.3
4ATG_A	126	161	3.3
4ATG_A	162	195	3.3
4ATZ_D	2	34	3.3
4ATZ_D	35	67	3.3
4ATZ_D	68	100	3.3
4ATZ_D	101	133	3.3
4ATZ_D	134	154	3.3
4AW4_A	47	68	3.2
4AW4_A	69	90	3.2
4AW4_A	91	113	3.2
4AW4_A	114	135	3.2
4AW4_A	136	156	3.2
4AW4_A	157	178	3.2
4AW4_A	179	200	3.2
4AW4_A	201	222	3.2
4AY9_X	11	31	3.2
4AY9_X	32	57	3.2
4AY9_X	58	80	3.2
4AY9_X	81	107	3.2
4AY9_X	108	129	3.2
4AY9_X	130	156	3.2
4AY9_X	157	178	3.2
4AY9_X	179	204	3.2
4AY9_X	205	225	3.2
4AY9_X	226	249	3.2
4AY9_X	250	265	3.2
4B7L_A	13	34	3.3
4B7L_A	35	60	3.3
4B7L_A	61	92	3.3
4B7L_A	93	120	3.3
4B7L_A	121	157	3.3
4B7L_A	158	178	3.3
4B7L_A	179	209	3.3
4B7L_A	210	240	3.3
4B89_A	31	64	3.3
4B89_A	92	144	3.3
4B89_A	161	209	3.3
4B8B_A	62	102	3.3
4B8B_A	130	175	3.3
4B8B_A	196	265	3.3
4B8B_A	266	302	3.3
4B8B_A	303	382	3.3
4B8B_A	383	425	3.3
4B8B_A	444	467	3.3
4B8B_A	487	529	3.3
4B8B_A	530	570	3.3
4B8J_A	87	130	3.3
4B8J_A	131	172	3.3
4B8J_A	173	214	3.3
4B8J_A	215	257	3.3
4B8J_A	258	298	3.3
4B8J_A	299	341	3.3
4B8J_A	342	384	3.3
4B8J_A	385	426	3.3
4B8J_A	427	480	3.3
4B93_B	9	34	3.3
4B93_B	86	118	3.3
4B93_B	119	151	3.3
4B93_B	152	184	3.3
4B93_B	185	217	3.3
4B93_B	218	237	3.3
4B94_A	4	41	3.3
4B94_A	42	66	3.3
4B94_A	67	100	3.3
4B94_A	101	133	3.3
4BSR_A	40	58	3.2
4BSR_A	59	85	3.2
4BSR_A	86	109	3.2
4BSR_A	110	133	3.2
4BSR_A	134	157	3.2
4BSR_A	158	181	3.2
4BSR_A	182	205	3.2
4BSR_A	206	229	3.2
4BSR_A	230	252	3.2
4BSR_A	253	276	3.2
4BSR_A	277	300	3.2
4BSR_A	301	323	3.2
4BSR_A	324	347	3.2
4BSR_A	348	369	3.2
4BSR_A	370	393	3.2
4BSR_A	394	417	3.2
4BSR_A	418	438	3.2
4BSR_A	439	461	3.2
4BTA_A	24	41	3.3
4BTA_A	42	92	3.3
4BTA_A	111	151	3.3
4BTA_A	152	186	3.3
4BTA_A	187	226	3.3
4BUJ_B	4	40	3.3
4BUJ_B	41	83	3.3
4BUJ_B	84	125	3.3
4BUJ_B	128	163	3.3
4BUJ_B	169	235	3.3
4BUJ_B	236	281	3.3
4BUJ_B	306	343	3.3
4BUJ_B	410	442	3.3
4BUJ_B	443	488	3.3
4BUJ_B	489	525	3.3
4BUJ_B	526	558	3.3
4BUJ_B	559	604	3.3
4BUJ_B	608	646	3.3
4BUJ_B	647	679	3.3
4BUJ_B	680	719	3.3
4BUJ_B	720	752	3.3
4BUJ_B	753	786	3.3
4BUJ_B	787	828	3.3
4BUJ_B	829	873	3.3
4BUJ_B	874	934	3.3
4BUJ_B	935	986	3.3
4BUJ_B	987	1021	3.3
4BUJ_B	1022	1055	3.3
4BUJ_B	1056	1088	3.3
4BUJ_B	1089	1138	3.3
4BUJ_B	1139	1178	3.3
4BUJ_B	1179	1219	3.3
4BUJ_B	1220	1262	3.3
4BUJ_B	1263	1297	3.3
4BUJ_B	1298	1338	3.3
4BUJ_B	1339	1373	3.3
4BUJ_B	1374	1396	3.3
4BUJ_B	1397	1422	3.3
4BV4_R	47	73	3.2
4BV4_R	74	101	3.2
4BV4_R	102	126	3.2
4BV4_R	127	150	3.2
4BV4_R	151	173	3.2
4BV4_R	174	197	3.2
4BV4_R	198	221	3.2
4BV4_R	222	245	3.2
4BV4_R	246	269	3.2
4BV4_R	270	295	3.2
4BV4_R	296	318	3.2
4BV4_R	319	342	3.2
4BV4_R	343	366	3.2
4BV4_R	367	390	3.2
4BV4_R	391	419	3.2
4BWR_A	3	34	3.3
4BWR_A	35	70	3.3
4BWR_A	71	106	3.3
4BWR_A	107	142	3.3
4BWR_A	143	178	3.3
4BWR_A	179	214	3.3
4BWR_A	215	250	3.3
4BWR_A	251	287	3.3
4BWR_A	288	319	3.3
4BWR_A	320	358	3.3
4BWR_A	359	394	3.3
4BWR_A	395	426	3.3
4BY6_A	27	67	3.3
4BY6_A	68	115	3.3
4BY6_A	116	151	3.3
4BY6_A	152	202	3.3
4BY6_A	203	230	3.3
4BY6_A	231	282	3.3
4BY6_A	283	333	3.3
4BY6_A	344	389	3.3
4BY6_A	390	434	3.3
4BY6_A	435	478	3.3
4BY6_A	479	517	3.3
4C0D_A	299	326	3.3
4C0D_A	347	389	3.3
4C0D_A	390	413	3.3
4C0D_A	437	466	3.3
4C0D_A	467	489	3.3
4C0D_A	507	546	3.3
4C0D_A	559	670	3.3
4C0D_A	683	703	3.3
4C0D_A	704	738	3.3
4C0D_A	739	773	3.3
4C0O_A	3	41	3.3
4C0O_A	42	75	3.3
4C0O_A	76	119	3.3
4C0O_A	120	156	3.3
4C0O_A	157	214	3.3
4C0O_A	215	256	3.3
4C0O_A	257	313	3.3
4C0O_A	314	357	3.3
4C0O_A	358	415	3.3
4C0O_A	416	454	3.3
4C0O_A	455	495	3.3
4C0O_A	496	530	3.3
4C0O_A	531	572	3.3
4C0O_A	573	626	3.3
4C0O_A	633	675	3.3
4C0O_A	676	712	3.3
4C0O_A	713	764	3.3
4C0O_A	765	811	3.3
4C0O_A	812	864	3.3
4C2B_B	34	61	3.2
4C2B_B	62	88	3.2
4C2B_B	103	149	3.2
4C2B_B	150	177	3.2
4C2B_B	198	228	3.2
4CEK_A	113	151	3.3
4CEK_A	152	182	3.3
4CEK_A	183	226	3.3
4CEK_A	227	267	3.3
4CEK_A	268	306	3.3
4CEM_B	12	30	3.3
4CEM_B	48	117	3.3
4CEM_B	136	184	3.3
4CEM_B	185	247	3.3
4CEM_B	248	293	3.3
4CIL_A	7	41	3.2
4CIL_A	42	62	3.2
4CIL_A	63	85	3.2
4CIL_A	86	107	3.2
4CIL_A	108	129	3.2
4CIL_A	130	151	3.2
4CIL_A	152	173	3.2
4CIL_A	174	196	3.2
4CIL_A	197	270	3.2
4CJ9_A	30	60	3.3
4CJ9_A	61	93	3.3
4CJ9_A	94	126	3.3
4CJ9_A	127	159	3.3
4CJ9_A	160	192	3.3
4CJ9_A	193	225	3.3
4CJ9_A	226	258	3.3
4CJ9_A	259	291	3.3
4CJ9_A	292	324	3.3
4CJ9_A	325	357	3.3
4CJ9_A	358	390	3.3
4CJ9_A	391	423	3.3
4CJ9_A	424	456	3.3
4CJ9_A	457	489	3.3
4CJ9_A	490	522	3.3
4CJ9_A	523	555	3.3
4CJ9_A	556	588	3.3
4CJ9_A	589	621	3.3
4CJ9_A	622	654	3.3
4CJ9_A	655	687	3.3
4CJ9_A	688	720	3.3
4CJ9_A	721	753	3.3
4CP6_A	97	118	3.1
4CP6_A	119	142	3.1
4CP6_A	143	165	3.1
4CP6_A	166	190	3.1
4CP6_A	191	213	3.1
4CP6_A	214	249	3.1
4CP6_A	250	272	3.1
4CP6_A	273	295	3.1
4CP6_A	296	318	3.1
4CP6_A	319	341	3.1
4CP6_A	342	365	3.1
4CP6_A	366	389	3.1
4CRU_B	4	36	3.3
4CRU_B	37	89	3.3
4CRU_B	90	136	3.3
4CRU_B	137	181	3.3
4CRU_B	182	229	3.3
4CRU_B	230	272	3.3
4CT4_C	36	67	3.3
4CT4_C	82	116	3.3
4CT4_C	117	143	3.3
4CT4_C	154	187	3.3
4CT4_C	203	234	3.3
4CT6_A	35	69	3.3
4CT6_A	70	111	3.3
4CT6_A	140	173	3.3
4CT6_A	191	236	3.3
4CV5_C	15	49	3.3
4CV5_C	50	94	3.3
4CV5_C	109	152	3.3
4CYM_D	20	51	3.3
4CYM_D	52	85	3.3
4CYM_D	86	120	3.3
4CYM_D	121	153	3.3
4D4E_A	13	42	3.3
4D4E_A	43	84	3.3
4D4E_A	85	126	3.3
4D4E_A	85	126	3.3
4D4E_A	85	126	3.3
4D4E_A	211	250	3.3
4DB6_A	25	63	3.3
4DB6_A	64	106	3.3
4DB6_A	65	106	3.3
4DB6_A	149	190	3.3
4DB8_A	64	106	3.3
4DB8_A	65	106	3.3
4DB8_A	65	106	3.3
4DB8_A	191	232	3.3
4DCL_A	59	78	3.1
4DCL_A	79	134	3.1
4DCL_A	135	164	3.1
4DCL_A	165	184	3.1
4DMV_A	35	79	3.3
4DMV_A	80	104	3.3
4DMV_A	105	136	3.3
4DMV_A	166	222	3.3
4DMV_A	223	251	3.3
4DMV_A	281	433	3.3
4DMV_A	434	474	3.3
4DMV_A	475	497	3.3
4DMV_A	533	552	3.3
4DN7_A	174	206	3.1
4DN7_A	207	233	3.1
4DN7_A	234	262	3.1
4DN7_A	263	292	3.1
4DN7_A	293	320	3.1
4DN7_A	321	350	3.1
4DN7_A	351	376	3.1
4DRX_E	14	46	3.3
4DRX_E	47	79	3.3
4DRX_E	80	112	3.3
4DRX_E	113	145	3.3
4DRX_E	146	167	3.3
4DZS_A	60	94	3.3
4DZS_A	95	130	3.3
4DZS_A	131	167	3.3
4DZS_A	168	203	3.3
4DZS_A	204	244	3.3
4DZS_A	245	276	3.3
4DZS_A	277	320	3.3
4DZS_A	321	354	3.3
4E4V_A	30	66	3.3
4E4V_A	67	106	3.3
4E4V_A	107	148	3.3
4E4V_A	149	196	3.3
4E4V_A	197	237	3.3
4E4V_A	238	279	3.3
4E4V_A	280	321	3.3
4E4V_A	322	364	3.3
4E4V_A	365	406	3.3
4E4V_A	407	453	3.3
4E6H_A	64	97	3.3
4E6H_A	98	136	3.3
4E6H_A	137	181	3.3
4E6H_A	182	224	3.3
4E6H_A	225	297	3.3
4E6H_A	298	340	3.3
4E6H_A	341	375	3.3
4E6H_A	376	421	3.3
4E6H_A	422	465	3.3
4E6H_A	466	501	3.3
4E6H_A	502	537	3.3
4E6H_A	538	573	3.3
4E6H_A	573	596	3.3
4E75_A	104	121	3.1
4E75_A	122	139	3.1
4E75_A	140	157	3.1
4E75_A	158	175	3.1
4E75_A	176	212	3.1
4E75_A	213	234	3.1
4E75_A	235	252	3.1
4E75_A	253	270	3.1
4E75_A	271	287	3.1
4E75_A	288	303	3.1
4ECN_A	324	350	3.2
4ECN_A	351	451	3.2
4ECN_A	452	494	3.2
4ECN_A	495	518	3.2
4ECN_A	519	551	3.2
4ECN_A	552	576	3.2
4ECN_A	577	598	3.2
4ECN_A	599	622	3.2
4ECN_A	623	645	3.2
4ECN_A	647	674	3.2
4ECN_A	675	700	3.2
4ECN_A	701	731	3.2
4ECN_A	732	756	3.2
4ECN_A	757	779	3.2
4ECN_A	780	809	3.2
4ECN_A	810	830	3.2
4ECN_A	831	856	3.2
4ECN_A	857	873	3.2
4ECO_A	26	82	3.2
4ECO_A	83	98	3.2
4ECO_A	99	129	3.2
4ECO_A	130	153	3.2
4ECO_A	154	192	3.2
4ECO_A	193	265	3.2
4ECO_A	266	287	3.2
4ECO_A	288	345	3.2
4ECO_A	346	361	3.2
4ECO_A	362	420	3.2
4ECO_A	421	468	3.2
4ECO_A	470	528	3.2
4ECO_A	529	553	3.2
4ECO_A	554	629	3.2
4EQF_A	67	95	3.3
4EQF_A	96	129	3.3
4EQF_A	130	163	3.3
4EQF_A	190	227	3.3
4EQF_A	228	260	3.3
4EQF_A	261	295	3.3
4EQF_A	296	341	3.3
4EQF_A	342	362	3.3
4FCE_A	256	275	3.1
4FCE_A	276	293	3.1
4FCE_A	294	310	3.1
4FCE_A	311	327	3.1
4FCE_A	328	345	3.1
4FCE_A	346	362	3.1
4FCE_A	363	379	3.1
4FCE_A	380	404	3.1
4FCE_A	405	422	3.1
4FCE_A	423	438	3.1
4FCG_A	83	107	3.2
4FCG_A	108	130	3.2
4FCG_A	131	149	3.2
4FCG_A	150	178	3.2
4FCG_A	179	206	3.2
4FCG_A	207	228	3.2
4FCG_A	229	250	3.2
4FCG_A	251	276	3.2
4FCG_A	277	301	3.2
4FD0_A	108	125	3.2
4FD0_A	126	148	3.2
4FD0_A	149	169	3.2
4FD0_A	170	193	3.2
4FD0_A	194	215	3.2
4FD0_A	216	239	3.2
4FD0_A	240	262	3.2
4FD0_A	263	288	3.2
4FD0_A	289	312	3.2
4FD0_A	313	336	3.2
4FD0_A	337	359	3.2
4FDW_A	120	141	3.2
4FDW_A	142	163	3.2
4FDW_A	164	186	3.2
4FDW_A	187	209	3.2
4FDW_A	210	232	3.2
4FDW_A	233	256	3.2
4FDW_A	257	279	3.2
4FDW_A	280	306	3.2
4FDW_A	307	331	3.2
4FDW_A	332	353	3.2
4FDW_A	354	377	3.2
4FFB_C	21	66	3.3
4FFB_C	67	116	3.3
4FFB_C	117	150	3.3
4FFB_C	151	196	3.3
4FGV_A	11	41	3.3
4FGV_A	42	84	3.3
4FGV_A	85	128	3.3
4FGV_A	129	176	3.3
4FGV_A	177	225	3.3
4FGV_A	226	264	3.3
4FGV_A	265	307	3.3
4FGV_A	308	355	3.3
4FGV_A	356	410	3.3
4FGV_A	411	473	3.3
4FGV_A	474	515	3.3
4FGV_A	516	557	3.3
4FGV_A	558	602	3.3
4FGV_A	603	650	3.3
4FGV_A	651	709	3.3
4FGV_A	710	773	3.3
4FGV_A	774	818	3.3
4FGV_A	819	865	3.3
4FGV_A	866	915	3.3
4FGV_A	916	981	3.3
4FGV_A	982	1005	3.3
4FGV_A	1006	1040	3.3
4FGV_A	1041	1076	3.3
4FHO_A	12	26	3.2
4FHO_A	27	50	3.2
4FHO_A	51	72	3.2
4FHO_A	73	94	3.2
4FHO_A	95	115	3.2
4FHO_A	116	137	3.2
4FHO_A	138	159	3.2
4FHO_A	160	182	3.2
4FHO_A	183	204	3.2
4FHO_A	205	226	3.2
4FMZ_A	47	68	3.2
4FMZ_A	69	90	3.2
4FMZ_A	91	112	3.2
4FMZ_A	113	135	3.2
4FMZ_A	136	158	3.2
4FMZ_A	159	179	3.2
4FMZ_A	180	202	3.2
4FMZ_A	203	223	3.2
4FMZ_A	224	245	3.2
4FMZ_A	246	267	3.2
4FMZ_A	270	289	3.2
4FMZ_A	290	313	3.2
4FMZ_A	314	336	3.2
4FP9_B	38	69	3.3
4FP9_B	70	108	3.3
4FP9_B	109	143	3.3
4FP9_B	144	179	3.3
4FP9_B	180	210	3.3
4FP9_B	211	251	3.3
4FP9_B	252	281	3.3
4FS7_A	70	97	3.2
4FS7_A	98	119	3.2
4FS7_A	120	141	3.2
4FS7_A	142	165	3.2
4FS7_A	166	187	3.2
4FS7_A	188	211	3.2
4FS7_A	212	232	3.2
4FS7_A	233	256	3.2
4FS7_A	257	279	3.2
4FS7_A	280	299	3.2
4FS7_A	300	322	3.2
4FS7_A	323	346	3.2
4FS7_A	347	368	3.2
4FS7_A	369	388	3.2
4FU3_A	2	33	3.3
4FU3_A	34	71	3.3
4G1T_A	27	45	3.3
4G1T_A	50	90	3.3
4G1T_A	91	124	3.3
4G1T_A	135	151	3.3
4G1T_A	152	185	3.3
4G1T_A	208	244	3.3
4G1T_A	245	282	3.3
4G1T_A	283	323	3.3
4G1T_A	335	366	3.3
4G1T_A	367	405	3.3
4G1T_A	406	443	3.3
4G23_A	25	58	3.3
4G23_A	59	101	3.3
4G23_A	102	137	3.3
4G23_A	138	171	3.3
4G23_A	189	228	3.3
4G23_A	229	256	3.3
4G23_A	290	317	3.3
4G23_A	340	381	3.3
4G23_A	402	427	3.3
4G23_A	428	485	3.3
4G8A_A	34	55	3.2
4G8A_A	56	79	3.2
4G8A_A	80	103	3.2
4G8A_A	104	127	3.2
4G8A_A	128	151	3.2
4G8A_A	152	176	3.2
4G8A_A	177	203	3.2
4G8A_A	204	224	3.2
4G8A_A	225	251	3.2
4G8A_A	252	284	3.2
4G8A_A	285	308	3.2
4G8A_A	309	330	3.2
4G8A_A	331	352	3.2
4G8A_A	353	374	3.2
4G8A_A	375	400	3.2
4G8A_A	401	423	3.2
4G8A_A	424	448	3.2
4G8A_A	449	472	3.2
4G8A_A	473	497	3.2
4G8A_A	498	521	3.2
4G8A_A	522	545	3.2
4G8A_A	546	570	3.2
4G8A_A	571	601	3.2
4G8K_A	21	55	3.3
4G8K_A	56	91	3.3
4G8K_A	92	124	3.3
4G8K_A	125	158	3.3
4G8K_A	166	201	3.3
4G8K_A	202	238	3.3
4G8K_A	239	272	3.3
4G8K_A	273	301	3.3
4G8K_A	302	325	3.3
4GA0_A	8	46	3.3
4GA0_A	47	80	3.3
4GA0_A	81	115	3.3
4GA0_A	116	149	3.3
4GCN_A	22	56	3.3
4GCN_A	57	97	3.3
4GCN_A	98	127	3.3
4GCO_A	12	44	3.3
4GCO_A	45	78	3.3
4GCO_A	79	112	3.3
4GFJ_A	6	28	3.3
4GFJ_A	29	75	3.3
4GFJ_A	76	98	3.3
4GFJ_A	99	126	3.3
4GFJ_A	127	150	3.3
4GFJ_A	151	182	3.3
4GFJ_A	183	223	3.3
4GFJ_A	224	247	3.3
4GFJ_A	248	269	3.3
4GFJ_A	270	297	3.3
4GFJ_A	298	321	3.3
4GFJ_A	322	350	3.3
4GFJ_A	351	384	3.3
4GFJ_A	385	419	3.3
4GFJ_A	420	432	3.3
4GFJ_A	433	463	3.3
4GFJ_A	464	489	3.3
4GFJ_A	490	517	3.3
4GFJ_A	518	539	3.3
4GFJ_A	540	567	3.3
4GFJ_A	568	589	3.3
4GFJ_A	590	612	3.3
4GG4_A	5	38	3.3
4GG4_A	39	71	3.3
4GG4_A	72	105	3.3
4GG4_A	106	139	3.3
4GG4_A	140	173	3.3
4GG4_A	174	207	3.3
4GG4_A	174	207	3.3
4GG4_A	174	207	3.3
4GG4_A	276	309	3.3
4GG4_A	310	343	3.3
4GG4_A	344	377	3.3
4GG4_A	378	411	3.3
4GG4_A	412	445	3.3
4GG4_A	446	481	3.3
4GLP_A	7	30	3.2
4GLP_A	31	67	3.2
4GLP_A	68	94	3.2
4GLP_A	95	122	3.2
4GLP_A	123	148	3.2
4GLP_A	149	172	3.2
4GLP_A	173	200	3.2
4GLP_A	201	228	3.2
4GLP_A	229	255	3.2
4GLP_A	256	276	3.2
4GLP_A	277	298	3.2
4GML_C	35	77	3.3
4GML_C	78	126	3.3
4GML_C	150	197	3.3
4GMO_A	25	62	3.3
4GMO_A	63	107	3.3
4GMO_A	108	171	3.3
4GMO_A	172	215	3.3
4GMO_A	216	262	3.3
4GMO_A	263	324	3.3
4GMO_A	408	459	3.3
4GMO_A	460	517	3.3
4GMO_A	518	567	3.3
4GMO_A	568	609	3.3
4GMO_A	610	674	3.3
4GMR_A	4	36	3.3
4GMR_A	37	69	3.3
4GMR_A	37	69	3.3
4GMR_A	103	135	3.3
4GMR_A	136	159	3.3
4GMX_C	12	46	3.3
4GMX_C	47	62	3.3
4GMX_C	63	107	3.3
4GMX_C	108	136	3.3
4GMX_C	137	183	3.3
4GMX_C	184	226	3.3
4GMX_C	227	247	3.3
4GMX_C	248	293	3.3
4GMX_C	294	335	3.3
4GMX_C	336	378	3.3
4GMX_C	417	481	3.3
4GMX_C	482	521	3.3
4GMX_C	522	571	3.3
4GMX_C	572	621	3.3
4GMX_C	622	657	3.3
4GMX_C	658	719	3.3
4GMX_C	720	780	3.3
4GMX_C	781	828	3.3
4GMX_C	829	880	3.3
4GMX_C	881	921	3.3
4GMX_C	922	983	3.3
4GMX_C	984	1009	3.3
4GMX_C	1010	1045	3.3
4GPK_A	7	47	3.3
4GPK_A	48	86	3.3
4GPK_A	87	128	3.3
4GPK_A	129	163	3.3
4GPK_A	164	204	3.3
4GPK_A	205	244	3.3
4GPK_A	245	281	3.3
4GPK_A	282	316	3.3
4GPK_A	327	359	3.3
4GPK_A	330	359	3.3
4GRG_A	13	47	3.3
4GRG_A	48	79	3.3
4GRG_A	80	112	3.3
4GRG_A	113	135	3.3
4GYO_A	6	46	3.3
4GYO_A	47	89	3.3
4GYO_A	93	132	3.3
4GYO_A	133	173	3.3
4GYO_A	174	214	3.3
4GYO_A	215	253	3.3
4GYO_A	254	292	3.3
4GYO_A	293	328	3.3
4GYO_A	329	367	3.3
4H09_E	24	52	3.2
4H09_E	53	75	3.2
4H09_E	76	97	3.2
4H09_E	98	119	3.2
4H09_E	120	141	3.2
4H09_E	142	200	3.2
4H09_E	201	223	3.2
4H09_E	224	246	3.2
4H09_E	247	269	3.2
4H09_E	270	294	3.2
4H09_E	295	316	3.2
4H09_E	317	339	3.2
4H09_E	340	361	3.2
4H7X_A	12	50	3.3
4H7X_A	51	91	3.3
4H7X_A	92	124	3.3
4HBD_A	56	110	3.3
4HBD_A	111	141	3.3
4HBD_A	142	182	3.3
4HBD_A	183	215	3.3
4HBD_A	216	249	3.3
4HBD_A	250	273	3.3
4HLH_B	38	72	3.3
4HLH_B	73	105	3.3
4HLH_B	106	172	3.3
4HPZ_A	7	22	3.3
4HPZ_A	23	50	3.3
4HPZ_A	51	84	3.3
4HPZ_A	85	118	3.3
4HPZ_A	119	153	3.3
4HPZ_A	154	187	3.3
4HPZ_A	188	221	3.3
4HPZ_A	188	221	3.3
4HPZ_A	222	255	3.3
4HPZ_A	256	289	3.3
4HPZ_A	290	323	3.3
4HPZ_A	358	391	3.3
4HPZ_A	392	426	3.3
4HWV_A	79	166	3.1
4HWV_A	167	191	3.1
4HWV_A	192	233	3.1
4HWV_A	234	287	3.1
4HWV_A	288	323	3.1
4HWV_A	324	344	3.1
4HWV_A	345	375	3.1
4HWV_A	376	422	3.1
4HXI_A	34	73	3.3
4HXI_A	74	93	3.3
4HXI_A	94	117	3.3
4HXI_A	118	149	3.3
4HXI_A	150	178	3.3
4HXI_A	179	207	3.3
4HXI_A	208	224	3.3
4HZC_A	151	171	3.1
4HZC_A	172	190	3.1
4HZC_A	191	216	3.1
4HZC_A	217	234	3.1
4HZC_A	235	251	3.1
4I17_A	5	39	3.3
4I17_A	40	73	3.3
4I17_A	74	108	3.3
4I17_A	109	147	3.3
4I17_A	148	210	3.3
4I1A_A	101	138	3.3
4I1A_A	139	177	3.3
4I1A_A	178	219	3.3
4I1A_A	220	258	3.3
4I1A_A	259	297	3.3
4I1A_A	298	332	3.3
4I1A_A	333	374	3.3
4I6J_B	78	111	3.2
4I6J_B	112	139	3.2
4I6J_B	140	175	3.2
4I6J_B	176	201	3.2
4I6J_B	202	227	3.2
4I6J_B	228	252	3.2
4I6J_B	253	287	3.2
4I6J_B	288	311	3.2
4I6J_B	312	334	3.2
4I6J_B	335	362	3.2
4I6J_B	363	387	3.2
4I6J_B	388	420	3.2
4IMJ_C	49	84	3.3
4IMJ_C	85	122	3.3
4IMJ_C	123	175	3.3
4IMJ_C	190	221	3.3
4IMJ_C	222	267	3.3
4IMJ_C	268	307	3.3
4IMJ_C	320	337	3.3
4IUL_A	11	53	3.3
4IUL_A	54	106	3.3
4IUL_A	107	161	3.3
4IUL_A	162	208	3.3
4IUL_A	209	255	3.3
4J0M_A	55	79	3.2
4J0M_A	80	102	3.2
4J0M_A	103	128	3.2
4J0M_A	129	152	3.2
4J0M_A	153	178	3.2
4J0M_A	179	203	3.2
4J0M_A	204	228	3.2
4J0M_A	229	254	3.2
4J0M_A	255	279	3.2
4J0M_A	280	303	3.2
4J0M_A	304	328	3.2
4J0M_A	329	352	3.2
4J0M_A	353	379	3.2
4J0M_A	380	403	3.2
4J0M_A	404	427	3.2
4J0M_A	428	452	3.2
4J0M_A	453	476	3.2
4J0M_A	477	500	3.2
4J0M_A	501	524	3.2
4J0M_A	525	551	3.2
4J0M_A	552	640	3.2
4J0M_A	641	664	3.2
4J0M_A	665	688	3.2
4J0M_A	689	705	3.2
4J7W_A	14	46	3.3
4J7W_A	47	79	3.3
4J7W_A	80	112	3.3
4J7W_A	113	145	3.3
4J7W_A	146	169	3.3
4J8S_A	34	74	3.3
4J8S_A	75	129	3.3
4J8S_A	145	184	3.3
4JB8_P	13	46	3.3
4JB8_P	47	79	3.3
4JB8_P	80	112	3.3
4JB8_P	113	145	3.3
4JB8_P	146	169	3.3
4JHR_A	27	64	3.3
4JHR_A	107	145	3.3
4JHR_A	146	185	3.3
4JHR_A	186	225	3.3
4JHR_A	226	264	3.3
4JHR_A	287	329	3.3
4JIW_A	8	39	3.1
4JIW_A	40	66	3.1
4JIW_A	67	96	3.1
4K79_D	16	33	3.2
4K79_D	34	56	3.2
4K79_D	57	81	3.2
4K79_D	82	105	3.2
4K79_D	106	129	3.2
4K79_D	130	153	3.2
4K79_D	154	194	3.2
4K79_D	195	219	3.2
4KBQ_A	9	41	3.3
4KBQ_A	42	75	3.3
4KBQ_A	76	116	3.3
4KF8_A	6	50	3.3
4KF8_A	67	119	3.3
4KF8_A	120	173	3.3
4KF8_A	174	233	3.3
4KF8_A	234	304	3.3
4KK0_D	32	72	3.3
4KK0_D	73	113	3.3
4KK0_D	114	154	3.3
4KK0_D	155	216	3.3
4KK0_D	217	248	3.3
4KK0_D	249	289	3.3
4KK0_D	290	338	3.3
4KK0_D	380	424	3.3
4KNG_A	3	35	3.2
4KNG_A	36	59	3.2
4KNG_A	60	83	3.2
4KNG_A	84	107	3.2
4KNG_A	108	131	3.2
4KNG_A	132	155	3.2
4KNG_A	156	179	3.2
4KNG_A	180	203	3.2
4KNG_A	204	226	3.2
4KNG_A	227	250	3.2
4KNG_A	251	274	3.2
4KNG_A	275	297	3.2
4KNG_A	298	321	3.2
4KNG_A	322	343	3.2
4KNG_A	344	367	3.2
4KNG_A	368	391	3.2
4KNG_A	392	413	3.2
4KNG_A	414	435	3.2
4KVM_A	5	24	3.3
4KVM_A	25	40	3.3
4KVM_A	41	77	3.3
4KVM_A	78	111	3.3
4KVM_A	112	142	3.3
4KVM_A	143	183	3.3
4KVM_A	184	201	3.3
4KVM_A	202	220	3.3
4KVM_A	221	251	3.3
4KVM_A	252	295	3.3
4KVM_A	296	321	3.3
4KVM_A	322	340	3.3
4KVM_A	341	374	3.3
4KVM_A	375	410	3.3
4KVM_A	411	447	3.3
4KVM_A	448	492	3.3
4KVM_A	493	522	3.3
4KVM_A	523	558	3.3
4KVM_A	559	579	3.3
4KVM_A	580	600	3.3
4KVM_A	601	618	3.3
4KVM_A	619	655	3.3
4KVM_A	656	676	3.3
4KVM_A	677	708	3.3
4KVM_A	709	729	3.3
4L3A_A	55	80	3.2
4L3A_A	153	166	3.2
4L3A_A	205	332	3.2
4L3A_A	378	433	3.2
4L3A_A	456	510	3.2
4L7M_A	12	34	3.3
4L7M_A	35	68	3.3
4L7M_A	69	110	3.3
4L7M_A	111	151	3.3
4L7M_A	152	188	3.3
4L7M_A	189	228	3.3
4L7M_A	229	268	3.3
4LAC_A	29	64	3.3
4LAC_A	65	106	3.3
4LAC_A	107	142	3.3
4LAC_A	143	180	3.3
4LAC_A	181	220	3.3
4LAC_A	221	256	3.3
4LI1_A	20	40	3.2
4LI1_A	41	64	3.2
4LI1_A	65	88	3.2
4LI1_A	89	112	3.2
4LI1_A	113	136	3.2
4LI1_A	137	160	3.2
4LI1_A	161	184	3.2
4LI1_A	185	208	3.2
4LI1_A	209	231	3.2
4LI1_A	232	255	3.2
4LI1_A	256	279	3.2
4LI1_A	280	302	3.2
4LI1_A	303	326	3.2
4LI1_A	327	348	3.2
4LI1_A	349	372	3.2
4LI1_A	373	396	3.2
4LI1_A	397	417	3.2
4LSX_C	8	58	3.2
4LSX_C	59	82	3.2
4LSX_C	83	106	3.2
4LSX_C	107	130	3.2
4LSX_C	131	154	3.2
4M57_A	13	45	3.3
4M57_A	46	76	3.3
4M57_A	77	107	3.3
4M57_A	108	147	3.3
4M57_A	148	183	3.3
4M57_A	184	218	3.3
4M57_A	219	253	3.3
4M57_A	254	289	3.3
4M57_A	290	323	3.3
4M57_A	324	358	3.3
4M57_A	359	393	3.3
4M57_A	394	428	3.3
4M57_A	429	463	3.3
4M57_A	464	493	3.3
4M57_A	500	534	3.3
4M57_A	535	569	3.3
4M57_A	570	605	3.3
4M57_A	606	640	3.3
4M57_A	641	675	3.3
4M57_A	677	703	3.3
4M9C_B	4	70	3.1
4M9C_B	96	127	3.1
4M9C_B	128	160	3.1
4M9C_B	161	195	3.1
4MMR_B	4	27	3.3
4MMR_B	58	104	3.3
4MMR_B	200	248	3.3
4MMR_B	260	376	3.3
4MR0_A	150	169	3.1
4MR0_A	170	210	3.1
4MR0_A	211	250	3.1
4MR0_A	251	275	3.1
4MR0_A	276	326	3.1
4MR0_A	327	361	3.1
4MR0_A	362	384	3.1
4MR0_A	385	428	3.1
4MR0_A	429	461	3.1
4MR0_A	462	489	3.1
4MR0_A	490	514	3.1
4MR0_A	515	535	3.1
4N69_A	153	172	3.1
4N69_A	173	191	3.1
4N69_A	192	217	3.1
4N69_A	218	235	3.1
4N69_A	236	252	3.1
4NK6_A	122	152	3.1
4NK6_A	185	212	3.1
4NK6_A	213	251	3.1
4NK6_A	270	298	3.1
4NK6_A	319	347	3.1
4NK6_A	366	393	3.1
4NK6_A	429	446	3.1
4NKG_A	39	60	3.2
4NKG_A	61	80	3.2
4NKG_A	81	101	3.2
4NKG_A	102	121	3.2
4NKG_A	122	141	3.2
4NKG_A	142	161	3.2
4NKG_A	162	181	3.2
4NKG_A	182	204	3.2
4NKG_A	205	230	3.2
4O1O_A	7	43	3.3
4O1O_A	44	76	3.3
4O1O_A	77	109	3.3
4O1O_A	110	152	3.3
4O1O_A	153	186	3.3
4O1O_A	187	223	3.3
4O1O_A	224	257	3.3
4O1O_A	258	286	3.3
4O1O_A	287	306	3.3
4OAU_C	7	38	3.3
4OAU_C	39	70	3.3
4OAU_C	71	104	3.3
4OAU_C	105	146	3.3
4OAU_C	147	180	3.3
4OAU_C	181	216	3.3
4OAU_C	217	252	3.3
4OAU_C	253	315	3.3
4OAU_C	316	364	3.3
4OAU_C	365	401	3.3
4OAU_C	423	520	3.3
4OAU_C	521	548	3.3
4OAU_C	562	684	3.3
4OM2_A	43	62	3.3
4OM2_A	63	83	3.3
4OM2_A	84	120	3.3
4OQT_A	15	35	3.2
4OQT_A	36	59	3.2
4OQT_A	60	83	3.2
4OQT_A	84	107	3.2
4OQT_A	108	131	3.2
4OQT_A	132	155	3.2
4OQT_A	156	179	3.2
4OQT_A	180	203	3.2
4OQT_A	204	227	3.2
4OQT_A	228	251	3.2
4OQT_A	252	275	3.2
4OQT_A	276	299	3.2
4OQT_A	300	323	3.2
4OQT_A	324	349	3.2
4P6Z_B	30	66	3.3
4P6Z_B	67	112	3.3
4P6Z_B	113	161	3.3
4P6Z_B	176	219	3.3
4P6Z_B	220	260	3.3
4P6Z_B	261	298	3.3
4P6Z_B	299	344	3.3
4P6Z_B	345	394	3.3
4P6Z_B	405	448	3.3
4P6Z_B	477	523	3.3
4P6Z_B	524	548	3.3
4P6Z_G	25	69	3.3
4P6Z_G	70	105	3.3
4P6Z_G	106	140	3.3
4P6Z_G	141	177	3.3
4P6Z_G	178	215	3.3
4P6Z_G	216	268	3.3
4P6Z_G	269	348	3.3
4P6Z_G	349	385	3.3
4P6Z_G	386	421	3.3
4P6Z_G	422	458	3.3
4P6Z_G	459	497	3.3
4P6Z_G	498	547	3.3
4P6Z_G	548	583	3.3
4PMH_A	150	179	3.1
4PMH_A	180	200	3.1
4PMH_A	201	224	3.1
4PMH_A	225	244	3.1
4PMH_A	245	276	3.1
4PUF_A	54	74	3.1
4PUF_A	75	95	3.1
4PUF_A	96	116	3.1
4PUF_A	117	137	3.1
4PUF_A	138	158	3.1
4PUF_A	159	179	3.1
4PUF_A	180	200	3.1
4PUF_A	201	221	3.1
4PUF_A	222	242	3.1
4PUF_A	243	263	3.1
4PUF_A	264	290	3.1
4PUF_A	291	319	3.1
4Q1Q_A	9	30	3.1
4Q1Q_A	31	49	3.1
4Q1Q_A	50	67	3.1
4Q1Q_A	68	88	3.1
4Q1Q_A	89	107	3.1
4Q1Q_A	108	126	3.1
4Q1Q_A	127	145	3.1
4Q1Q_A	146	164	3.1
4Q1Q_A	165	183	3.1
4Q1Q_A	184	202	3.1
4Q1Q_A	203	221	3.1
4Q1Q_A	222	240	3.1
4Q1Q_A	241	262	3.1
4Q1Q_A	263	282	3.1
4QDH_B	37	65	3.2
4QDH_B	85	115	3.2
4QDH_B	134	168	3.2
4QDH_B	187	246	3.2
4QDH_B	266	317	3.2
4QDH_B	339	358	3.2
4QDH_B	362	396	3.2
4QMH_A	17	46	3.3
4QMH_A	57	86	3.3
4QMH_A	98	130	3.3
4QMH_A	131	164	3.3
4QMH_A	178	207	3.3
4QMH_A	218	238	3.3
4QQI_A	29	58	3.3
4QQI_A	59	90	3.3
4QQI_A	91	123	3.3
4QQI_A	124	156	3.3
4QQI_A	157	180	3.3
4QXF_A	36	85	3.2
4QXF_A	106	156	3.2
4QXF_A	181	230	3.2
4QXF_A	252	283	3.2
4R04_A	22	58	3.3
4R04_A	59	82	3.3
4R04_A	95	122	3.3
4R04_A	140	185	3.3
4R04_A	209	234	3.3
4R04_A	247	390	3.3
4R04_A	410	437	3.3
4R04_A	457	538	3.3
4R04_A	555	570	3.3
4R04_A	581	603	3.3
4R04_A	635	687	3.3
4R04_A	688	728	3.3
4R04_A	742	795	3.3
4R04_A	796	834	3.3
4R04_A	850	870	3.3
4R04_A	887	938	3.3
4R04_A	957	974	3.3
4R04_A	991	1019	3.3
4R04_A	1040	1068	3.3
4R04_A	1069	1097	3.3
4R04_A	1098	1135	3.3
4R04_A	1180	1260	3.3
4R04_A	1297	1348	3.3
4R04_A	1349	1451	3.3
4R04_A	1555	1572	3.3
4R04_A	1573	1589	3.3
4R04_A	1616	1676	3.3
4R04_A	1738	1797	3.3
4R36_A	21	44	3.1
4R36_A	45	62	3.1
4R36_A	63	80	3.1
4R36_A	81	103	3.1
4R36_A	104	134	3.1
4R36_A	135	152	3.1
4R36_A	153	169	3.1
4R36_A	170	195	3.1
4R58_A	44	65	3.2
4R58_A	66	87	3.2
4R58_A	88	109	3.2
4R58_A	110	131	3.2
4R58_A	110	131	3.2
4R58_A	110	131	3.2
4R58_A	154	175	3.2
4R58_A	198	219	3.2
4R5C_A	44	65	3.2
4R5C_A	66	87	3.2
4R5C_A	88	110	3.2
4R5C_A	111	134	3.2
4R5C_A	135	158	3.2
4R5C_A	135	158	3.2
4R5C_A	183	206	3.2
4R5C_A	207	228	3.2
4R5C_A	207	228	3.2
4R5C_A	207	229	3.2
4R5C_A	252	272	3.2
4R5D_A	45	66	3.2
4R5D_A	67	87	3.2
4R5D_A	88	112	3.2
4R5D_A	113	136	3.2
4R5D_A	137	160	3.2
4R5D_A	137	160	3.2
4R5D_A	185	208	3.2
4R5D_A	209	232	3.2
4R5D_A	233	260	3.2
4R5D_A	261	289	3.2
4R5D_A	261	289	3.2
4R5D_A	261	289	3.2
4R5D_A	290	317	3.2
4R5D_A	290	317	3.2
4R5D_A	404	431	3.2
4R6F_A	22	44	3.2
4R6F_A	45	66	3.2
4R6F_A	67	88	3.2
4R6F_A	89	112	3.2
4R6F_A	113	136	3.2
4R6F_A	137	160	3.2
4R6F_A	137	160	3.2
4R6F_A	161	192	3.2
4R6F_A	161	192	3.2
4R6F_A	193	216	3.2
4R6F_A	193	216	3.2
4R6F_A	297	320	3.2
4R6G_A	1	13	3.2
4R6G_A	14	43	3.2
4R6G_A	44	65	3.2
4R6G_A	66	87	3.2
4R6G_A	88	111	3.2
4R6G_A	112	135	3.2
4R6G_A	136	159	3.2
4R6G_A	160	191	3.2
4R6G_A	192	215	3.2
4R6G_A	216	239	3.2
4R6G_A	216	239	3.2
4R6G_A	264	287	3.2
4R6G_A	288	311	3.2
4R6G_A	312	339	3.2
4R6G_A	340	368	3.2
4R6G_A	340	368	3.2
4R6G_A	369	396	3.2
4R6G_A	426	453	3.2
4R7L_A	250	298	3.3
4R7L_A	312	339	3.3
4R7L_A	340	428	3.3
4R7L_A	440	467	3.3
4R7L_A	484	517	3.3
4R7L_A	518	549	3.3
4R7L_A	550	582	3.3
4R7L_A	583	624	3.3
4R7S_A	2	36	3.3
4R7S_A	37	71	3.3
4R7S_A	72	105	3.3
4R7S_A	106	139	3.3
4R7S_A	140	176	3.3
4R7S_A	177	208	3.3
4R7S_A	209	242	3.3
4RCA_B	15	41	3.2
4RCA_B	42	70	3.2
4RCA_B	71	89	3.2
4RCA_B	90	113	3.2
4RCA_B	114	137	3.2
4RCA_B	138	160	3.2
4RCA_B	161	185	3.2
4RCA_B	186	215	3.2
4RCW_A	39	62	3.2
4RCW_A	63	86	3.2
4RCW_A	87	110	3.2
4RCW_A	111	134	3.2
4RCW_A	135	157	3.2
4RCW_A	158	182	3.2
4RCW_A	183	210	3.2
4RG6_A	7	39	3.3
4RG6_A	40	69	3.3
4RG6_A	70	114	3.3
4RG6_A	115	147	3.3
4RG6_A	148	172	3.3
4RG6_A	190	204	3.3
4RG6_A	205	228	3.3
4RG6_A	229	269	3.3
4RG6_A	270	302	3.3
4RG6_A	303	336	3.3
4RG6_A	337	369	3.3
4RG6_A	370	401	3.3
4RG6_A	402	438	3.3
4RG6_A	439	471	3.3
4RG6_A	472	504	3.3
4RLV_A	66	100	3.3
4RLV_A	101	133	3.3
4RLV_A	134	166	3.3
4RLV_A	167	199	3.3
4RLV_A	200	224	3.3
4RLV_A	225	269	3.3
4RLV_A	270	298	3.3
4RLV_A	299	335	3.3
4RLV_A	336	368	3.3
4RLV_A	369	401	3.3
4RLV_A	402	434	3.3
4RLV_A	435	467	3.3
4RLV_A	468	500	3.3
4RLV_A	501	533	3.3
4RLV_A	534	566	3.3
4RLV_A	567	599	3.3
4RLV_A	600	632	3.3
4RLV_A	633	665	3.3
4RLV_A	666	698	3.3
4RLV_A	699	729	3.3
4RLV_A	730	764	3.3
4RLV_A	765	795	3.3
4RLV_A	796	830	3.3
4RLV_A	831	853	3.3
4RU4_A	88	204	3.1
4RU4_A	205	229	3.1
4RU4_A	230	252	3.1
4RU4_A	253	279	3.1
4RU4_A	280	309	3.1
4RU4_A	310	336	3.1
4RU4_A	337	355	3.1
4RU4_A	356	381	3.1
4RU4_A	382	419	3.1
4RU4_A	420	451	3.1
4RU4_A	452	483	3.1
4RU4_A	484	509	3.1
4RU5_A	76	200	3.1
4RU5_A	201	220	3.1
4RU5_A	221	244	3.1
4RU5_A	245	272	3.1
4RU5_A	273	294	3.1
4RU5_A	295	329	3.1
4RU5_A	330	349	3.1
4RU5_A	350	374	3.1
4RU5_A	375	403	3.1
4RU5_A	404	435	3.1
4RU5_A	436	466	3.1
4RU5_A	467	494	3.1
4RV1_A	16	56	3.3
4RV1_A	57	99	3.3
4RV1_A	57	99	3.3
4RV1_A	57	99	3.3
4RV1_A	58	98	3.3
4RV1_A	58	99	3.3
4RV1_A	58	99	3.3
4RV1_A	184	224	3.3
4RV1_A	352	392	3.3
4RXH_B	41	81	3.3
4RXH_B	82	125	3.3
4RXH_B	126	166	3.3
4RXH_B	167	208	3.3
4RXH_B	209	250	3.3
4RXH_B	251	292	3.3
4RXH_B	293	336	3.3
4RXH_B	337	379	3.3
4RXH_B	380	441	3.3
4TNM_A	110	149	3.3
4TNM_A	150	191	3.3
4TNM_A	192	233	3.3
4TNM_A	234	275	3.3
4TNM_A	276	317	3.3
4TNM_A	318	359	3.3
4TNM_A	365	402	3.3
4TNM_A	406	445	3.3
4TNM_A	446	498	3.3
4TYV_A	18	49	3.2
4TYV_A	50	70	3.2
4TYV_A	71	135	3.2
4TYV_A	136	159	3.2
4TYV_A	160	177	3.2
4TYV_A	178	199	3.2
4TYV_A	200	213	3.2
4TYV_A	214	243	3.2
4TYV_A	244	273	3.2
4TYV_A	274	291	3.2
4TYV_A	292	318	3.2
4TYV_A	319	350	3.2
4TYV_A	351	379	3.2
4TYV_A	380	413	3.2
4TYV_A	414	436	3.2
4TYV_A	437	473	3.2
4TYV_A	474	505	3.2
4TYV_A	506	535	3.2
4TYV_A	536	551	3.2
4TZH_A	21	44	3.2
4TZH_A	45	66	3.2
4TZH_A	67	89	3.2
4TZH_A	90	113	3.2
4TZH_A	114	135	3.2
4TZH_A	136	159	3.2
4TZH_A	160	185	3.2
4U06_A	17	37	3.2
4U06_A	38	58	3.2
4U06_A	59	83	3.2
4U06_A	84	104	3.2
4U06_A	105	129	3.2
4U06_A	130	150	3.2
4U06_A	151	175	3.2
4U06_A	176	196	3.2
4U06_A	197	221	3.2
4U06_A	222	242	3.2
4U06_A	243	267	3.2
4U06_A	268	288	3.2
4U06_A	289	311	3.2
4U06_A	312	336	3.2
4U08_A	8	21	3.2
4U08_A	22	44	3.2
4U08_A	45	67	3.2
4U08_A	68	90	3.2
4U08_A	91	113	3.2
4U08_A	114	136	3.2
4U08_A	137	159	3.2
4U08_A	160	182	3.2
4U08_A	183	205	3.2
4U08_A	206	228	3.2
4U08_A	229	251	3.2
4U08_A	252	274	3.2
4U08_A	275	297	3.2
4U08_A	298	320	3.2
4U08_A	321	343	3.2
4U08_A	344	366	3.2
4U08_A	367	392	3.2
4U09_A	22	45	3.2
4U09_A	46	67	3.2
4U09_A	68	90	3.2
4U09_A	91	113	3.2
4U09_A	114	137	3.2
4U09_A	138	159	3.2
4U09_A	160	182	3.2
4U09_A	183	206	3.2
4U09_A	207	228	3.2
4U09_A	229	251	3.2
4U09_A	252	274	3.2
4U09_A	275	298	3.2
4U09_A	299	320	3.2
4U09_A	321	344	3.2
4U09_A	345	366	3.2
4U09_A	367	391	3.2
4U3J_C	9	46	3.3
4U3J_C	47	91	3.3
4U3J_C	92	131	3.3
4U3J_C	132	174	3.3
4U3J_C	175	219	3.3
4U49_A	120	142	3.1
4U49_A	143	170	3.1
4U49_A	171	192	3.1
4U49_A	193	216	3.1
4U49_A	217	242	3.1
4U49_A	243	273	3.1
4U49_A	274	298	3.1
4U7L_A	33	56	3.2
4U7L_A	57	79	3.2
4U7L_A	80	103	3.2
4U7L_A	104	127	3.2
4U7L_A	128	152	3.2
4U7L_A	153	175	3.2
4U7L_A	176	199	3.2
4U7L_A	200	223	3.2
4U7L_A	224	247	3.2
4U7L_A	248	271	3.2
4U7L_A	272	295	3.2
4U7L_A	296	319	3.2
4U7L_A	320	346	3.2
4U7L_A	347	370	3.2
4U7L_A	371	394	3.2
4U7L_A	395	423	3.2
4UAD_A	36	80	3.3
4UAD_A	81	122	3.3
4UAD_A	123	164	3.3
4UAD_A	165	208	3.3
4UAD_A	209	249	3.3
4UAD_A	250	292	3.3
4UAD_A	293	334	3.3
4UAD_A	335	376	3.3
4UAD_A	377	429	3.3
4UI9_H	6	36	3.3
4UI9_H	37	66	3.3
4UI9_H	67	94	3.3
4UI9_H	95	113	3.3
4UI9_H	114	145	3.3
4UI9_H	146	174	3.3
4UI9_H	464	492	3.3
4UI9_H	493	529	3.3
4UI9_H	530	564	3.3
4UI9_H	565	597	3.3
4UI9_H	598	631	3.3
4UI9_H	632	668	3.3
4UI9_H	669	699	3.3
4UI9_H	700	733	3.3
4UI9_H	734	767	3.3
4UIP_B	45	66	3.2
4UIP_B	67	88	3.2
4UIP_B	89	112	3.2
4UIP_B	113	137	3.2
4UIP_B	138	160	3.2
4UIP_B	161	185	3.2
4UIP_B	186	217	3.2
4UQI_A	11	70	3.3
4UQI_A	71	104	3.3
4UQI_A	105	140	3.3
4UQI_A	141	179	3.3
4UQI_A	180	217	3.3
4UQI_A	218	271	3.3
4UQI_A	272	322	3.3
4UQI_A	323	357	3.3
4UQI_A	358	398	3.3
4UQI_A	399	436	3.3
4UQI_A	437	472	3.3
4UQI_A	473	509	3.3
4UQI_A	510	546	3.3
4UQI_A	547	604	3.3
4UQI_B	15	49	3.3
4UQI_B	50	85	3.3
4UQI_B	86	120	3.3
4UQI_B	121	159	3.3
4UQI_B	160	199	3.3
4UQI_B	200	238	3.3
4UQI_B	239	280	3.3
4UQI_B	281	318	3.3
4UQI_B	319	353	3.3
4UQI_B	354	390	3.3
4UQI_B	391	427	3.3
4UQI_B	428	463	3.3
4UQI_B	464	501	3.3
4UQI_B	502	533	3.3
4UQI_B	553	568	3.3
4UUC_A	5	36	3.3
4UUC_A	37	69	3.3
4UUC_A	70	101	3.3
4UUC_A	102	135	3.3
4UUC_A	136	167	3.3
4UUC_A	168	199	3.3
4UUC_A	200	225	3.3
4UZY_A	17	49	3.3
4UZY_A	50	81	3.3
4UZY_A	82	110	3.3
4UZY_A	111	143	3.3
4UZY_A	144	172	3.3
4UZY_A	180	234	3.3
4UZY_A	235	273	3.3
4UZY_A	274	310	3.3
4UZY_A	311	350	3.3
4UZY_A	351	377	3.3
4UZY_A	378	420	3.3
4UZY_A	421	451	3.3
4UZY_A	452	486	3.3
4UZY_A	487	533	3.3
4UZY_A	534	567	3.3
4UZY_A	575	629	3.3
4V3O_A	1	38	3.3
4V3O_A	39	80	3.3
4V3O_A	39	80	3.3
4V3O_A	39	80	3.3
4V3O_A	39	80	3.3
4V3O_A	39	80	3.3
4V3O_A	249	289	3.3
4V3R_A	5	34	3.3
4V3R_A	35	76	3.3
4V3R_A	35	76	3.3
4V3R_A	35	76	3.3
4V3R_A	35	76	3.3
4V3R_A	35	76	3.3
4V3R_A	245	285	3.3
4W8Q_A	40	87	3.1
4W8Q_A	110	148	3.1
4W8Q_A	169	207	3.1
4WN4_A	35	69	3.3
4WN4_A	35	69	3.3
4WN4_A	35	69	3.3
4WN4_A	35	69	3.3
4WN4_A	36	69	3.3
4WNG_A	6	43	3.3
4WNG_A	44	82	3.3
4WNG_A	83	122	3.3
4WNG_A	123	183	3.3
4WNG_A	184	223	3.3
4WNG_A	224	262	3.3
4WNG_A	263	302	3.3
4WNG_A	303	340	3.3
4WP6_A	49	87	3.2
4WP6_A	88	113	3.2
4WP6_A	114	139	3.2
4WP6_A	140	166	3.2
4WYK_A	109	128	3.2
4WYK_A	129	196	3.2
4WYK_A	197	222	3.2
4WYK_A	223	252	3.2
4WYK_A	281	301	3.2
4WYK_A	302	375	3.2
4XA9_A	15	49	3.2
4XA9_A	69	97	3.2
4XA9_A	117	144	3.2
4XA9_A	164	192	3.2
4XA9_A	212	240	3.2
4XCZ_A	289	312	3.3
4XCZ_A	320	356	3.3
4XCZ_A	357	393	3.3
4XCZ_A	394	417	3.3
4XGO_A	25	48	3.2
4XGO_A	49	72	3.2
4XGO_A	73	96	3.2
4XGO_A	97	120	3.2
4XGO_A	121	141	3.2
4XGO_A	142	160	3.2
4XGO_A	161	181	3.2
4XGO_A	182	203	3.2
4XGO_A	204	227	3.2
4XGO_A	228	250	3.2
4XGO_A	251	273	3.2
4XGO_A	274	294	3.2
4XGO_A	295	318	3.2
4XI0_A	4	38	3.3
4XI0_A	39	71	3.3
4XI0_A	72	105	3.3
4XI0_A	106	139	3.3
4XI0_A	140	177	3.3
4XL5_C	15	41	3.3
4XL5_C	42	72	3.3
4XL5_C	73	103	3.3
4XL5_C	104	134	3.3
4XL5_C	135	165	3.3
4XL5_C	166	196	3.3
4XL5_C	197	227	3.3
4XL5_C	228	258	3.3
4XOS_A	24	47	3.2
4XOS_A	48	69	3.2
4XOS_A	70	93	3.2
4XOS_A	94	118	3.2
4XOS_A	119	145	3.2
4XRI_A	10	41	3.3
4XRI_A	42	75	3.3
4XRI_A	93	136	3.3
4XRI_A	137	169	3.3
4XRI_A	170	222	3.3
4XRI_A	223	264	3.3
4XRI_A	265	313	3.3
4XRI_A	314	370	3.3
4XRI_A	370	407	3.3
4XRI_A	408	454	3.3
4XRI_A	455	499	3.3
4XRI_A	500	541	3.3
4XRI_A	542	597	3.3
4XRI_A	598	640	3.3
4XRI_A	641	682	3.3
4XRI_A	683	726	3.3
4XRI_A	727	783	3.3
4XRI_A	784	827	3.3
4XRI_A	828	873	3.3
4XSQ_A	17	35	3.3
4XSQ_A	36	61	3.3
4XSQ_A	62	85	3.3
4XSQ_A	86	116	3.3
4XSQ_A	117	144	3.3
4Y5J_A	15	49	3.3
4Y5J_A	50	93	3.3
4Y5J_A	94	128	3.3
4Y5J_A	129	166	3.3
4Y5J_A	167	202	3.3
4Y5J_A	203	232	3.3
4Y61_B	38	64	3.2
4Y61_B	65	85	3.2
4Y61_B	86	112	3.2
4Y61_B	113	136	3.2
4Y61_B	137	160	3.2
4Y61_B	161	183	3.2
4Y61_B	184	208	3.2
4Y61_B	209	242	3.2
4Y6C_A	6	45	3.3
4Y6C_A	45	87	3.3
4Y6C_A	46	86	3.3
4Y6C_A	46	87	3.3
4Y6C_A	172	212	3.3
4YDO_A	39	72	3.3
4YDO_A	73	107	3.3
4YDO_A	108	149	3.3
4YDO_A	150	183	3.3
4YDO_A	184	225	3.3
4YDO_A	226	281	3.3
4YDO_A	282	316	3.3
4YDW_A	14	46	3.3
4YDW_A	47	79	3.3
4YDW_A	80	112	3.3
4YDW_A	113	145	3.3
4YDW_A	146	169	3.3
4YEB_B	22	39	3.2
4YEB_B	40	63	3.2
4YEB_B	64	85	3.2
4YEB_B	86	109	3.2
4YEB_B	110	135	3.2
4YEB_B	136	156	3.2
4YEB_B	157	180	3.2
4YEB_B	181	206	3.2
4YEB_B	207	228	3.2
4YEB_B	229	252	3.2
4YEB_B	253	276	3.2
4YEB_B	277	306	3.2
4YEI_A	33	55	3.1
4YEI_A	56	85	3.1
4YEI_A	86	110	3.1
4YEI_A	111	125	3.1
4YEI_A	126	150	3.1
4YEI_A	151	180	3.1
4YEI_A	181	204	3.1
4YGU_A	75	92	3.1
4YGU_A	93	113	3.1
4YGU_A	114	133	3.1
4YGU_A	134	152	3.1
4YGU_A	153	171	3.1
4YNW_A	29	66	3.3
4YNW_A	67	111	3.3
4YNW_A	112	140	3.3
4YNW_A	168	210	3.3
4YNW_A	211	252	3.3
4YNW_A	253	285	3.3
4YO3_A	1	41	3.3
4YO3_A	60	91	3.3
4YO3_A	92	125	3.3
4YO3_A	126	155	3.3
4YO5_A	3	34	3.3
4YO5_A	35	69	3.3
4YO5_A	83	122	3.3
4YV6_A	72	99	3.3
4YV6_A	100	137	3.3
4YV6_A	138	170	3.3
4YV6_A	171	216	3.3
4YV6_A	217	257	3.3
4YVO_A	48	87	3.3
4YVO_A	88	128	3.3
4YVO_A	129	164	3.3
4YZ0_A	24	61	3.1
4YZ0_A	78	98	3.1
4YZ0_A	99	126	3.1
4YZ0_A	143	176	3.1
4YZ0_A	177	195	3.1
4Z0C_A	18	38	3.2
4Z0C_A	39	62	3.2
4Z0C_A	63	86	3.2
4Z0C_A	87	109	3.2
4Z0C_A	110	133	3.2
4Z0C_A	134	159	3.2
4Z0C_A	160	182	3.2
4Z0C_A	183	205	3.2
4Z0C_A	206	229	3.2
4Z0C_A	230	252	3.2
4Z0C_A	253	282	3.2
4Z0C_A	283	305	3.2
4Z0C_A	306	330	3.2
4Z0C_A	331	355	3.2
4Z0C_A	356	379	3.2
4Z0C_A	380	403	3.2
4Z0C_A	404	427	3.2
4Z0C_A	428	451	3.2
4Z0C_A	452	475	3.2
4Z0C_A	476	499	3.2
4Z0C_A	500	528	3.2
4Z0C_A	529	554	3.2
4Z0C_A	555	578	3.2
4Z0C_A	579	606	3.2
4Z0C_A	607	630	3.2
4Z0C_A	631	654	3.2
4Z0C_A	655	683	3.2
4Z5W_A	65	90	3.2
4Z5W_A	91	114	3.2
4Z5W_A	115	137	3.2
4Z5W_A	138	162	3.2
4Z5W_A	163	186	3.2
4Z5W_A	187	210	3.2
4Z5W_A	211	234	3.2
4Z5W_A	235	258	3.2
4Z5W_A	259	282	3.2
4Z5W_A	283	306	3.2
4Z5W_A	307	330	3.2
4Z5W_A	331	354	3.2
4Z5W_A	355	380	3.2
4Z5W_A	381	405	3.2
4Z5W_A	406	429	3.2
4Z5W_A	430	453	3.2
4Z5W_A	454	513	3.2
4Z5W_A	514	537	3.2
4Z5W_A	538	561	3.2
4Z5W_A	562	585	3.2
4Z5W_A	586	599	3.2
4Z61_C	74	97	3.2
4Z61_C	98	121	3.2
4Z61_C	122	145	3.2
4Z61_C	146	169	3.2
4Z61_C	170	192	3.2
4Z63_A	55	78	3.2
4Z63_A	79	102	3.2
4Z63_A	103	125	3.2
4Z63_A	126	150	3.2
4Z63_A	151	174	3.2
4Z63_A	175	198	3.2
4Z63_A	199	222	3.2
4Z63_A	223	246	3.2
4Z63_A	247	270	3.2
4Z63_A	271	294	3.2
4Z63_A	295	318	3.2
4Z63_A	319	342	3.2
4Z63_A	343	368	3.2
4Z63_A	369	393	3.2
4Z63_A	394	417	3.2
4Z63_A	418	441	3.2
4Z63_A	442	502	3.2
4Z63_A	503	525	3.2
4Z63_A	526	549	3.2
4Z63_A	550	573	3.2
4Z63_A	574	596	3.2
4Z64_C	71	94	3.2
4Z64_C	95	118	3.2
4Z64_C	119	142	3.2
4Z64_C	143	166	3.2
4Z64_C	167	189	3.2
4Z64_C	190	205	3.2
4Z79_A	17	38	3.2
4Z79_A	39	67	3.2
4Z79_A	68	95	3.2
4Z79_A	96	123	3.2
4Z79_A	124	153	3.2
4Z7I_A	601	637	3.3
4Z7I_A	638	689	3.3
4Z7I_A	690	732	3.3
4Z7I_A	733	762	3.3
4Z7I_A	763	796	3.3
4Z7I_A	797	833	3.3
4Z7I_A	834	873	3.3
4Z94_G	5	20	3.2
4Z94_G	62	95	3.2
4Z94_G	96	115	3.2
4Z94_G	155	175	3.2
4Z94_G	176	204	3.2
4Z94_G	205	232	3.2
4Z94_G	233	260	3.2
4Z94_G	261	291	3.2
4Z94_G	292	314	3.2
4ZFH_A	4	33	3.3
4ZFH_A	34	66	3.3
4ZFH_A	67	99	3.3
4ZFH_A	100	132	3.3
4ZFH_A	133	156	3.3
4ZQ0_D	2	36	3.3
4ZQ0_D	37	114	3.3
4ZQ0_D	115	166	3.3
4ZQ0_D	167	209	3.3
4ZV6_A	12	41	3.3
4ZV6_A	42	72	3.3
4ZV6_A	73	103	3.3
4ZV6_A	104	134	3.3
4ZV6_A	135	165	3.3
4ZV6_A	166	196	3.3
4ZV6_A	197	227	3.3
4ZV6_A	228	258	3.3
4ZV6_A	259	289	3.3
5A1U_E	23	61	3.3
5A1U_E	62	100	3.3
5A1U_E	101	133	3.3
5A1U_E	134	172	3.3
5A1U_E	173	206	3.3
5A1U_E	207	240	3.3
5A1U_E	241	283	3.3
5A1U_E	284	315	3.3
5A1U_E	316	355	3.3
5A1U_E	356	392	3.3
5A1U_E	393	426	3.3
5A1U_E	427	464	3.3
5A1U_E	465	504	3.3
5A1U_E	505	539	3.3
5A31_C	26	81	3.3
5A31_C	82	118	3.3
5A31_C	119	148	3.3
5A31_C	149	167	3.3
5A31_C	168	199	3.3
5A31_C	200	213	3.3
5A31_C	214	226	3.3
5A31_C	227	261	3.3
5A31_C	262	293	3.3
5A31_C	294	312	3.3
5A31_C	313	327	3.3
5A31_C	328	363	3.3
5A31_C	364	394	3.3
5A31_C	395	414	3.3
5A31_C	415	431	3.3
5A31_C	432	463	3.3
5A31_C	464	500	3.3
5A31_C	510	539	3.3
5A31_C	540	557	3.3
5A31_J	2	34	3.3
5A31_J	35	68	3.3
5A31_J	69	94	3.3
5A31_J	123	163	3.3
5A31_J	164	229	3.3
5A31_J	230	264	3.3
5A31_J	265	295	3.3
5A31_J	296	333	3.3
5A31_J	334	367	3.3
5A31_J	368	399	3.3
5A31_J	400	438	3.3
5A31_J	439	478	3.3
5A31_J	479	509	3.3
5A31_J	510	530	3.3
5A31_O	207	247	3.3
5A31_O	248	287	3.3
5A31_O	288	335	3.3
5A31_O	336	370	3.3
5A31_O	371	414	3.3
5A31_O	415	467	3.3
5A31_O	468	501	3.3
5A31_O	502	540	3.3
5A31_O	541	576	3.3
5A31_O	577	616	3.3
5A31_O	617	655	3.3
5A31_O	656	706	3.3
5A31_O	707	744	3.3
5A31_X	36	72	3.3
5A31_X	73	110	3.3
5A31_X	134	166	3.3
5A31_X	167	199	3.3
5A31_X	200	233	3.3
5A31_X	234	270	3.3
5A31_X	271	302	3.3
5A31_X	303	335	3.3
5A31_X	336	369	3.3
5A31_X	370	404	3.3
5A31_X	405	438	3.3
5A31_X	439	475	3.3
5A31_X	476	506	3.3
5A31_X	507	540	3.3
5A5C_A	15	35	3.2
5A5C_A	36	59	3.2
5A5C_A	60	83	3.2
5A5C_A	84	107	3.2
5A5C_A	108	131	3.2
5A5C_A	132	155	3.2
5A5C_A	156	179	3.2
5A5C_A	180	203	3.2
5A5C_A	204	227	3.2
5A5C_A	228	251	3.2
5A5C_A	252	275	3.2
5A5C_A	276	313	3.2
5A5C_A	314	332	3.2
5A5T_M	13	41	3.3
5A5T_M	42	75	3.3
5A5T_M	76	114	3.3
5A5T_M	115	151	3.3
5A5T_M	152	192	3.3
5A5T_M	193	238	3.3
5A7D_B	16	51	3.3
5A7D_B	52	91	3.3
5A7D_B	92	131	3.3
5A7D_B	132	188	3.3
5A7D_B	189	228	3.3
5A7D_B	229	268	3.3
5A7D_B	269	308	3.3
5A7D_B	309	348	3.3
5A7D_B	349	366	3.3
5A7D_L	201	246	3.3
5A7D_L	247	292	3.3
5A7D_L	293	326	3.3
5AAO_A	15	44	3.3
5AAO_A	45	77	3.3
5AAO_A	78	110	3.3
5AAO_A	111	143	3.3
5AAO_A	144	167	3.3
5AQ7_A	13	38	3.3
5AQ7_A	39	72	3.3
5AQ7_A	73	104	3.3
5AQ7_A	105	138	3.3
5AQ7_A	139	170	3.3
5AQB_A	18	48	3.3
5AQB_A	49	80	3.3
5AQB_A	81	113	3.3
5AQB_A	114	145	3.3
5AWF_E	206	233	3.1
5AWF_E	234	262	3.1
5AWF_E	263	296	3.1
5AWF_E	297	323	3.1
5AWF_E	324	353	3.1
5AWF_E	354	382	3.1
5AWF_E	383	414	3.1
5AWF_E	415	440	3.1
5B02_A	10	46	3.3
5B02_A	64	116	3.3
5B02_A	117	170	3.3
5B02_A	182	239	3.3
5B04_E	39	152	3.1
5B04_E	170	281	3.1
5B04_E	348	363	3.1
5B04_E	364	394	3.1
5B04_E	395	425	3.1
5B04_E	426	447	3.1
5B26_A	6	41	3.3
5B26_A	42	78	3.3
5B26_A	79	114	3.3
5B26_A	115	150	3.3
5BUZ_E	30	55	3.3
5BUZ_E	56	83	3.3
5BUZ_E	84	116	3.3
5BUZ_E	117	155	3.3
5BUZ_E	188	214	3.3
5BUZ_E	215	248	3.3
5BUZ_E	249	278	3.3
5BUZ_E	279	301	3.3
5BUZ_E	302	327	3.3
5BVU_A	435	465	3.3
5BVU_A	518	558	3.3
5BVU_A	586	632	3.3
5BVU_A	655	684	3.3
5BVU_A	718	750	3.3
5BYM_A	14	37	3.3
5BYM_A	38	74	3.3
5BYM_A	75	110	3.3
5BYM_A	111	153	3.3
5BYM_A	154	191	3.3
5BYM_A	192	224	3.3
5BYM_A	225	274	3.3
5BYM_A	288	333	3.3
5BYM_A	357	399	3.3
5C1C_A	21	47	3.2
5C1C_A	48	91	3.2
5C1C_A	92	119	3.2
5C1C_A	120	141	3.2
5C1C_A	142	162	3.2
5C1C_A	163	188	3.2
5C1C_A	189	216	3.2
5C1C_A	217	241	3.2
5C1C_A	242	267	3.2
5C9S_B	315	349	3.3
5C9S_B	350	388	3.3
5C9S_B	389	423	3.3
5C9S_B	424	456	3.3
5C9S_B	457	493	3.3
5C9S_B	494	526	3.3
5C9S_B	527	564	3.3
5CEA_A	30	62	3.3
5CEA_A	63	95	3.3
5CEA_A	96	128	3.3
5CEA_A	129	163	3.3
5CEA_A	164	196	3.3
5CEA_A	197	218	3.3
5CL4_A	6	61	3.3
5CL4_A	62	91	3.3
5CL4_A	125	200	3.3
5CTR_A	34	68	3.3
5CTR_A	69	103	3.3
5CTR_A	104	138	3.3
5CTR_A	139	196	3.3
5CTR_A	197	233	3.3
5CTR_A	234	266	3.3
5CTR_A	267	313	3.3
5CVW_A	1	18	3.1
5CVW_A	19	36	3.1
5CVW_A	37	54	3.1
5CVW_A	55	73	3.1
5CWH_A	2	41	3.3
5CWH_A	42	81	3.3
5CWH_A	42	81	3.3
5CWH_A	122	160	3.3
5CWJ_A	2	41	3.3
5CWJ_A	42	81	3.3
5CWJ_A	42	81	3.3
5CWJ_A	122	161	3.3
5CWK_A	2	43	3.3
5CWK_A	43	86	3.3
5CWK_A	44	85	3.3
5CWK_A	130	171	3.3
5D0O_D	31	64	3.3
5D0O_D	65	101	3.3
5D0O_D	102	123	3.3
5D0O_D	141	172	3.3
5D0O_D	173	207	3.3
5D0O_D	208	241	3.3
5D66_A	5	35	3.3
5D66_A	36	68	3.3
5D66_A	69	101	3.3
5D66_A	102	134	3.3
5D66_A	135	172	3.3
5D66_A	173	198	3.3
5DAD_A	19	30	3.3
5DAD_A	51	62	3.3
5DAD_A	83	98	3.3
5DAD_A	112	133	3.3
5DCQ_A	11	41	3.3
5DCQ_A	42	72	3.3
5DCQ_A	73	103	3.3
5DCQ_A	104	134	3.3
5DCQ_A	135	165	3.3
5DEM_B	9	26	3.1
5DEM_B	27	44	3.1
5DEM_B	45	62	3.1
5DEM_B	63	92	3.1
5DEM_B	93	117	3.1
5DEM_B	118	135	3.1
5DEM_B	136	153	3.1
5DEM_B	154	171	3.1
5DEM_B	172	188	3.1
5DH9_C	9	55	3.3
5DH9_C	56	113	3.3
5DH9_C	129	184	3.3
5DH9_C	185	227	3.3
5DH9_C	228	274	3.3
5DH9_C	275	331	3.3
5DH9_C	332	384	3.3
5DH9_C	417	447	3.3
5DH9_C	448	481	3.3
5DH9_C	482	530	3.3
5DH9_C	531	575	3.3
5DH9_C	576	625	3.3
5DH9_C	645	701	3.3
5DH9_C	702	772	3.3
5DH9_C	789	838	3.3
5DH9_C	839	893	3.3
5DH9_C	894	952	3.3
5DH9_C	973	1007	3.3
5DIZ_A	31	67	3.3
5DIZ_A	68	110	3.3
5DIZ_A	111	147	3.3
5DIZ_A	148	181	3.3
5DIZ_A	182	217	3.3
5DIZ_A	218	257	3.3
5DN7_A	40	76	3.3
5DN7_A	77	117	3.3
5DN7_A	118	154	3.3
5DN7_A	155	192	3.3
5DN7_A	193	226	3.3
5EFR_A	200	234	3.3
5EFR_A	235	271	3.3
5EFR_A	272	316	3.3
5EFR_A	333	366	3.3
5EFR_A	367	414	3.3
5EID_A	46	76	3.3
5EID_A	77	108	3.3
5EID_A	109	141	3.3
5EID_A	142	167	3.3
5ET0_A	2	36	3.3
5ET0_A	40	73	3.3
5ET0_A	74	107	3.3
5ET0_A	108	141	3.3
5ET0_A	142	175	3.3
5ET0_A	176	209	3.3
5ET0_A	210	243	3.3
5ET0_A	244	275	3.3
5ET0_A	276	308	3.3
5ET0_A	309	333	3.3
5EWP_A	13	71	3.3
5EWP_A	72	116	3.3
5EWP_A	117	157	3.3
5EWP_A	158	210	3.3
5EWP_A	211	251	3.3
5F0J_A	14	44	3.3
5F0J_A	45	66	3.3
5F0J_A	83	110	3.3
5F0J_A	121	152	3.3
5F0J_A	167	178	3.3
5F0J_A	179	244	3.3
5F0J_A	245	282	3.3
5F0J_A	295	349	3.3
5F0J_A	350	375	3.3
5F0J_A	376	398	3.3
5F0J_A	425	460	3.3
5F42_A	7	24	3.1
5F42_A	25	42	3.1
5F42_A	43	60	3.1
5F42_A	61	91	3.1
5F42_A	92	116	3.1
5F42_A	117	134	3.1
5F42_A	135	152	3.1
5F42_A	153	170	3.1
5F42_A	171	184	3.1
5FG0_A	33	72	3.3
5FG0_A	73	114	3.3
5FG0_A	115	151	3.3
5FG0_A	152	217	3.3
5FG0_A	218	264	3.3
5FG0_A	265	314	3.3
5FG0_A	315	361	3.3
5FG0_A	362	410	3.3
5FJY_A	40	79	3.3
5FJY_A	80	122	3.3
5FJY_A	123	164	3.3
5FJY_A	165	205	3.3
5FJY_A	206	252	3.3
5FJY_A	253	272	3.3
5FJY_A	290	323	3.3
5FT9_A	30	66	3.3
5FT9_A	67	106	3.3
5FT9_A	107	143	3.3
5FT9_A	144	178	3.3
5FT9_A	179	214	3.3
5FT9_A	215	237	3.3
5FT9_A	238	256	3.3
5FT9_A	294	310	3.3
5FT9_A	323	338	3.3
5FT9_A	349	407	3.3
5FT9_A	408	435	3.3
5FT9_A	436	476	3.3
5FTT_B	14	34	3.2
5FTT_B	35	59	3.2
5FTT_B	60	80	3.2
5FTT_B	81	104	3.2
5FTT_B	105	130	3.2
5FTT_B	131	151	3.2
5FTT_B	152	175	3.2
5FTT_B	176	201	3.2
5FTT_B	202	223	3.2
5FTT_B	224	247	3.2
5FTT_B	248	271	3.2
5FTT_B	272	316	3.2
5FTT_B	317	328	3.2
5FWQ_A	31	105	3.3
5FWQ_A	186	255	3.3
5FWQ_A	280	317	3.3
5FWQ_A	333	398	3.3
5FWQ_A	399	431	3.3
5FWQ_A	432	463	3.3
5FWQ_A	478	508	3.3
5FWQ_A	509	544	3.3
5FWQ_A	545	574	3.3
5FWQ_A	575	609	3.3
5G04_A	145	281	3.3
5G04_A	436	556	3.3
5G04_A	631	663	3.3
5G04_A	759	796	3.3
5G04_A	923	946	3.3
5G04_A	947	982	3.3
5G04_A	1011	1048	3.3
5G04_A	1049	1129	3.3
5G04_A	1149	1183	3.3
5G04_A	1184	1219	3.3
5G04_A	1220	1264	3.3
5G04_A	1265	1309	3.3
5G04_A	1310	1378	3.3
5G04_A	1379	1416	3.3
5G04_A	1462	1500	3.3
5G04_A	1532	1576	3.3
5G04_A	1577	1692	3.3
5G04_A	1739	1768	3.3
5G04_A	1769	1889	3.3
5G5O_A	95	130	3.1
5G5O_A	131	157	3.1
5G5O_A	164	186	3.1
5G5O_A	187	207	3.1
5G5O_A	208	242	3.1
5GJQ_O	17	49	3.3
5GJQ_O	50	87	3.3
5GJQ_O	88	126	3.3
5GJQ_O	149	183	3.3
5GJQ_O	184	228	3.3
5GKD_A	64	87	3.1
5GKD_A	88	112	3.1
5GKD_A	113	143	3.1
5GKD_A	183	209	3.1
5GKD_A	210	233	3.1
5GKD_A	234	259	3.1
5GKD_A	260	280	3.1
5GKD_A	281	319	3.1
5GKD_A	320	348	3.1
5GKD_A	499	523	3.1
5GKD_A	524	560	3.1
5GKD_A	561	586	3.1
5GKD_A	587	618	3.1
5GKD_A	619	649	3.1
5GKD_A	650	678	3.1
5GKD_A	679	702	3.1
5GKD_A	703	726	3.1
5GQC_A	139	193	3.1
5GQC_A	194	246	3.1
5GQC_A	247	299	3.1
5GQC_A	300	322	3.1
5GQC_A	323	363	3.1
5GQC_A	364	394	3.1
5GQC_A	395	419	3.1
5GQC_A	420	443	3.1
5GT5_A	93	115	3.1
5GT5_A	116	152	3.1
5GT5_A	153	175	3.1
5GT5_A	176	195	3.1
5GT5_A	246	272	3.1
5GT5_A	273	294	3.1
5H7C_A	7	40	3.3
5H7C_A	41	89	3.3
5H7C_A	41	89	3.3
5H7C_A	90	129	3.3
5H7C_A	90	129	3.3
5H7C_A	90	129	3.3
5H7C_A	90	129	3.3
5H7C_A	170	219	3.3
5H7C_A	366	404	3.3
5HI9_A	74	118	3.3
5HI9_A	119	165	3.3
5HI9_A	166	211	3.3
5HI9_A	212	247	3.3
5HIU_A	21	57	3.3
5HIU_A	58	72	3.3
5HIU_A	73	114	3.3
5HIU_A	115	132	3.3
5HIU_A	133	201	3.3
5HIU_A	202	243	3.3
5HIU_A	244	285	3.3
5HIU_A	286	332	3.3
5HIU_A	333	382	3.3
5HIU_A	413	445	3.3
5HIU_A	446	460	3.3
5HYW_A	77	103	3.2
5HYW_A	104	122	3.2
5HYW_A	168	190	3.2
5HYW_A	191	222	3.2
5HYW_A	223	251	3.2
5HYW_A	252	279	3.2
5HYW_A	280	312	3.2
5HYW_A	313	348	3.2
5HYW_A	349	377	3.2
5HYW_A	378	402	3.2
5HYW_A	403	428	3.2
5HYW_A	429	452	3.2
5HYW_A	453	474	3.2
5HYW_A	538	542	3.2
5HYW_A	543	569	3.2
5HYW_A	590	604	3.2
5HYW_A	625	644	3.2
5HYW_A	645	677	3.2
5HYW_A	678	699	3.2
5HYW_A	700	735	3.2
5HYX_B	13	33	3.2
5HYX_B	41	64	3.2
5HYX_B	65	88	3.2
5HYX_B	89	112	3.2
5HYX_B	113	136	3.2
5HYX_B	137	161	3.2
5HYX_B	162	185	3.2
5HYX_B	186	209	3.2
5HYX_B	210	233	3.2
5HYX_B	234	257	3.2
5HYX_B	258	281	3.2
5HYX_B	282	305	3.2
5HYX_B	306	329	3.2
5HYX_B	330	353	3.2
5HYX_B	354	377	3.2
5HYX_B	378	401	3.2
5HYX_B	402	425	3.2
5HYX_B	426	449	3.2
5HYX_B	450	472	3.2
5HYX_B	473	496	3.2
5HYX_B	497	520	3.2
5HYX_B	521	545	3.2
5HYX_B	546	569	3.2
5HYX_B	570	592	3.2
5HYX_B	593	606	3.2
5I9D_A	49	84	3.3
5I9D_A	84	119	3.3
5I9D_A	84	119	3.3
5I9D_A	85	118	3.3
5I9D_A	85	119	3.3
5I9D_A	85	119	3.3
5I9D_A	85	119	3.3
5I9D_A	190	224	3.3
5I9D_A	225	259	3.3
5I9D_A	260	293	3.3
5IJC_A	52	72	3.2
5IJC_A	73	96	3.2
5IJC_A	97	120	3.2
5IJC_A	121	144	3.2
5IJC_A	145	168	3.2
5IJC_A	169	193	3.2
5IJC_A	194	221	3.2
5IJC_A	222	244	3.2
5IJC_A	245	271	3.2
5IJC_A	272	301	3.2
5IJC_A	302	325	3.2
5IJC_A	326	347	3.2
5IJC_A	348	368	3.2
5IJC_A	369	390	3.2
5IJC_A	391	416	3.2
5IJC_A	417	439	3.2
5IJC_A	440	464	3.2
5IJC_A	465	488	3.2
5IJC_A	489	513	3.2
5IJC_A	514	537	3.2
5IJC_A	538	561	3.2
5IJC_A	562	585	3.2
5IJC_A	586	613	3.2
5IRL_A	556	582	3.2
5IRL_A	583	606	3.2
5IRL_A	607	636	3.2
5IRL_A	637	664	3.2
5IRL_A	665	692	3.2
5IRL_A	693	720	3.2
5IRL_A	721	748	3.2
5IRL_A	749	776	3.2
5IRL_A	777	804	3.2
5IRL_A	805	827	3.2
5IRX_A	230	262	3.3
5IRX_A	279	319	3.3
5IRX_A	320	343	3.3
5IRX_A	344	380	3.3
5IRX_A	410	446	3.3
5IRX_A	447	472	3.3
5IRX_A	473	509	3.3
5IRX_A	510	547	3.3
5IRX_A	565	583	3.3
5IWK_A	27	74	3.3
5IWK_A	75	108	3.3
5IWK_A	109	145	3.3
5IWK_A	146	191	3.3
5IWK_A	192	234	3.3
5IYX_A	53	76	3.2
5IYX_A	77	101	3.2
5IYX_A	102	126	3.2
5IYX_A	127	150	3.2
5IYX_A	151	174	3.2
5IYX_A	175	199	3.2
5IYX_A	200	223	3.2
5IYX_A	224	247	3.2
5IYX_A	248	271	3.2
5IYX_A	272	294	3.2
5IYX_A	295	318	3.2
5IYX_A	319	342	3.2
5IYX_A	343	366	3.2
5IYX_A	367	390	3.2
5IYX_A	391	414	3.2
5IYX_A	415	438	3.2
5IYX_A	439	462	3.2
5IYX_A	463	486	3.2
5IYX_A	487	510	3.2
5IYX_A	511	534	3.2
5IYX_A	535	558	3.2
5IYX_A	559	581	3.2
5IYX_A	582	602	3.2
5J44_A	306	326	3.1
5J44_A	327	347	3.1
5J44_A	348	367	3.1
5J44_A	368	387	3.1
5J44_A	388	412	3.1
5J44_A	413	435	3.1
5J44_A	436	457	3.1
5J44_A	458	562	3.1
5J44_A	563	584	3.1
5J44_A	585	604	3.1
5J44_A	605	642	3.1
5J44_A	643	662	3.1
5J44_A	663	711	3.1
5J44_A	712	728	3.1
5J44_A	729	748	3.1
5J44_A	749	769	3.1
5J44_A	770	801	3.1
5J44_A	802	821	3.1
5J44_A	822	862	3.1
5J44_A	863	882	3.1
5J44_A	883	904	3.1
5J44_A	905	928	3.1
5J44_A	929	956	3.1
5JA4_D	18	50	3.3
5JA4_D	51	86	3.3
5JA4_D	87	120	3.3
5JA4_D	121	158	3.3
5JLV_C	27	45	3.1
5JLV_C	46	65	3.1
5JLV_C	66	85	3.1
5JLV_C	86	105	3.1
5JO8_A	40	71	3.3
5JO8_A	72	122	3.3
5JO8_A	123	167	3.3
5JO8_A	168	206	3.3
5JO8_A	207	246	3.3
5JO8_A	247	277	3.3
5JS4_B	353	373	3.1
5JS4_B	374	396	3.1
5JS4_B	397	424	3.1
5JS4_B	425	448	3.1
5JS4_B	449	481	3.1
5JW7_A	49	78	3.1
5JW7_A	79	108	3.1
5JW7_A	109	128	3.1
5JW7_A	129	156	3.1
5JW7_A	210	269	3.1
5JXX_A	8	25	3.1
5JXX_A	26	43	3.1
5JXX_A	44	61	3.1
5JXX_A	62	91	3.1
5JXX_A	92	116	3.1
5JXX_A	117	134	3.1
5JXX_A	135	152	3.1
5JXX_A	153	170	3.1
5JXX_A	171	186	3.1
5KL1_A	19	46	3.3
5KL1_A	47	82	3.3
5KL1_A	83	118	3.3
5KL1_A	119	154	3.3
5KL1_A	155	190	3.3
5KL1_A	191	226	3.3
5KL1_A	227	263	3.3
5KL1_A	264	302	3.3
5L6S_A	59	214	3.1
5L6S_A	315	343	3.1
5L6S_A	344	376	3.1
5L6S_A	377	426	3.1
5LVV_A	29	61	3.3
5LVV_A	62	95	3.3
5LVV_A	96	129	3.3
5LVV_A	130	162	3.3
5LVV_A	163	183	3.3
5LVV_A	184	628	3.3
5LVV_A	640	704	3.3
5LVV_A	718	738	3.3
5LW3_A	35	62	3.1
5LW3_A	63	99	3.1
5LW3_A	100	135	3.1
5LW3_A	136	160	3.1
5LW3_A	161	183	3.1
5LW3_A	184	206	3.1
5LW3_A	207	236	3.1
5LW3_A	237	259	3.1
5LW3_A	260	283	3.1
5LW3_A	284	323	3.1
5LW3_A	324	350	3.1
5LW3_A	351	371	3.1
5MFM_E	17	56	3.3
5MFM_E	57	98	3.3
5MFM_E	57	98	3.3
5MFM_E	57	98	3.3
5MFM_E	57	98	3.3
5MFM_E	57	98	3.3
5MFM_E	267	308	3.3
5MFM_E	309	326	3.3
5MQF_W	26	68	3.2
5MQF_W	69	93	3.2
5MQF_W	94	119	3.2
5MQF_W	120	149	3.2
5MQP_A	82	112	3.1
5MQP_A	301	327	3.1
5MQP_A	375	397	3.1
5MQP_A	398	408	3.1
5MQP_A	409	430	3.1
5MQP_A	450	492	3.1
5MQP_A	493	520	3.1
5MQP_A	521	549	3.1
5MQP_A	550	584	3.1
5MQP_A	585	601	3.1
5MU7_A	2	35	3.3
5MU7_A	36	76	3.3
5MU7_A	77	109	3.3
5MU7_A	110	152	3.3
5MU7_A	153	182	3.3
5MU7_A	183	221	3.3
5MU7_A	222	254	3.3
5MU7_A	255	296	3.3
5MU7_A	297	330	3.3
5MU7_A	331	372	3.3
5N8P_A	316	337	3.1
5N8P_A	338	356	3.1
5N8P_A	357	378	3.1
5N8P_A	378	401	3.1
5N8P_A	402	424	3.1
5N8P_A	425	452	3.1
5N8P_A	453	494	3.1
5N8P_A	495	512	3.1
5N8P_A	513	538	3.1
5N8P_A	539	564	3.1
5N8P_A	565	586	3.1
5N8P_A	587	607	3.1
5N8P_A	608	628	3.1
5N8P_A	629	645	3.1
5N8P_A	646	667	3.1
5N8P_A	668	686	3.1
5N8P_A	687	708	3.1
5N8P_A	709	725	3.1
5N8P_A	726	747	3.1
5N8P_A	748	773	3.1
5N8P_A	774	797	3.1
5N8P_A	798	818	3.1
5N8P_A	819	842	3.1
5N8P_A	843	867	3.1
5N8P_A	868	885	3.1
5N8P_A	886	903	3.1
5N8P_A	904	923	3.1
5NLB_A	6	24	3.3
5NLB_A	54	95	3.3
5NLB_A	96	129	3.3
5NLB_A	130	153	3.3
5NNP_A	8	42	3.3
5NNP_A	43	76	3.3
5NNP_A	77	110	3.3
5NNP_A	111	144	3.3
5NNP_A	145	183	3.3
5NNP_A	184	219	3.3
5NNP_A	220	254	3.3
5NNP_A	255	290	3.3
5NNP_A	291	323	3.3
5NNP_A	324	359	3.3
5NNP_A	368	406	3.3
5NNP_A	407	440	3.3
5NNP_A	441	473	3.3
5NNP_A	486	515	3.3
5NNP_A	635	671	3.3
5NNP_A	672	705	3.3
5NNP_A	706	743	3.3
5NR4_A	7	35	3.3
5NR4_A	52	81	3.3
5NR4_A	93	125	3.3
5NR4_A	126	158	3.3
5NR4_A	169	202	3.3
5NR4_A	203	228	3.3
5NXK_A	17	38	3.1
5NXK_A	39	69	3.1
5NXK_A	70	96	3.1
5NXK_A	97	119	3.1
5NXK_A	120	165	3.1
5NXK_A	166	199	3.1
5NXK_A	200	227	3.1
5NXK_A	228	260	3.1
5NXK_A	261	289	3.1
5NXK_A	290	306	3.1
5O01_A	29	70	3.3
5O01_A	71	113	3.3
5O01_A	114	155	3.3
5O01_A	156	198	3.3
5O01_A	199	237	3.3
5OJ8_A	50	79	3.3
5OJ8_A	92	121	3.3
5OJ8_A	134	163	3.3
5OJ8_A	176	205	3.3
5OJ8_A	218	247	3.3
5OJF_A	27	62	3.3
5OJF_A	63	104	3.3
5OJF_A	105	146	3.3
5OJF_A	147	188	3.3
5OJF_A	189	232	3.3
5OJF_A	276	308	3.3
5OSI_B	16	55	3.3
5OSI_B	56	104	3.3
5OSI_B	105	150	3.3
5OSI_B	151	194	3.3
5OSI_B	223	266	3.3
5OSI_B	267	309	3.3
5T87_A	12	39	3.3
5T87_A	40	77	3.3
5T87_A	78	113	3.3
5UIJ_A	278	310	3.3
5UIJ_A	311	344	3.3
5UIJ_A	345	381	3.3
5UIJ_A	382	405	3.3
5UQM_A	27	56	3.3
5UQM_A	67	107	3.3
5UQM_A	125	252	3.3
5UQM_A	269	299	3.3
5UQM_A	336	373	3.3
5UQM_A	404	434	3.3
5UQM_A	435	461	3.3
5UQM_A	462	503	3.3
5UQM_A	545	560	3.3
5VHV_A	29	63	3.3
5VHV_A	64	98	3.3
5VHV_A	99	127	3.3
5VHV_A	128	173	3.3
5VHV_A	174	203	3.3
5VHV_A	204	236	3.3
5VJC_A	5	79	3.3
5VJC_A	91	120	3.3
5VJC_A	136	167	3.3
5VJC_A	168	204	3.3
5VJC_A	205	239	3.3
5VJC_A	252	265	3.3
5VKQ_A	130	166	3.3
5VKQ_A	167	199	3.3
5VKQ_A	200	234	3.3
5VKQ_A	235	269	3.3
5VKQ_A	270	304	3.3
5VKQ_A	305	335	3.3
5VKQ_A	336	370	3.3
5VKQ_A	371	402	3.3
5VKQ_A	403	436	3.3
5VKQ_A	437	470	3.3
5VKQ_A	471	503	3.3
5VKQ_A	504	536	3.3
5VKQ_A	537	577	3.3
5VKQ_A	578	622	3.3
5VKQ_A	623	661	3.3
5VKQ_A	662	694	3.3
5VKQ_A	695	727	3.3
5VKQ_A	728	761	3.3
5VKQ_A	762	794	3.3
5VKQ_A	795	828	3.3
5VKQ_A	829	864	3.3
5VKQ_A	865	897	3.3
5VKQ_A	898	930	3.3
5VKQ_A	931	976	3.3
5VKQ_A	977	1011	3.3
5VKQ_A	1012	1045	3.3
5VKQ_A	1046	1078	3.3
5VKQ_A	1079	1111	3.3
5VKQ_A	1112	1141	3.3
5VKQ_A	1142	1168	3.3
5VMK_A	258	277	3.1
5VMK_A	278	295	3.1
5VMK_A	296	312	3.1
5VMK_A	313	329	3.1
5VMK_A	330	347	3.1
5VMK_A	348	364	3.1
5VMK_A	365	381	3.1
5VMK_A	382	406	3.1
5VMK_A	407	424	3.1
5VMK_A	425	440	3.1
5VY8_C	173	277	3.3
5VY8_C	278	312	3.3
5VY8_C	313	346	3.3
5VY8_C	360	412	3.3
5VY8_C	413	461	3.3
5VY8_C	479	516	3.3
5VY8_C	559	581	3.3
5VY8_C	582	772	3.3
5VY8_C	773	796	3.3
5VY8_C	810	844	3.3
5W6S_A	159	179	3.1
5W6S_A	193	232	3.1
5W6S_A	233	256	3.1
5W6S_A	257	279	3.1
5W6S_A	280	300	3.1
5W6S_A	312	334	3.1
5W6S_A	335	354	3.1
5W7I_A	15	44	3.3
5W7I_A	45	77	3.3
5W7I_A	78	110	3.3
5W7I_A	111	143	3.3
5W7I_A	144	178	3.3
5W7I_A	179	211	3.3
5W7I_A	212	235	3.3
5WTX_A	81	117	3.3
5WTX_A	118	164	3.3
5WTX_A	178	227	3.3
5WTX_A	255	331	3.3
5WTX_A	332	374	3.3
5WTX_A	375	411	3.3
5WTX_A	412	458	3.3
5WTX_A	459	524	3.3
5WTX_A	525	562	3.3
5WTX_A	563	600	3.3
5WXN_A	24	54	3.3
5WXN_A	80	112	3.3
5WXN_A	113	129	3.3
5WXN_A	144	171	3.3
5WXN_A	189	239	3.3
5WZK_A	14	60	3.3
5WZK_A	61	96	3.3
5WZK_A	97	144	3.3
5WZK_A	145	189	3.3
5WZK_A	190	246	3.3
5WZK_A	247	285	3.3
5WZK_A	286	322	3.3
5WZK_A	323	389	3.3
5WZK_A	390	430	3.3
5WZK_A	431	466	3.3
5WZK_A	467	503	3.3
5XJO_A	45	71	3.2
5XJO_A	72	95	3.2
5XJO_A	96	119	3.2
5XJO_A	120	143	3.2
5XJO_A	144	167	3.2
5XJO_A	168	191	3.2
5XJO_A	192	215	3.2
5XJO_A	216	238	3.2
5XJO_A	239	262	3.2
5XJO_A	263	286	3.2
5XJO_A	287	310	3.2
5XJO_A	311	334	3.2
5XJO_A	335	358	3.2
5XJO_A	359	382	3.2
5XJO_A	383	406	3.2
5XJO_A	407	430	3.2
5XJO_A	431	454	3.2
5XJO_A	455	478	3.2
5XJO_A	479	499	3.2
5XJO_A	500	523	3.2
5Y4E_A	51	82	3.3
5Y4E_A	83	115	3.3
5Y4E_A	116	148	3.3
5Y4E_A	149	181	3.3
5Y4E_A	182	214	3.3
5Y4E_A	215	247	3.3
5Y4E_A	248	271	3.3
5YFP_G	25	46	3.3
5YFP_G	47	79	3.3
5YFP_G	91	144	3.3
5YFP_G	155	217	3.3
5YFP_G	218	292	3.3
5YFP_G	293	343	3.3
5YFP_G	354	444	3.3
5YFP_G	460	514	3.3
5YFP_G	530	595	3.3
5YKH_A	41	69	3.3
5YKH_A	70	104	3.3
5YKH_A	105	140	3.3
5YKH_A	141	176	3.3
5YKH_A	177	212	3.3
5YKH_A	177	213	3.3
5YKH_A	213	255	3.3
5YKH_A	214	254	3.3
5YKH_A	255	291	3.3
5YKH_A	371	405	3.3
5YVG_A	11	46	3.3
5YVG_A	58	142	3.3
5YVG_A	186	226	3.3
5YVG_A	269	317	3.3
5YVG_A	385	427	3.3
5YVG_A	468	510	3.3
5YVG_A	511	554	3.3
5YVG_A	555	610	3.3
5YVG_A	611	653	3.3
5YVG_A	654	695	3.3
5YVG_A	696	739	3.3
5YVG_A	781	821	3.3
5YVG_A	822	865	3.3
5Z09_A	43	158	3.1
5Z09_A	243	271	3.1
5Z09_A	272	304	3.1
5Z09_A	305	359	3.1
5Z09_A	360	389	3.1
5Z96_A	30	71	3.3
5Z96_A	72	97	3.3
5Z96_A	98	130	3.3
5Z96_A	144	166	3.3
5ZKS_A	49	70	3.1
5ZKS_A	71	138	3.1
5ZKS_A	139	179	3.1
5ZKS_A	180	201	3.1
5ZKS_A	202	224	3.1
5ZKS_A	225	248	3.1
5ZKS_A	249	295	3.1
5ZKS_A	296	333	3.1
5ZKS_A	334	367	3.1
5ZKS_A	368	417	3.1
5ZKS_A	418	435	3.1
5ZQQ_A	14	49	3.3
5ZQQ_A	50	82	3.3
5ZQQ_A	83	101	3.3
6AEI_A	30	71	3.3
6AEI_A	72	98	3.3
6AEI_A	99	117	3.3
6AEI_A	144	168	3.3
6AG8_A	17	76	3.1
6AG8_A	77	109	3.1
6AG8_A	110	156	3.1
6AG8_A	157	175	3.1
6AUN_A	152	188	3.3
6AUN_A	189	221	3.3
6AUN_A	222	253	3.3
6AUN_A	254	288	3.3
6AUN_A	289	318	3.3
6AUN_A	319	352	3.3
6AUN_A	353	384	3.3
6AUN_A	385	404	3.3
6B75_C	75	104	3.3
6B75_C	124	164	3.3
6B75_C	165	214	3.3
6B75_C	215	240	3.3
6B75_C	255	282	3.3
6B75_C	283	312	3.3
6B75_C	313	354	3.3
6B75_C	355	385	3.3
6B75_C	397	422	3.3
6BEA_A	25	56	3.1
6BEA_A	57	86	3.1
6BEA_A	87	114	3.1
6BEA_A	115	143	3.1
6BEA_A	144	184	3.1
6BEA_A	185	214	3.1
6BEA_A	215	248	3.1
6BEA_A	249	277	3.1
6BEA_A	278	304	3.1
6BEA_A	305	324	3.1
6BEA_A	325	345	3.1
6BEA_A	346	364	3.1
6BEA_A	365	386	3.1
6BVV_A	23	65	3.3
6BVV_A	66	107	3.3
6BVV_A	108	150	3.3
6BVV_A	151	192	3.3
6BVV_A	193	234	3.3
6BVV_A	235	276	3.3
6BVV_A	277	318	3.3
6BVV_A	319	362	3.3
6BVV_A	363	407	3.3
6BWJ_A	73	115	3.3
6BWJ_A	116	162	3.3
6BWJ_A	163	208	3.3
6BWJ_A	209	244	3.3
6BWJ_A	245	293	3.3
6BWJ_A	293	313	3.3
6BY9_A	69	100	3.3
6BY9_A	101	133	3.3
6BY9_A	134	166	3.3
6BY9_A	167	200	3.3
6BY9_A	201	233	3.3
6BY9_A	234	266	3.3
6BY9_A	267	299	3.3
6BY9_A	300	322	3.3
6C72_C	197	226	3.1
6C72_C	227	254	3.1
6C72_C	255	277	3.1
6C72_C	278	304	3.1
6C72_C	305	336	3.1
6C72_C	337	369	3.1
6C72_C	370	393	3.1
6C72_C	394	419	3.1
6CRV_A	26	317	3.3
6CRV_A	704	848	3.3
6CRV_A	871	909	3.3
6CRV_A	933	989	3.3
6E0V_B	85	103	3.1
6E0V_B	104	123	3.1
6E0V_B	124	141	3.1
6E0V_B	142	167	3.1
6E0V_B	168	192	3.1
6E0V_B	193	219	3.1
6E0V_B	220	266	3.1
6E0V_B	267	286	3.1
6E0V_B	287	319	3.1
6E0V_B	320	357	3.1
6E0V_B	358	378	3.1
6E0V_B	379	402	3.1
6E0V_B	403	433	3.1
6E0V_B	434	462	3.1
6EF4_A	44	81	3.3
6EF4_A	82	119	3.3
6EF4_A	120	159	3.3
6EF4_A	160	197	3.3
6EF4_A	198	236	3.3
6EF4_A	237	275	3.3
6EF4_A	276	317	3.3
6EF4_A	318	356	3.3
6EF4_A	357	396	3.3
6EF4_A	397	434	3.3
6EF4_A	435	473	3.3
6EF4_A	474	512	3.3
6EF4_A	513	552	3.3
6EF4_A	553	587	3.3
6F4G_A	30	52	3.2
6F4G_A	53	74	3.2
6F4G_A	75	98	3.2
6F4G_A	99	122	3.2
6F4G_A	123	147	3.2
6F9I_B	10	40	3.3
6F9I_B	52	82	3.3
6F9I_B	94	124	3.3
6F9I_B	136	165	3.3
6F9I_B	178	207	3.3
6F9I_B	208	235	3.3
6F9I_B	260	290	3.3
6FI2_A	86	107	3.1
6FI2_A	108	129	3.1
6FI2_A	130	156	3.1
6FI2_A	157	180	3.1
6FI2_A	181	217	3.1
6FI2_A	218	239	3.1
6FI2_A	240	262	3.1
6FI2_A	263	333	3.1
6FI2_A	334	353	3.1
6FSQ_A	23	50	3.3
6FSQ_A	51	80	3.3
6FSQ_A	81	111	3.3
6FSQ_A	112	142	3.3
6FSQ_A	143	174	3.3
6FSQ_A	174	204	3.3
6FSQ_A	175	204	3.3
6FSQ_A	222	249	3.3
6FSQ_A	250	279	3.3
6FSQ_A	280	310	3.3
6FSQ_A	311	341	3.3
6FSQ_A	342	372	3.3
6G1K_A	30	71	3.3
6G1K_A	72	98	3.3
6G1K_A	99	119	3.3
6G1K_A	146	169	3.3
6HLU_A	66	89	3.2
6HLU_A	90	112	3.2
6HLU_A	113	134	3.2
6HLU_A	135	156	3.2
6HLU_A	157	178	3.2
6HLU_A	157	178	3.2
6HLU_A	179	200	3.2
6HLU_A	201	222	3.2
6HLU_A	223	244	3.2
6HLU_A	245	266	3.2
6HLU_A	245	266	3.2
6HLU_A	311	332	3.2
6HLU_A	333	354	3.2
6HLU_A	355	376	3.2
6HLU_A	377	398	3.2
6HLU_A	399	422	3.2
6HLU_A	423	458	3.2
6HLU_A	493	541	3.2
6HLU_A	564	586	3.2
6HLU_A	587	617	3.2
6HLU_A	661	707	3.2
6HLU_A	745	788	3.2
6HPG_A	1	38	3.3
6HPG_A	39	72	3.3
6HPG_A	73	106	3.3
6I2M_A	90	118	3.3
6I2M_A	119	155	3.3
6I2M_A	156	182	3.3
6IQQ_A	37	53	3.3
6IQQ_A	64	95	3.3
6IQQ_A	96	129	3.3
6IQQ_A	130	161	3.3
6IQQ_A	162	196	3.3
6IQQ_A	197	232	3.3
6IQQ_A	233	265	3.3
6JBU_B	8	35	3.2
6JBU_B	36	60	3.2
6JBU_B	61	82	3.2
6JBU_B	83	106	3.2
6JBU_B	107	131	3.2
6JBU_B	132	153	3.2
6JBU_B	154	177	3.2
6JBU_B	178	202	3.2
6JBU_B	203	224	3.2
6JBU_B	225	248	3.2
6JBU_B	249	273	3.2
6JBU_B	274	300	3.2
6KVE_A	28	51	3.1
6KVE_A	52	78	3.1
6KVE_A	79	118	3.1
6KVE_A	119	138	3.1
6KVE_A	139	169	3.1
6KVE_A	170	190	3.1
6KVE_A	191	218	3.1
6KVE_A	219	247	3.1
6KVE_A	248	287	3.1
6KVE_A	288	315	3.1
6LOJ_A	42	62	3.2
6LOJ_A	63	82	3.2
6LOJ_A	83	102	3.2
6LOJ_A	103	122	3.2
6LOJ_A	123	143	3.2
6LOJ_A	144	166	3.2
6LOJ_A	167	189	3.2
6LOJ_A	190	218	3.2
6MDN_K	26	42	3.3
6MDN_K	56	90	3.3
6MDN_K	111	154	3.3
6MDN_K	155	198	3.3
6MDN_K	217	254	3.3
6MDN_K	255	293	3.3
6N2B_A	207	223	3.1
6N2B_A	224	239	3.1
6N2B_A	240	258	3.1
6N2B_A	259	283	3.1
6N2B_A	284	304	3.1
6N2B_A	305	326	3.1
6N2B_A	327	341	3.1
6N2B_A	342	364	3.1
6N2B_A	365	385	3.1
6N2B_A	386	396	3.1
6NOD_A	20	51	3.3
6NOD_A	52	88	3.3
6NOD_A	89	124	3.3
6NOD_A	125	160	3.3
6NOD_A	161	199	3.3
6NOD_A	200	235	3.3
6NOD_A	236	271	3.3
6NOD_A	272	314	3.3
6NOD_A	315	348	3.3
6NY5_A	64	107	3.3
6NY5_A	108	143	3.3
6NY5_A	144	180	3.3
6NY5_A	181	213	3.3
6NY5_A	214	251	3.3
6NY5_A	252	290	3.3
6NY5_A	291	333	3.3
6NY5_A	334	374	3.3
6P83_A	7	62	3.1
6P83_A	101	127	3.1
6P83_A	128	160	3.1
6P83_A	161	211	3.1
6P83_A	229	257	3.1
6P83_A	258	287	3.1
6P83_A	288	304	3.1
6PQO_A	449	481	3.3
6PQO_A	482	513	3.3
6PQO_A	514	547	3.3
6PQO_A	548	580	3.3
6PQO_A	581	619	3.3
6PQO_A	620	680	3.3
6PQO_A	681	985	3.3
6PQO_A	986	1004	3.3
6PQO_A	1005	1027	3.3
6PQO_A	1042	1059	3.3
6PTN_F	480	573	3.3
6PTN_F	618	790	3.3
6PTN_F	828	876	3.3
6PTN_F	889	926	3.3
6PY8_F	123	168	3.3
6PY8_F	169	201	3.3
6PY8_F	202	235	3.3
6PY8_F	236	268	3.3
6PY8_F	269	301	3.3
6PY8_F	302	334	3.3
6PY8_F	335	357	3.3
6QDK_A	8	41	3.3
6QDK_A	42	78	3.3
6QDK_A	79	112	3.3
6QDK_A	113	130	3.3
6QDK_A	142	170	3.3
6QDK_A	187	215	3.3
6QDK_A	237	264	3.3
6QDK_A	265	290	3.3
6QDK_A	291	321	3.3
6QDK_A	335	352	3.3
6QDK_A	370	423	3.3
6QDK_A	436	453	3.3
6QDK_A	454	496	3.3
6QDK_A	529	561	3.3
6QDK_A	562	588	3.3
6QDK_A	621	645	3.3
6QDK_A	646	683	3.3
6QDK_A	684	714	3.3
6QDK_A	734	759	3.3
6QDK_A	780	802	3.3
6QDK_A	820	846	3.3
6QDK_A	863	893	3.3
6QDK_A	894	912	3.3
6QNX_A	80	110	3.3
6QNX_A	111	164	3.3
6QNX_A	165	211	3.3
6QNX_A	212	300	3.3
6QNX_A	301	339	3.3
6QNX_A	340	382	3.3
6QNX_A	383	420	3.3
6QNX_A	421	476	3.3
6QNX_A	477	505	3.3
6QNX_A	514	580	3.3
6QNX_A	581	624	3.3
6QNX_A	625	680	3.3
6QNX_A	681	725	3.3
6QNX_A	726	779	3.3
6QNX_A	780	840	3.3
6QNX_A	850	891	3.3
6QNX_A	892	941	3.3
6QNX_A	942	997	3.3
6QNX_A	998	1028	3.3
6RIA_1	12	27	3.1
6RIA_1	28	43	3.1
6RIA_1	44	63	3.1
6RIA_1	64	78	3.1
6RIA_1	79	95	3.1
6S6S_A	53	83	3.3
6S6S_A	84	104	3.3
6S6S_A	120	204	3.3
6S6S_A	205	235	3.3
6S6S_A	272	306	3.3
6S6S_A	307	334	3.3
6S6S_A	346	553	3.3
6S6S_A	578	597	3.3
6S6S_A	620	643	3.3
6S6S_A	655	681	3.3
6S6S_A	682	730	3.3
6S6S_A	731	755	3.3
6S6S_A	787	802	3.3
6S6S_A	827	854	3.3
6S6S_A	900	921	3.3
6S6S_A	945	993	3.3
6S6S_A	1012	1054	3.3
6S6S_A	1055	1079	3.3
6S6S_A	1080	1125	3.3
6S6S_A	1126	1153	3.3
6S6S_A	1174	1195	3.3
6S6S_A	1196	1225	3.3
6S6S_A	1245	1264	3.3
6S6S_A	1275	1322	3.3
6S6S_A	1372	1445	3.3
6S6S_A	1456	1483	3.3
6SA7_A	5	36	3.3
6SA7_A	37	99	3.3
6SA7_A	100	132	3.3
6SA7_A	151	169	3.3
6SA7_A	184	224	3.3
6SA7_A	225	266	3.3
6SA7_A	225	266	3.3
6SA7_A	225	266	3.3
6SA7_A	225	266	3.3
6SA7_A	225	266	3.3
6SA7_A	435	476	3.3
6TK1_A	28	80	3.3
6TK1_A	81	112	3.3
6TK1_A	113	144	3.3
6TK1_A	145	179	3.3
6TK1_A	180	213	3.3
6TK1_A	214	251	3.3
6TLF_A	30	62	3.3
6TLF_A	63	82	3.3
6TLF_A	113	167	3.3
6TLF_A	168	186	3.3
6TLF_A	197	248	3.3
6V4X_J	2	37	3.3
6V4X_J	38	73	3.3
6V4X_J	74	111	3.3
6V4X_J	112	165	3.3
6V4X_J	166	240	3.3
6V4X_J	265	299	3.3
6V9H_C	56	87	3.3
6V9H_C	88	120	3.3
6V9H_C	121	152	3.3
6V9H_C	153	186	3.3
6V9H_C	187	217	3.3
6V9H_C	218	250	3.3
6V9H_C	251	276	3.3
6V9H_C	277	309	3.3
6W2V_A	22	61	3.3
6W2V_A	62	106	3.3
6W2V_A	107	165	3.3
6W2V_A	166	222	3.3
7A6U_A	96	124	3.3
7A6U_A	125	158	3.3
7A6U_A	159	190	3.3
7A6U_A	224	248	3.3
7AKV_G	16	38	3.1
7AKV_G	39	62	3.1
7AKV_G	73	100	3.1
7AKV_G	101	125	3.1
7AKV_G	126	151	3.1
7AKV_G	152	176	3.1
7AKV_G	177	203	3.1
7AKV_G	204	228	3.1
7AKV_G	229	252	3.1
7AKV_G	253	301	3.1
7AKV_G	302	326	3.1
7AKV_G	327	348	3.1
7AKV_G	349	374	3.1
7AKV_G	375	397	3.1
7AKV_G	405	425	3.1
7AKV_G	426	448	3.1
7C7D_A	238	258	3.1
7C7D_A	259	285	3.1
7C7D_A	286	317	3.1
7C7D_A	318	340	3.1
7C7D_A	341	364	3.1
7C7D_A	365	391	3.1
7C7D_A	392	412	3.1
7C7D_A	413	446	3.1
7C7D_A	447	485	3.1
7C7D_A	486	513	3.1
7C7D_A	514	537	3.1
7C7D_A	538	566	3.1
7JW4_A	61	100	3.1
7JW4_A	101	126	3.1
7JW4_A	127	275	3.1
7JW4_A	276	298	3.1
7JW4_A	299	328	3.1
7JW4_A	329	438	3.1
7JW4_A	439	462	3.1
7JW4_A	463	494	3.1
7JW4_A	495	531	3.1
7JW4_A	532	555	3.1
7JW4_A	556	586	3.1
7ROY_A	3	51	3.3
7ROY_A	52	94	3.3
7ROY_A	95	126	3.3
7ROY_A	127	159	3.3
7ROY_A	160	192	3.3
7ROY_A	193	224	3.3
7ROY_A	225	248	3.3
7T6J_A	48	80	3.3
7T6J_A	81	118	3.3
7T6J_A	119	164	3.3
7T6J_A	165	197	3.3
7T6J_A	198	241	3.3
7T6J_A	242	263	3.3
1A0S_P	1	60	4.2
1A0S_P	61	97	4.2
1A0S_P	148	184	4.2
1A0S_P	185	229	4.2
1A0S_P	230	276	4.2
1A0S_P	277	313	4.2
1A0S_P	314	354	4.2
1A0S_P	369	408	4.2
1A12_A	27	79	4.4
1A12_A	80	142	4.4
1A12_A	143	184	4.4
1A12_A	185	252	4.4
1A12_A	253	306	4.4
1A12_A	307	357	4.4
1A12_A	358	409	4.4
1A50_A	10	45	4.1
1A50_A	46	92	4.1
1A50_A	93	121	4.1
1A50_A	134	179	4.1
1A50_A	206	227	4.1
1A50_A	228	266	4.1
1A57_A	17	38	4.2
1A57_A	39	71	4.2
1A57_A	72	94	4.2
1A57_A	95	113	4.2
1A5C_A	34	77	4.1
1A5C_A	78	107	4.1
1A5C_A	108	148	4.1
1A5C_A	149	189	4.1
1A5C_A	190	229	4.1
1A5C_A	230	272	4.1
1A5C_A	273	301	4.1
1A5C_A	302	345	4.1
1AA1_B	169	198	4.1
1AA1_B	199	236	4.1
1AA1_B	237	263	4.1
1AA1_B	264	289	4.1
1AA1_B	290	324	4.1
1AA1_B	325	374	4.1
1AA1_B	375	397	4.1
1AA1_B	398	434	4.1
1AG1_O	7	37	4.1
1AG1_O	38	59	4.1
1AG1_O	60	89	4.1
1AG1_O	90	121	4.1
1AG1_O	122	161	4.1
1AG1_O	162	206	4.1
1AG1_O	207	229	4.1
1AG1_O	230	247	4.1
1AOF_A	164	198	4.4
1AOF_A	199	239	4.4
1AOF_A	240	299	4.4
1AOF_A	300	343	4.4
1AOF_A	344	384	4.4
1AOF_A	385	439	4.4
1AOF_A	440	490	4.4
1AOF_A	491	551	4.4
1AVD_A	8	20	4.2
1AVD_A	21	53	4.2
1AVD_A	54	85	4.2
1AVD_A	86	122	4.2
1AW1_A	6	33	4.1
1AW1_A	34	58	4.1
1AW1_A	59	89	4.1
1AW1_A	90	124	4.1
1AW1_A	125	148	4.1
1AW1_A	149	195	4.1
1AW1_A	207	228	4.1
1AW1_A	229	254	4.1
1B4M_A	8	47	4.2
1B4M_A	48	67	4.2
1B4M_A	68	91	4.2
1B4M_A	92	113	4.2
1B4M_A	114	132	4.2
1BH3_A	2	46	4.2
1BH3_A	47	77	4.2
1BH3_A	78	141	4.2
1BH3_A	142	172	4.2
1BH3_A	173	204	4.2
1BH3_A	205	233	4.2
1BH3_A	234	263	4.2
1BH3_A	264	288	4.2
1BJ7_A	17	46	4.2
1BJ7_A	47	75	4.2
1BJ7_A	76	95	4.2
1BJ7_A	96	118	4.2
1BLR_A	4	47	4.2
1BLR_A	48	67	4.2
1BLR_A	68	90	4.2
1BLR_A	91	116	4.2
1BLR_A	117	137	4.2
1BQC_A	22	47	4.1
1BQC_A	48	78	4.1
1BQC_A	79	120	4.1
1BQC_A	121	159	4.1
1BQC_A	160	190	4.1
1BQC_A	191	220	4.1
1BQC_A	221	249	4.1
1BQC_A	250	286	4.1
1BWY_A	1	46	4.2
1BWY_A	47	65	4.2
1BWY_A	66	88	4.2
1BWY_A	89	110	4.2
1BWY_A	111	131	4.2
1C5K_A	163	201	4.4
1C5K_A	202	245	4.4
1C5K_A	246	289	4.4
1C5K_A	290	333	4.4
1C5K_A	334	377	4.4
1C5K_A	378	418	4.4
1CBI_A	5	47	4.2
1CBI_A	48	69	4.2
1CBI_A	70	89	4.2
1CBI_A	90	114	4.2
1CBI_A	115	136	4.2
1CI1_A	7	37	4.1
1CI1_A	38	60	4.1
1CI1_A	61	90	4.1
1CI1_A	91	122	4.1
1CI1_A	123	162	4.1
1CI1_A	163	207	4.1
1CI1_A	208	230	4.1
1CI1_A	231	251	4.1
1CK7_A	448	494	4.4
1CK7_A	495	540	4.4
1CK7_A	541	589	4.4
1CK7_A	590	615	4.4
1DC9_A	34	54	4.2
1DC9_A	55	74	4.2
1DC9_A	75	97	4.2
1DC9_A	98	121	4.2
1DFV_A	28	61	4.2
1DFV_A	62	88	4.2
1DFV_A	89	116	4.2
1DFV_A	117	141	4.2
1DZJ_A	48	75	4.2
1DZJ_A	76	97	4.2
1DZJ_A	98	119	4.2
1E42_A	35	114	4.4
1E42_A	115	142	4.4
1E42_A	189	237	4.4
1E5P_D	11	41	4.2
1E5P_D	42	66	4.2
1E5P_D	67	89	4.2
1E5P_D	90	113	4.2
1E5T_A	81	122	4.4
1E5T_A	133	174	4.4
1E5T_A	175	232	4.4
1E5T_A	245	291	4.4
1E5T_A	292	339	4.4
1E5T_A	340	379	4.4
1E5T_A	402	509	4.4
1E5T_A	560	703	4.4
1EAL_A	4	44	4.2
1EAL_A	45	66	4.2
1EAL_A	67	86	4.2
1EAL_A	87	104	4.2
1EAL_A	105	125	4.2
1EIX_A	16	40	4.1
1EIX_A	41	69	4.1
1EIX_A	70	95	4.1
1EIX_A	96	120	4.1
1EIX_A	121	166	4.1
1EIX_A	167	240	4.1
1EJ7_L	167	196	4.1
1EJ7_L	197	234	4.1
1EJ7_L	235	261	4.1
1EJ7_L	262	287	4.1
1EJ7_L	288	322	4.1
1EJ7_L	323	372	4.1
1EJ7_L	373	396	4.1
1EJ7_L	397	433	4.1
1EPA_A	13	45	4.2
1EPA_A	46	72	4.2
1EPA_A	73	94	4.2
1EPA_A	95	118	4.2
1ERJ_A	69	105	4.4
1ERJ_A	125	164	4.4
1ERJ_A	165	209	4.4
1ERJ_A	210	247	4.4
1ERJ_A	258	285	4.4
1ERJ_A	312	353	4.4
1ERJ_A	354	389	4.4
1EW3_A	36	58	4.2
1EW3_A	59	82	4.2
1EW3_A	83	106	4.2
1EYE_A	7	44	4.1
1EYE_A	60	82	4.1
1EYE_A	83	102	4.1
1EYE_A	103	126	4.1
1EYE_A	127	173	4.1
1EYE_A	174	206	4.1
1EYE_A	207	250	4.1
1EYE_A	251	272	4.1
1F5Z_A	8	40	4.1
1F5Z_A	41	75	4.1
1F5Z_A	76	132	4.1
1F5Z_A	133	185	4.1
1F5Z_A	186	245	4.1
1F5Z_A	259	292	4.1
1F9C_A	139	162	4.1
1F9C_A	163	191	4.1
1F9C_A	192	220	4.1
1F9C_A	221	243	4.1
1F9C_A	244	266	4.1
1F9C_A	267	294	4.1
1F9C_A	295	315	4.1
1FBL_A	186	229	4.4
1FBL_A	230	278	4.4
1FBL_A	279	327	4.4
1FBL_A	328	366	4.4
1FEP_A	154	184	4.2
1FEP_A	185	242	4.2
1FEP_A	243	298	4.2
1FEP_A	299	357	4.2
1FEP_A	358	421	4.2
1FEP_A	422	453	4.2
1FEP_A	454	519	4.2
1FEP_A	520	575	4.2
1FEP_A	576	616	4.2
1FEP_A	617	666	4.2
1FEP_A	667	724	4.2
1FHV_A	50	77	4.1
1FHV_A	78	97	4.1
1FHV_A	111	131	4.1
1FHV_A	132	161	4.1
1FHV_A	162	209	4.1
1FHV_A	234	260	4.1
1FHV_A	261	287	4.1
1FTP_A	8	48	4.2
1FTP_A	49	69	4.2
1FTP_A	70	91	4.2
1FTP_A	92	112	4.2
1FTP_A	113	133	4.2
1FW2_A	39	91	4.2
1FW2_A	92	136	4.2
1FW2_A	137	174	4.2
1FW2_A	175	211	4.2
1FW2_A	212	241	4.2
1FW2_A	242	272	4.2
1G72_A	56	74	4.4
1G72_A	75	153	4.4
1G72_A	154	236	4.4
1G72_A	237	302	4.4
1G72_A	303	386	4.4
1G72_A	387	466	4.4
1G72_A	467	508	4.4
1G72_A	509	572	4.4
1G7K_A	24	49	4.2
1G7K_A	50	112	4.2
1G7K_A	112	141	4.2
1G7K_A	166	231	4.2
1G85_A	14	48	4.2
1G85_A	49	76	4.2
1G85_A	77	96	4.2
1G85_A	97	121	4.2
1GEH_A	34	52	4.1
1GEH_A	53	72	4.1
1GEH_A	87	121	4.1
1GEH_A	137	154	4.1
1GEH_A	155	184	4.1
1GEH_A	185	212	4.1
1GEH_A	225	249	4.1
1GEH_A	250	276	4.1
1GEH_A	277	310	4.1
1GEH_A	311	361	4.1
1GEH_A	373	416	4.1
1GEH_A	417	439	4.1
1GEQ_A	6	34	4.1
1GEQ_A	35	82	4.1
1GEQ_A	83	110	4.1
1GEQ_A	111	134	4.1
1GEQ_A	135	158	4.1
1GEQ_A	159	193	4.1
1GEQ_A	194	215	4.1
1GEQ_A	216	247	4.1
1GGL_A	6	46	4.2
1GGL_A	47	68	4.2
1GGL_A	69	89	4.2
1GGL_A	90	111	4.2
1GGL_A	112	133	4.2
1GK8_A	35	106	4.1
1GK8_A	107	128	4.1
1GK8_A	162	230	4.1
1GK8_A	243	264	4.1
1GK8_A	265	289	4.1
1GK8_A	290	325	4.1
1GK8_A	326	373	4.1
1GK8_A	374	395	4.1
1GK8_A	396	433	4.1
1GK8_A	434	452	4.1
1GKA_A	43	71	4.2
1GKA_A	72	97	4.2
1GKA_A	98	125	4.2
1GM6_A	23	52	4.2
1GM6_A	53	80	4.2
1GM6_A	81	101	4.2
1GM6_A	102	124	4.2
1GQN_A	17	43	4.1
1GQN_A	44	76	4.1
1GQN_A	77	111	4.1
1GQN_A	112	136	4.1
1GQN_A	137	167	4.1
1GQN_A	168	200	4.1
1GQN_A	201	222	4.1
1GQN_A	222	251	4.1
1GXR_A	51	94	4.4
1GXR_A	95	139	4.4
1GXR_A	140	182	4.4
1GXR_A	183	225	4.4
1GXR_A	226	264	4.4
1GXR_A	265	307	4.4
1GXR_A	308	337	4.4
1GYH_A	7	59	4.4
1GYH_A	60	124	4.4
1GYH_A	147	278	4.4
1H1N_A	2	45	4.1
1H1N_A	46	86	4.1
1H1N_A	87	122	4.1
1H1N_A	123	161	4.1
1H1N_A	162	187	4.1
1H1N_A	188	234	4.1
1H1N_A	235	263	4.1
1H1N_A	264	304	4.1
1H1Y_A	10	34	4.1
1H1Y_A	35	64	4.1
1H1Y_A	65	88	4.1
1H1Y_A	89	114	4.1
1H1Y_A	141	178	4.1
1H1Y_A	179	223	4.1
1H4I_A	59	111	4.4
1H4I_A	112	162	4.4
1H4I_A	163	246	4.4
1H4I_A	247	310	4.4
1H4I_A	311	397	4.4
1H4I_A	398	478	4.4
1H4I_A	479	520	4.4
1H4I_A	521	580	4.4
1H6S_1	2	74	4.2
1H6S_1	75	140	4.2
1H6S_1	141	173	4.2
1H6S_1	174	203	4.2
1H6S_1	223	251	4.2
1H6S_1	252	281	4.2
1H6S_1	282	306	4.2
1HW6_A	17	42	4.1
1HW6_A	43	65	4.1
1HW6_A	66	101	4.1
1HW6_A	102	132	4.1
1HW6_A	133	158	4.1
1HW6_A	159	182	4.1
1HW6_A	183	227	4.1
1HW6_A	228	247	4.1
1I3Q_H	7	35	4.2
1I3Q_H	36	94	4.2
1I3Q_H	95	110	4.2
1I3Q_H	111	127	4.2
1I45_A	11	33	4.1
1I45_A	34	58	4.1
1I45_A	59	88	4.1
1I45_A	89	122	4.1
1I45_A	123	191	4.1
1I45_A	227	246	4.1
1I4N_A	42	74	4.1
1I4N_A	75	103	4.1
1I4N_A	104	124	4.1
1I4N_A	125	151	4.1
1I4N_A	152	172	4.1
1I4N_A	173	200	4.1
1I4N_A	201	224	4.1
1I4N_A	225	251	4.1
1IW2_A	28	62	4.2
1IW2_A	63	88	4.2
1IW2_A	89	110	4.2
1IW2_A	111	133	4.2
1J2W_A	1	33	4.1
1J2W_A	34	53	4.1
1J2W_A	54	85	4.1
1J2W_A	86	119	4.1
1J2W_A	120	147	4.1
1J2W_A	148	177	4.1
1J2W_A	178	199	4.1
1J2W_A	200	212	4.1
1J6O_A	14	40	4.1
1J6O_A	41	64	4.1
1J6O_A	65	97	4.1
1J6O_A	98	134	4.1
1J6O_A	135	155	4.1
1J6O_A	156	179	4.1
1J6O_A	180	205	4.1
1J6O_A	206	246	4.1
1JCJ_A	16	41	4.1
1JCJ_A	42	66	4.1
1JCJ_A	67	99	4.1
1JCJ_A	100	135	4.1
1JCJ_A	136	164	4.1
1JCJ_A	165	199	4.1
1JCJ_A	200	235	4.1
1JCJ_A	236	252	4.1
1JCM_P	49	81	4.1
1JCM_P	82	110	4.1
1JCM_P	111	132	4.1
1JCM_P	133	158	4.1
1JCM_P	159	178	4.1
1JCM_P	179	206	4.1
1JCM_P	207	230	4.1
1JCM_P	231	255	4.1
1JJU_B	1	29	4.4
1JJU_B	30	73	4.4
1JJU_B	74	132	4.4
1JJU_B	133	171	4.4
1JJU_B	172	238	4.4
1JJU_B	239	277	4.4
1JJU_B	278	318	4.4
1JMX_A	182	205	4.2
1JMX_A	206	234	4.2
1JMX_A	235	257	4.2
1JMX_A	258	280	4.2
1JMX_B	11	43	4.4
1JMX_B	44	93	4.4
1JMX_B	94	147	4.4
1JMX_B	148	207	4.4
1JMX_B	208	255	4.4
1JMX_B	256	295	4.4
1JMX_B	296	339	4.4
1JOF_A	2	41	4.4
1JOF_A	42	94	4.4
1JOF_A	95	146	4.4
1JOF_A	147	194	4.4
1JOF_A	195	243	4.4
1JOF_A	244	307	4.4
1JOF_A	308	351	4.4
1JPM_A	1	113	4.1
1JPM_A	134	158	4.1
1JPM_A	179	214	4.1
1JPM_A	215	239	4.1
1JPM_A	240	261	4.1
1JPM_A	262	289	4.1
1JPM_A	290	318	4.1
1JQP_A	13	48	4.2
1JQP_A	49	66	4.2
1JQP_A	67	88	4.2
1JQP_A	89	117	4.2
1JTD_B	10	52	4.4
1JTD_B	53	91	4.4
1JTD_B	92	130	4.4
1JTD_B	131	169	4.4
1JTD_B	170	208	4.4
1JTD_B	209	244	4.4
1JTD_B	245	273	4.4
1K7I_A	18	48	4.1
1K7I_A	75	116	4.1
1K7I_A	128	194	4.1
1K8K_C	10	51	4.4
1K8K_C	52	95	4.4
1K8K_C	96	142	4.4
1K8K_C	143	204	4.4
1K8K_C	205	246	4.4
1K8K_C	247	328	4.4
1K8K_C	329	358	4.4
1KMO_A	256	289	4.2
1KMO_A	290	327	4.2
1KMO_A	328	383	4.2
1KMO_A	384	432	4.2
1KMO_A	433	492	4.2
1KMO_A	493	537	4.2
1KMO_A	538	583	4.2
1KMO_A	584	636	4.2
1KMO_A	637	679	4.2
1KMO_A	680	732	4.2
1KMO_A	733	774	4.2
1KV8_A	4	29	4.1
1KV8_A	30	54	4.1
1KV8_A	55	81	4.1
1KV8_A	82	107	4.1
1KV8_A	108	130	4.1
1KV8_A	131	164	4.1
1KV8_A	165	186	4.1
1KV8_A	187	215	4.1
1L0Q_A	1	32	4.4
1L0Q_A	33	75	4.4
1L0Q_A	76	114	4.4
1L0Q_A	115	157	4.4
1L0Q_A	158	198	4.4
1L0Q_A	199	243	4.4
1L0Q_A	244	281	4.4
1LBM_A	3	23	4.1
1LBM_A	24	51	4.1
1LBM_A	52	77	4.1
1LBM_A	78	99	4.1
1LBM_A	100	122	4.1
1LBM_A	138	152	4.1
1LBM_A	153	174	4.1
1LBM_A	175	204	4.1
1LF1_A	30	59	4.1
1LF1_A	60	94	4.1
1LF1_A	95	131	4.1
1LF1_A	132	170	4.1
1LF1_A	171	194	4.1
1LF1_A	195	223	4.1
1LF1_A	224	258	4.1
1LF1_A	259	301	4.1
1LRT_C	53	75	4.1
1LRT_C	76	99	4.1
1LRT_C	108	129	4.1
1LRT_C	130	159	4.1
1LRT_C	160	180	4.1
1LRT_C	181	227	4.1
1LRT_C	228	249	4.1
1LRT_C	250	334	4.1
1LYX_A	7	30	4.1
1LYX_A	41	87	4.1
1LYX_A	88	123	4.1
1LYX_A	124	150	4.1
1LYX_A	151	191	4.1
1LYX_A	202	223	4.1
1M5W_B	2	185	4.1
1M5W_B	186	208	4.1
1M5W_B	209	241	4.1
1M6J_A	6	39	4.1
1M6J_A	40	66	4.1
1M6J_A	67	95	4.1
1M6J_A	96	127	4.1
1M6J_A	128	168	4.1
1M6J_A	169	214	4.1
1M6J_A	215	236	4.1
1M6J_A	237	261	4.1
1MDA_H	29	68	4.4
1MDA_H	69	118	4.4
1MDA_H	119	166	4.4
1MDA_H	167	211	4.4
1MDA_H	212	252	4.4
1MDA_H	253	317	4.4
1MDA_H	318	357	4.4
1MEW_A	27	48	4.1
1MEW_A	64	74	4.1
1MEW_A	85	98	4.1
1MEW_A	241	253	4.1
1MEW_A	267	280	4.1
1MEW_A	294	304	4.1
1MEW_A	332	346	4.1
1MEW_A	363	375	4.1
1MEW_A	376	386	4.1
1MEW_A	445	461	4.1
1MEW_A	462	472	4.1
1MG2_A	46	85	4.4
1MG2_A	86	141	4.4
1MG2_A	142	183	4.4
1MG2_A	184	229	4.4
1MG2_A	230	272	4.4
1MG2_A	273	338	4.4
1MG2_A	339	380	4.4
1MO0_A	25	55	4.1
1MO0_A	56	77	4.1
1MO0_A	78	108	4.1
1MO0_A	109	140	4.1
1MO0_A	141	178	4.1
1MO0_A	179	224	4.1
1MO0_A	225	246	4.1
1MO0_A	247	267	4.1
1MOU_A	8	33	4.2
1MOU_A	34	96	4.2
1MOU_A	97	125	4.2
1MOU_A	152	188	4.2
1MOU_A	189	218	4.2
1MXS_A	28	50	4.1
1MXS_A	51	75	4.1
1MXS_A	76	99	4.1
1MXS_A	100	118	4.1
1MXS_A	119	140	4.1
1MXS_A	141	167	4.1
1MXS_A	168	190	4.1
1MXS_A	191	225	4.1
1MZH_A	7	33	4.1
1MZH_A	34	51	4.1
1MZH_A	52	83	4.1
1MZH_A	84	115	4.1
1MZH_A	116	145	4.1
1MZH_A	146	173	4.1
1MZH_A	174	196	4.1
1MZH_A	197	220	4.1
1MZR_A	36	91	4.1
1MZR_A	92	123	4.1
1MZR_A	124	177	4.1
1MZR_A	189	248	4.1
1N6D_A	43	79	4.4
1N6D_A	80	124	4.4
1N6D_A	135	179	4.4
1N6D_A	180	230	4.4
1N6D_A	231	271	4.4
1N6D_A	272	306	4.4
1N6D_A	326	362	4.4
1N6D_A	363	404	4.4
1N6D_A	405	446	4.4
1N6D_A	447	498	4.4
1N6D_A	499	582	4.4
1N6D_A	583	634	4.4
1N6D_A	635	671	4.4
1N6D_A	765	802	4.4
1N6D_A	803	849	4.4
1N6D_A	864	962	4.4
1N6D_A	985	1048	4.4
1N7K_A	23	50	4.1
1N7K_A	51	72	4.1
1N7K_A	73	102	4.1
1N7K_A	103	134	4.1
1N7K_A	135	162	4.1
1N7K_A	163	193	4.1
1N7K_A	194	215	4.1
1N7K_A	216	232	4.1
1N7V_A	354	395	4.4
1N7V_A	424	460	4.4
1N7V_A	461	511	4.4
1N7V_A	512	554	4.4
1NEX_B	124	161	4.4
1NEX_B	162	204	4.4
1NEX_B	205	268	4.4
1NEX_B	269	311	4.4
1NEX_B	312	353	4.4
1NEX_B	354	389	4.4
1NEX_B	390	433	4.4
1NEX_B	434	462	4.4
1NPE_A	1	37	4.4
1NPE_A	38	77	4.4
1NPE_A	78	121	4.4
1NPE_A	122	168	4.4
1NPE_A	169	209	4.4
1NPE_A	210	247	4.4
1NQE_A	136	160	4.2
1NQE_A	187	213	4.2
1NQE_A	214	258	4.2
1NQE_A	259	306	4.2
1NQE_A	307	350	4.2
1NQE_A	351	382	4.2
1NQE_A	383	428	4.2
1NQE_A	429	474	4.2
1NQE_A	475	513	4.2
1NQE_A	514	558	4.2
1NQE_A	559	594	4.2
1NVM_A	10	44	4.1
1NVM_A	45	80	4.1
1NVM_A	81	107	4.1
1NVM_A	108	134	4.1
1NVM_A	135	163	4.1
1NVM_A	164	192	4.1
1NVM_A	193	219	4.1
1NVM_A	220	251	4.1
1O5K_A	16	47	4.1
1O5K_A	48	82	4.1
1O5K_A	83	109	4.1
1O5K_A	110	138	4.1
1O5K_A	139	168	4.1
1O5K_A	169	194	4.1
1O5K_A	195	216	4.1
1O5K_A	217	257	4.1
1O5K_A	271	305	4.1
1OD0_A	34	94	4.1
1OD0_A	95	137	4.1
1OD0_A	138	229	4.1
1OD0_A	262	365	4.1
1OD0_A	366	413	4.1
1OD0_A	414	463	4.1
1OJX_A	4	131	4.1
1OJX_A	149	172	4.1
1OJX_A	173	196	4.1
1OJX_A	197	223	4.1
1OJX_A	224	251	4.1
1OLZ_A	31	90	4.4
1OLZ_A	91	142	4.4
1OLZ_A	143	188	4.4
1OLZ_A	189	270	4.4
1OLZ_A	271	398	4.4
1OLZ_A	399	453	4.4
1OLZ_A	454	480	4.4
1PBY_A	175	200	4.2
1PBY_A	201	227	4.2
1PBY_A	228	249	4.2
1PBY_A	250	273	4.2
1POO_A	25	68	4.4
1POO_A	69	127	4.4
1POO_A	128	178	4.4
1POO_A	179	228	4.4
1POO_A	229	283	4.4
1POO_A	284	337	4.4
1Q7F_A	31	68	4.4
1Q7F_A	69	121	4.4
1Q7F_A	122	158	4.4
1Q7F_A	159	207	4.4
1Q7F_A	208	249	4.4
1Q7F_A	250	279	4.4
1QFF_A	127	158	4.2
1QFF_A	159	185	4.2
1QFF_A	186	225	4.2
1QFF_A	226	292	4.2
1QFF_A	293	367	4.2
1QFF_A	368	453	4.2
1QFF_A	454	497	4.2
1QFF_A	498	540	4.2
1QFF_A	541	590	4.2
1QFF_A	591	635	4.2
1QFF_A	636	679	4.2
1QFF_A	680	724	4.2
1QJ8_A	2	34	4.2
1QJ8_A	35	74	4.2
1QJ8_A	75	119	4.2
1QJ8_A	120	147	4.2
1QJS_A	51	91	4.4
1QJS_A	92	138	4.4
1QJS_A	139	183	4.4
1QJS_A	184	230	4.4
1QJS_A	254	298	4.4
1QJS_A	299	347	4.4
1QJS_A	348	442	4.4
1QNI_A	19	81	4.4
1QNI_A	82	126	4.4
1QNI_A	127	189	4.4
1QNI_A	190	271	4.4
1QNI_A	272	322	4.4
1QNI_A	323	372	4.4
1QNI_A	373	432	4.4
1QO2_A	2	45	4.1
1QO2_A	46	71	4.1
1QO2_A	72	97	4.1
1QO2_A	98	120	4.1
1QO2_A	121	159	4.1
1QO2_A	160	188	4.1
1QO2_A	189	216	4.1
1QO2_A	217	240	4.1
1QWG_A	15	39	4.1
1QWG_A	40	69	4.1
1QWG_A	70	100	4.1
1QWG_A	101	128	4.1
1QWG_A	129	162	4.1
1QWG_A	163	197	4.1
1QWG_A	198	224	4.1
1QWG_A	225	242	4.1
1QY0_A	29	61	4.2
1QY0_A	62	87	4.2
1QY0_A	88	109	4.2
1QY0_A	110	135	4.2
1R0M_A	141	164	4.1
1R0M_A	165	189	4.1
1R0M_A	190	218	4.1
1R0M_A	219	239	4.1
1R0M_A	240	262	4.1
1R0M_A	263	291	4.1
1R0M_A	292	316	4.1
1R5M_A	49	103	4.4
1R5M_A	111	151	4.4
1R5M_A	152	194	4.4
1R5M_A	211	249	4.4
1R5M_A	250	291	4.4
1R5M_A	292	332	4.4
1R5M_A	333	396	4.4
1R5M_A	397	425	4.4
1RD5_A	19	46	4.1
1RD5_A	47	95	4.1
1RD5_A	96	120	4.1
1RD5_A	121	144	4.1
1RD5_A	145	169	4.1
1RD5_A	170	202	4.1
1RD5_A	203	224	4.1
1RD5_A	225	261	4.1
1RI6_A	3	38	4.4
1RI6_A	39	85	4.4
1RI6_A	86	132	4.4
1RI6_A	133	179	4.4
1RI6_A	180	232	4.4
1RI6_A	233	278	4.4
1RI6_A	279	324	4.4
1RPX_A	11	38	4.1
1RPX_A	39	69	4.1
1RPX_A	70	92	4.1
1RPX_A	93	119	4.1
1RPX_A	120	141	4.1
1RPX_A	142	180	4.1
1RPX_A	181	202	4.1
1RPX_A	203	227	4.1
1RV8_A	19	43	4.1
1RV8_A	44	74	4.1
1RV8_A	75	97	4.1
1RV8_A	98	127	4.1
1RV8_A	128	168	4.1
1RV8_A	169	204	4.1
1RV8_A	205	246	4.1
1RV8_A	247	300	4.1
1RWI_A	26	71	4.4
1RWI_A	72	108	4.4
1RWI_A	109	153	4.4
1RWI_A	154	192	4.4
1RWI_A	193	235	4.4
1RWI_A	236	263	4.4
1S1P_A	19	77	4.1
1S1P_A	94	158	4.1
1S1P_A	213	263	4.1
1S4U_X	24	74	4.4
1S4U_X	75	133	4.4
1S4U_X	134	197	4.4
1S4U_X	198	235	4.4
1S4U_X	245	291	4.4
1S4U_X	304	340	4.4
1S4U_X	361	402	4.4
1SFJ_A	5	31	4.1
1SFJ_A	32	56	4.1
1SFJ_A	64	99	4.1
1SFJ_A	100	126	4.1
1SFJ_A	127	156	4.1
1SFJ_A	157	185	4.1
1SFJ_A	186	211	4.1
1SFJ_A	212	238	4.1
1SJA_A	134	159	4.1
1SJA_A	160	185	4.1
1SJA_A	186	212	4.1
1SJA_A	213	235	4.1
1SJA_A	236	258	4.1
1SJA_A	259	286	4.1
1SJA_A	287	310	4.1
1SNT_A	14	76	4.4
1SNT_A	77	146	4.4
1SNT_A	147	211	4.4
1SNT_A	212	264	4.4
1SNT_A	265	329	4.4
1SNT_A	330	373	4.4
1ST8_A	14	70	4.4
1ST8_A	71	134	4.4
1ST8_A	135	190	4.4
1ST8_A	191	267	4.4
1ST8_A	268	331	4.4
1SW0_A	10	35	4.1
1SW0_A	36	59	4.1
1SW0_A	60	88	4.1
1SW0_A	89	122	4.1
1SW0_A	123	150	4.1
1SW0_A	151	191	4.1
1SW0_A	206	225	4.1
1SW0_A	226	246	4.1
1TL2_A	7	44	4.4
1TL2_A	45	91	4.4
1TL2_A	92	133	4.4
1TL2_A	134	180	4.4
1TL2_A	181	235	4.4
1TMY_A	4	27	4.1
1TMY_A	28	48	4.1
1TMY_A	49	77	4.1
1TMY_A	78	99	4.1
1TMY_A	100	117	4.1
1TQJ_A	5	31	4.1
1TQJ_A	32	62	4.1
1TQJ_A	63	86	4.1
1TQJ_A	87	113	4.1
1TQJ_A	114	135	4.1
1TQJ_A	136	173	4.1
1TQJ_A	174	196	4.1
1TQJ_A	197	221	4.1
1TQX_A	7	33	4.1
1TQX_A	34	65	4.1
1TQX_A	66	87	4.1
1TQX_A	88	115	4.1
1TQX_A	116	140	4.1
1TQX_A	141	174	4.1
1TQX_A	175	196	4.1
1TQX_A	197	224	4.1
1TWD_A	3	23	4.1
1TWD_A	24	53	4.1
1TWD_A	54	88	4.1
1TWD_A	89	116	4.1
1TWD_A	117	143	4.1
1TWD_A	144	171	4.1
1TWD_A	173	193	4.1
1TWD_A	194	248	4.1
1TWS_A	40	77	4.1
1TWS_A	78	115	4.1
1TWS_A	116	135	4.1
1TWS_A	158	196	4.1
1TWS_A	197	230	4.1
1TWS_A	231	272	4.1
1TWS_A	273	292	4.1
1TZZ_A	87	127	4.1
1TZZ_A	152	199	4.1
1TZZ_A	212	255	4.1
1TZZ_A	286	337	4.1
1U4C_A	14	55	4.4
1U4C_A	56	103	4.4
1U4C_A	104	152	4.4
1U4C_A	153	195	4.4
1U4C_A	196	241	4.4
1U4C_A	249	292	4.4
1U4C_A	293	340	4.4
1U83_A	42	66	4.1
1U83_A	67	93	4.1
1U83_A	94	123	4.1
1U83_A	124	151	4.1
1U83_A	152	185	4.1
1U83_A	211	225	4.1
1U83_A	226	247	4.1
1U83_A	248	266	4.1
1UIS_A	11	39	4.2
1UIS_A	40	102	4.2
1UIS_A	103	138	4.2
1UIS_A	155	194	4.2
1UIS_A	195	222	4.2
1UJP_A	17	45	4.1
1UJP_A	46	93	4.1
1UJP_A	94	121	4.1
1UJP_A	122	145	4.1
1UJP_A	146	170	4.1
1UJP_A	189	204	4.1
1UJP_A	205	224	4.1
1UJP_A	225	254	4.1
1UV4_A	16	72	4.4
1UV4_A	73	131	4.4
1UV4_A	132	183	4.4
1UV4_A	184	244	4.4
1UV4_A	245	293	4.4
1UYN_X	43	81	4.2
1UYN_X	80	120	4.2
1UYN_X	121	166	4.2
1UYN_X	172	223	4.2
1UYN_X	224	280	4.2
1UYN_X	281	308	4.2
1UYP_A	13	70	4.4
1UYP_A	71	132	4.4
1UYP_A	133	188	4.4
1UYP_A	189	238	4.4
1UYP_A	239	257	4.4
1V2I_A	54	126	4.4
1V2I_A	183	268	4.4
1V2I_A	269	339	4.4
1V2I_A	340	404	4.4
1V5X_A	2	23	4.1
1V5X_A	24	53	4.1
1V5X_A	54	77	4.1
1V5X_A	78	98	4.1
1V5X_A	99	119	4.1
1V5X_A	120	148	4.1
1V5X_A	149	169	4.1
1V5X_A	170	200	4.1
1V77_A	9	28	4.1
1V77_A	29	53	4.1
1V77_A	54	76	4.1
1V77_A	77	124	4.1
1V77_A	125	152	4.1
1V77_A	166	190	4.1
1V77_A	191	207	4.1
1V7Y_A	18	47	4.1
1V7Y_A	67	96	4.1
1V7Y_A	97	124	4.1
1V7Y_A	125	148	4.1
1V7Y_A	149	173	4.1
1V7Y_A	187	207	4.1
1V7Y_A	208	233	4.1
1V7Y_A	234	266	4.1
1VCV_A	5	34	4.1
1VCV_A	35	91	4.1
1VCV_A	116	141	4.1
1VCV_A	142	193	4.1
1VCV_A	194	221	4.1
1VE6_A	23	63	4.4
1VE6_A	64	111	4.4
1VE6_A	112	150	4.4
1VE6_A	151	194	4.4
1VE6_A	195	244	4.4
1VE6_A	245	282	4.4
1VE6_A	283	321	4.4
1VH7_A	6	46	4.1
1VH7_A	47	78	4.1
1VH7_A	79	100	4.1
1VH7_A	101	124	4.1
1VH7_A	125	167	4.1
1VH7_A	168	196	4.1
1VH7_A	197	221	4.1
1VH7_A	222	248	4.1
1VHC_A	19	44	4.1
1VHC_A	45	69	4.1
1VHC_A	70	91	4.1
1VHC_A	92	112	4.1
1VHC_A	113	132	4.1
1VHC_A	133	158	4.1
1VHC_A	159	182	4.1
1VHC_A	183	214	4.1
1VIZ_A	16	40	4.1
1VIZ_A	44	70	4.1
1VIZ_A	71	95	4.1
1VIZ_A	96	114	4.1
1VIZ_A	115	136	4.1
1VIZ_A	137	169	4.1
1VIZ_A	170	191	4.1
1VIZ_A	192	216	4.1
1VKD_A	58	99	4.4
1VKD_A	117	161	4.4
1VKD_A	162	209	4.4
1VKD_A	227	275	4.4
1VKD_A	298	330	4.4
1VKF_A	16	30	4.1
1VKF_A	31	56	4.1
1VKF_A	57	84	4.1
1VKF_A	85	103	4.1
1VKF_A	104	129	4.1
1VKF_A	130	149	4.1
1VKF_A	150	172	4.1
1VKF_A	173	183	4.1
1VP5_A	31	54	4.1
1VP5_A	55	85	4.1
1VP5_A	86	117	4.1
1VP5_A	118	145	4.1
1VP5_A	146	171	4.1
1VP5_A	172	195	4.1
1VP5_A	196	240	4.1
1VP5_A	241	260	4.1
1VPX_A	13	32	4.1
1VPX_A	53	64	4.1
1VPX_A	65	95	4.1
1VPX_A	96	114	4.1
1VPX_A	115	134	4.1
1VPX_A	135	151	4.1
1VPX_A	152	167	4.1
1VPX_A	168	190	4.1
1VPX_A	191	207	4.1
1VPX_A	208	228	4.1
1VQT_A	13	34	4.1
1VQT_A	35	59	4.1
1VQT_A	60	83	4.1
1VQT_A	84	107	4.1
1VQT_A	108	138	4.1
1VQT_A	139	154	4.1
1VQT_A	155	186	4.1
1VQT_A	187	210	4.1
1VR6_A	14	77	4.1
1VR6_A	107	133	4.1
1VR6_A	134	172	4.1
1VR6_A	191	214	4.1
1VR6_A	242	276	4.1
1VR6_A	277	307	4.1
1VR6_A	308	348	4.1
1VRD_A	52	74	4.1
1VRD_A	75	105	4.1
1VRD_A	229	251	4.1
1VRD_A	252	280	4.1
1VRD_A	281	301	4.1
1VRD_A	302	342	4.1
1VRD_A	343	364	4.1
1VRD_A	365	454	4.1
1VYF_A	8	49	4.2
1VYF_A	50	68	4.2
1VYF_A	69	91	4.2
1VYF_A	92	114	4.2
1VYF_A	115	134	4.2
1VYH_C	110	151	4.4
1VYH_C	152	193	4.4
1VYH_C	194	235	4.4
1VYH_C	236	275	4.4
1VYH_C	276	339	4.4
1VYH_C	340	381	4.4
1VYH_C	382	408	4.4
1VZW_A	5	47	4.1
1VZW_A	48	76	4.1
1VZW_A	77	99	4.1
1VZW_A	100	124	4.1
1VZW_A	125	162	4.1
1VZW_A	176	192	4.1
1VZW_A	193	215	4.1
1VZW_A	216	240	4.1
1W37_A	5	35	4.1
1W37_A	36	67	4.1
1W37_A	68	94	4.1
1W37_A	95	126	4.1
1W37_A	152	176	4.1
1W37_A	177	236	4.1
1W37_A	247	283	4.1
1WBH_A	16	43	4.1
1WBH_A	44	65	4.1
1WBH_A	66	91	4.1
1WBH_A	92	111	4.1
1WBH_A	112	129	4.1
1WBH_A	130	154	4.1
1WBH_A	155	181	4.1
1WBH_A	182	212	4.1
1WBI_A	11	27	4.2
1WBI_A	28	59	4.2
1WBI_A	60	88	4.2
1WBI_A	89	123	4.2
1WUB_A	1	39	4.2
1WUB_A	40	92	4.2
1WUB_A	93	119	4.2
1WUB_A	125	171	4.2
1X1Z_A	14	77	4.1
1X1Z_A	78	121	4.1
1X1Z_A	122	191	4.1
1X1Z_A	192	228	4.1
1X7F_A	28	54	4.1
1X7F_A	55	88	4.1
1X7F_A	89	118	4.1
1X7F_A	119	141	4.1
1X7F_A	142	166	4.1
1X7F_A	167	200	4.1
1X7F_A	201	245	4.1
1X7F_A	246	265	4.1
1XA9_A	12	40	4.2
1XA9_A	41	103	4.2
1XA9_A	104	133	4.2
1XA9_A	160	197	4.2
1XA9_A	198	228	4.2
1XFD_A	19	63	4.4
1XFD_A	64	115	4.4
1XFD_A	116	156	4.4
1XFD_A	157	249	4.4
1XFD_A	250	304	4.4
1XFD_A	305	360	4.4
1XFD_A	361	412	4.4
1XFD_A	413	453	4.4
1XI3_A	17	40	4.1
1XI3_A	41	71	4.1
1XI3_A	72	87	4.1
1XI3_A	88	106	4.1
1XI3_A	107	129	4.1
1XI3_A	130	163	4.1
1XI3_A	164	184	4.1
1XI3_A	185	215	4.1
1XIP_A	43	86	4.4
1XIP_A	87	125	4.4
1XIP_A	126	163	4.4
1XIP_A	164	201	4.4
1XIP_A	215	272	4.4
1XIP_A	273	324	4.4
1XIP_A	353	380	4.4
1XKS_A	20	83	4.4
1XKS_A	84	136	4.4
1XKS_A	142	181	4.4
1XKS_A	206	273	4.4
1XKS_A	274	326	4.4
1XKS_A	327	385	4.4
1XKS_A	386	411	4.4
1XKW_A	133	158	4.2
1XKW_A	159	197	4.2
1XKW_A	198	260	4.2
1XKW_A	261	321	4.2
1XKW_A	322	394	4.2
1XKW_A	395	434	4.2
1XKW_A	435	477	4.2
1XKW_A	478	532	4.2
1XKW_A	533	576	4.2
1XKW_A	583	621	4.2
1XKW_A	622	665	4.2
1XKY_A	17	48	4.1
1XKY_A	49	82	4.1
1XKY_A	83	109	4.1
1XKY_A	110	139	4.1
1XKY_A	140	167	4.1
1XKY_A	168	194	4.1
1XKY_A	195	254	4.1
1XKY_A	268	300	4.1
1XM3_B	15	38	4.1
1XM3_B	39	61	4.1
1XM3_B	62	95	4.1
1XM3_B	97	128	4.1
1XM3_B	129	151	4.1
1XM3_B	153	180	4.1
1XM3_B	181	201	4.1
1XM3_B	202	237	4.1
1XMZ_A	20	46	4.2
1XMZ_A	47	108	4.2
1XMZ_A	109	137	4.2
1XMZ_A	163	192	4.2
1XMZ_A	203	231	4.2
1XSS_A	8	34	4.2
1XSS_A	35	97	4.2
1XSS_A	98	129	4.2
1XSS_A	154	184	4.2
1XSS_A	185	219	4.2
1XWY_A	6	34	4.1
1XWY_A	35	56	4.1
1XWY_A	57	89	4.1
1XWY_A	90	124	4.1
1XWY_A	125	150	4.1
1XWY_A	151	171	4.1
1XWY_A	172	201	4.1
1XWY_A	202	243	4.1
1Y0G_A	24	68	4.2
1Y0G_A	69	117	4.2
1Y0G_A	118	150	4.2
1Y0G_A	151	191	4.2
1YAD_A	17	43	4.1
1YAD_A	44	71	4.1
1YAD_A	72	108	4.1
1YAD_A	109	166	4.1
1YAD_A	167	186	4.1
1YAD_A	187	216	4.1
1YDN_A	7	202	4.1
1YDN_A	225	262	4.1
1YDN_A	263	278	4.1
1YGR_A	69	102	4.4
1YGR_A	157	194	4.4
1YGR_A	395	448	4.4
1YGR_A	464	501	4.4
1YIF_A	12	73	4.4
1YIF_A	74	127	4.4
1YIF_A	128	184	4.4
1YIF_A	185	495	4.4
1YIQ_A	67	113	4.4
1YIQ_A	114	158	4.4
1YIQ_A	159	235	4.4
1YIQ_A	236	302	4.4
1YIQ_A	303	346	4.4
1YIQ_A	394	473	4.4
1YIQ_A	474	518	4.4
1YIQ_A	519	567	4.4
1YRZ_A	14	76	4.4
1YRZ_A	77	129	4.4
1YRZ_A	130	187	4.4
1YRZ_A	188	245	4.4
1YRZ_A	246	306	4.4
1YX1_A	7	37	4.1
1YX1_A	38	65	4.1
1YX1_A	66	98	4.1
1YX1_A	99	126	4.1
1YX1_A	127	156	4.1
1YX1_A	157	191	4.1
1YX1_A	192	234	4.1
1YX1_A	235	253	4.1
1YXY_A	5	18	4.1
1YXY_A	19	50	4.1
1YXY_A	51	70	4.1
1YXY_A	71	102	4.1
1YXY_A	103	134	4.1
1YXY_A	135	154	4.1
1YXY_A	155	188	4.1
1YXY_A	189	209	4.1
1YXY_A	210	233	4.1
1Z4V_A	92	184	4.4
1Z4V_A	195	354	4.4
1Z4V_A	355	413	4.4
1Z4V_A	434	485	4.4
1Z68_A	16	61	4.4
1Z68_A	62	107	4.4
1Z68_A	108	148	4.4
1Z68_A	149	243	4.4
1Z68_A	244	305	4.4
1Z68_A	306	356	4.4
1Z68_A	357	403	4.4
1Z68_A	404	452	4.4
1Z6K_A	29	85	4.1
1Z6K_A	106	154	4.1
1Z6K_A	155	228	4.1
1Z8K_A	22	65	4.2
1Z8K_A	66	99	4.2
1Z8K_A	100	128	4.2
1Z8K_A	129	152	4.2
1ZB6_A	10	66	4.1
1ZB6_A	67	123	4.1
1ZB6_A	124	177	4.1
1ZB6_A	178	232	4.1
1ZB6_A	233	287	4.1
1ZCC_A	2	30	4.1
1ZCC_A	31	103	4.1
1ZCC_A	104	129	4.1
1ZCC_A	130	150	4.1
1ZCC_A	151	170	4.1
1ZCC_A	171	195	4.1
1ZCC_A	196	217	4.1
1ZCC_A	218	240	4.1
1ZI7_A	17	77	4.2
1ZI7_A	90	151	4.2
1ZI7_A	152	214	4.2
1ZI7_A	215	272	4.2
1ZI7_A	352	404	4.2
1ZNN_A	58	102	4.1
1ZNN_A	117	150	4.1
1ZNN_A	162	208	4.1
1ZNN_A	248	293	4.1
1ZP3_A	4	30	4.1
1ZP3_A	31	52	4.1
1ZP3_A	53	82	4.1
1ZP3_A	83	112	4.1
1ZP3_A	113	154	4.1
1ZP3_A	155	178	4.1
1ZP3_A	179	203	4.1
1ZP3_A	204	231	4.1
1ZP3_A	232	270	4.1
1ZP3_A	271	292	4.1
1ZUX_A	8	36	4.2
1ZUX_A	37	99	4.2
1ZUX_A	100	129	4.2
1ZUX_A	152	189	4.2
1ZUX_A	190	222	4.2
2A46_A	23	51	4.2
2A46_A	52	116	4.2
2A46_A	117	148	4.2
2A46_A	169	205	4.2
2A46_A	206	235	4.2
2A4A_A	36	64	4.1
2A4A_A	65	89	4.1
2A4A_A	90	120	4.1
2A4A_A	121	154	4.1
2A4A_A	155	186	4.1
2A4A_A	187	225	4.1
2A4A_A	226	252	4.1
2A4A_A	260	277	4.1
2AC1_A	16	71	4.4
2AC1_A	72	135	4.4
2AC1_A	136	197	4.4
2AC1_A	198	278	4.4
2AC1_A	279	336	4.4
2AEP_A	43	102	4.4
2AEP_A	103	148	4.4
2AEP_A	149	198	4.4
2AEP_A	199	248	4.4
2AEP_A	249	328	4.4
2AEP_A	329	388	4.4
2AQ5_A	39	83	4.4
2AQ5_A	84	133	4.4
2AQ5_A	134	178	4.4
2AQ5_A	179	224	4.4
2AQ5_A	225	270	4.4
2AQ5_A	271	316	4.4
2AQ5_A	318	366	4.4
2ASH_A	40	65	4.1
2ASH_A	66	97	4.1
2ASH_A	98	148	4.1
2ASH_A	147	189	4.1
2ASH_A	190	249	4.1
2ASH_A	250	270	4.1
2ASH_A	271	360	4.1
2BC3_A	20	36	4.2
2BC3_A	37	66	4.2
2BC3_A	67	100	4.2
2BC3_A	101	132	4.2
2BDQ_A	2	23	4.1
2BDQ_A	24	55	4.1
2BDQ_A	56	90	4.1
2BDQ_A	91	118	4.1
2BDQ_A	119	148	4.1
2BDQ_A	149	179	4.1
2BDQ_A	180	202	4.1
2BIW_A	48	133	4.4
2BIW_A	134	180	4.4
2BIW_A	181	237	4.4
2BIW_A	238	299	4.4
2BIW_A	300	368	4.4
2BIW_A	369	423	4.4
2BIW_A	424	474	4.4
2BLE_A	71	94	4.1
2BLE_A	95	120	4.1
2BLE_A	121	145	4.1
2BLE_A	146	172	4.1
2BLE_A	173	195	4.1
2BLE_A	196	236	4.1
2BLE_A	237	258	4.1
2BLE_A	258	342	4.1
2BWM_A	11	58	4.4
2BWM_A	59	110	4.4
2BWM_A	111	166	4.4
2BWM_A	167	221	4.4
2BWM_A	222	277	4.4
2BWM_A	278	331	4.4
2BWM_A	332	387	4.4
2C91_A	17	48	4.1
2C91_A	49	67	4.1
2C91_A	68	109	4.1
2C91_A	110	143	4.1
2C91_A	144	171	4.1
2C91_A	172	199	4.1
2C91_A	200	290	4.1
2C91_A	291	313	4.1
2C9I_A	9	37	4.2
2C9I_A	38	100	4.2
2C9I_A	101	133	4.2
2C9I_A	153	189	4.2
2C9I_A	190	220	4.2
2C9J_A	8	36	4.2
2C9J_A	37	99	4.2
2C9J_A	100	130	4.2
2C9J_A	152	189	4.2
2C9J_A	190	217	4.2
2CLP_A	29	87	4.1
2CLP_A	88	125	4.1
2CLP_A	126	178	4.1
2CLP_A	179	213	4.1
2CLP_A	214	273	4.1
2CLP_A	274	339	4.1
2CN2_A	21	71	4.4
2CN2_A	72	119	4.4
2CN2_A	120	173	4.4
2CN2_A	191	242	4.4
2CN2_A	243	295	4.4
2CN2_A	296	380	4.4
2CN2_A	381	431	4.4
2CN2_A	432	470	4.4
2CN2_A	471	520	4.4
2CN2_A	521	561	4.4
2CN2_A	562	604	4.4
2CN2_A	605	648	4.4
2CN2_A	649	698	4.4
2CN2_A	699	730	4.4
2CZ5_A	1	25	4.1
2CZ5_A	26	52	4.1
2CZ5_A	53	79	4.1
2CZ5_A	80	100	4.1
2CZ5_A	101	132	4.1
2CZ5_A	133	156	4.1
2CZ5_A	157	179	4.1
2CZ5_A	180	208	4.1
2D5L_A	31	71	4.4
2D5L_A	84	121	4.4
2D5L_A	122	184	4.4
2D5L_A	185	257	4.4
2D5L_A	258	305	4.4
2D5L_A	306	356	4.4
2D5L_A	357	399	4.4
2D5L_A	400	444	4.4
2DD7_A	3	28	4.2
2DD7_A	29	89	4.2
2DD7_A	90	118	4.2
2DD7_A	144	174	4.2
2DD7_A	186	211	4.2
2DG0_A	46	85	4.4
2DG0_A	86	133	4.4
2DG0_A	134	180	4.4
2DG0_A	181	230	4.4
2DG0_A	231	274	4.4
2DG0_A	275	314	4.4
2DYH_A	17	53	4.4
2DYH_A	54	104	4.4
2DYH_A	105	151	4.4
2DYH_A	152	198	4.4
2DYH_A	199	245	4.4
2DYH_A	246	292	4.4
2E5B_A	58	178	4.1
2E5B_A	179	188	4.1
2E5B_A	205	224	4.1
2E5B_A	225	239	4.1
2E5B_A	265	281	4.1
2E5B_A	282	306	4.1
2E5B_A	319	339	4.1
2E5B_A	360	380	4.1
2E5B_A	477	490	4.1
2E68_A	16	38	4.1
2E68_A	39	94	4.1
2E68_A	95	128	4.1
2E68_A	129	161	4.1
2E68_A	162	233	4.1
2E68_A	261	294	4.1
2EBS_A	13	52	4.4
2EBS_A	53	108	4.4
2EBS_A	109	160	4.4
2EBS_A	161	210	4.4
2EBS_A	211	276	4.4
2EBS_A	277	343	4.4
2EBS_A	354	442	4.4
2EBS_A	443	482	4.4
2EBS_A	483	534	4.4
2EBS_A	535	585	4.4
2EBS_A	586	628	4.4
2EBS_A	629	672	4.4
2EBS_A	673	727	4.4
2EBS_A	728	761	4.4
2ECF_A	37	81	4.4
2ECF_A	105	149	4.4
2ECF_A	150	191	4.4
2ECF_A	192	280	4.4
2ECF_A	281	331	4.4
2ECF_A	332	376	4.4
2ECF_A	377	425	4.4
2ECF_A	426	467	4.4
2EGZ_A	1	24	4.1
2EGZ_A	25	54	4.1
2EGZ_A	55	84	4.1
2EGZ_A	85	109	4.1
2EGZ_A	110	134	4.1
2EGZ_A	135	166	4.1
2EGZ_A	167	183	4.1
2EGZ_A	184	219	4.1
2EHH_E	4	36	4.1
2EHH_E	37	70	4.1
2EHH_E	71	97	4.1
2EHH_E	98	156	4.1
2EHH_E	157	181	4.1
2EHH_E	182	200	4.1
2EHH_E	201	224	4.1
2EKC_A	2	16	4.1
2EKC_A	17	45	4.1
2EKC_A	46	96	4.1
2EKC_A	97	124	4.1
2EKC_A	125	148	4.1
2EKC_A	149	180	4.1
2EKC_A	191	205	4.1
2EKC_A	206	234	4.1
2EKC_A	235	262	4.1
2EXH_D	12	64	4.4
2EXH_D	65	125	4.4
2EXH_D	126	180	4.4
2EXH_D	181	244	4.4
2EXH_D	245	317	4.4
2F09_A	45	65	4.2
2F09_A	66	81	4.2
2F09_A	82	95	4.2
2F1C_X	5	41	4.2
2F1C_X	42	79	4.2
2F1C_X	80	124	4.2
2F1C_X	125	162	4.2
2F1C_X	163	201	4.2
2F1C_X	202	245	4.2
2F1C_X	246	282	4.2
2FAW_A	17	61	4.4
2FAW_A	62	103	4.4
2FAW_A	104	151	4.4
2FAW_A	152	206	4.4
2FAW_A	207	238	4.4
2FLI_A	5	30	4.1
2FLI_A	31	62	4.1
2FLI_A	63	86	4.1
2FLI_A	87	110	4.1
2FLI_A	111	132	4.1
2FLI_A	133	171	4.1
2FLI_A	172	193	4.1
2FLI_A	194	219	4.1
2FP8_A	33	81	4.4
2FP8_A	82	126	4.4
2FP8_A	127	188	4.4
2FP8_A	189	230	4.4
2FP8_A	231	287	4.4
2FP8_A	288	311	4.4
2G3O_A	4	32	4.2
2G3O_A	33	95	4.2
2G3O_A	96	124	4.2
2G3O_A	149	190	4.2
2G3O_A	191	216	4.2
2GBF_A	19	60	4.4
2GBF_A	61	114	4.4
2GBF_A	115	152	4.4
2GBF_A	153	257	4.4
2GBF_A	258	314	4.4
2GBF_A	315	364	4.4
2GBF_A	365	418	4.4
2GBF_A	419	461	4.4
2GDQ_B	9	73	4.1
2GDQ_B	74	103	4.1
2GDQ_B	128	155	4.1
2GDQ_B	156	183	4.1
2GDQ_B	184	211	4.1
2GDQ_B	212	239	4.1
2GDQ_B	240	259	4.1
2GDQ_B	260	289	4.1
2GDQ_B	290	321	4.1
2GDQ_B	333	368	4.1
2GHS_A	47	89	4.4
2GHS_A	90	126	4.4
2GHS_A	127	176	4.4
2GHS_A	177	225	4.4
2GHS_A	226	269	4.4
2GHS_A	270	315	4.4
2GOP_A	15	61	4.4
2GOP_A	62	103	4.4
2GOP_A	104	174	4.4
2GOP_A	175	217	4.4
2GOP_A	218	262	4.4
2GOP_A	263	299	4.4
2GOP_A	300	338	4.4
2GPT_A	13	43	4.1
2GPT_A	44	64	4.1
2GPT_A	76	96	4.1
2GPT_A	97	127	4.1
2GPT_A	128	182	4.1
2GPT_A	183	244	4.1
2GPT_A	245	292	4.1
2GPT_A	317	346	4.1
2GPT_A	373	432	4.1
2GPT_A	433	460	4.1
2GPT_A	461	515	4.1
2GW3_A	10	36	4.2
2GW3_A	37	99	4.2
2GW3_A	100	127	4.2
2GW3_A	152	183	4.2
2GW3_A	191	219	4.2
2GZX_A	3	31	4.1
2GZX_A	34	55	4.1
2GZX_A	56	86	4.1
2GZX_A	87	123	4.1
2GZX_A	124	149	4.1
2GZX_A	150	170	4.1
2GZX_A	171	198	4.1
2GZX_A	199	236	4.1
2H2N_A	35	94	4.4
2H2N_A	95	153	4.4
2H2N_A	154	216	4.4
2H2N_A	217	279	4.4
2H2N_A	280	331	4.4
2H3X_A	43	78	4.4
2H3X_A	79	129	4.4
2H3X_A	130	180	4.4
2H3X_A	181	230	4.4
2H3X_A	231	270	4.4
2H3X_A	281	333	4.4
2H3X_A	334	376	4.4
2H6R_A	17	40	4.1
2H6R_A	41	61	4.1
2H6R_A	62	96	4.1
2H6R_A	97	118	4.1
2H6R_A	119	141	4.1
2H6R_A	156	179	4.1
2H6R_A	180	216	4.1
2HDF_A	138	174	4.2
2HDF_A	201	224	4.2
2HDF_A	225	263	4.2
2HDF_A	264	305	4.2
2HDF_A	306	351	4.2
2HDF_A	352	383	4.2
2HDF_A	384	447	4.2
2HDF_A	448	518	4.2
2HDF_A	519	562	4.2
2HDF_A	584	602	4.2
2HDF_A	603	639	4.2
2HES_X	16	59	4.4
2HES_X	60	104	4.4
2HES_X	110	154	4.4
2HES_X	155	196	4.4
2HES_X	197	249	4.4
2HES_X	250	297	4.4
2HES_X	298	326	4.4
2HPW_A	15	43	4.2
2HPW_A	44	105	4.2
2HPW_A	106	140	4.2
2HPW_A	161	199	4.2
2HPW_A	200	229	4.2
2HQK_A	7	33	4.2
2HQK_A	34	95	4.2
2HQK_A	96	123	4.2
2HQK_A	150	180	4.2
2HQK_A	187	215	4.2
2IB5_A	12	40	4.2
2IB5_A	41	103	4.2
2IB5_A	104	132	4.2
2IB5_A	156	195	4.2
2IB5_A	196	225	4.2
2ICR_A	20	48	4.2
2ICR_A	49	111	4.2
2ICR_A	112	137	4.2
2ICR_A	168	205	4.2
2ICR_A	206	235	4.2
2IOV_A	38	67	4.2
2IOV_A	68	101	4.2
2IOV_A	117	142	4.2
2IOV_A	143	165	4.2
2IOV_A	166	228	4.2
2IWV_A	8	43	4.2
2IWV_A	44	83	4.2
2IWV_A	84	126	4.2
2IWV_A	127	165	4.2
2IWV_A	166	204	4.2
2IWV_A	205	248	4.2
2IWV_A	249	281	4.2
2J04_A	11	61	4.4
2J04_A	62	128	4.4
2J04_A	129	176	4.4
2J04_A	177	224	4.4
2J04_A	225	262	4.4
2J04_A	263	304	4.4
2J04_A	305	375	4.4
2J1N_A	9	47	4.2
2J1N_A	48	84	4.2
2J1N_A	85	138	4.2
2J1N_A	139	189	4.2
2J1N_A	190	230	4.2
2J1N_A	231	268	4.2
2J1N_A	269	307	4.2
2J1N_A	308	346	4.2
2JBM_C	135	164	4.1
2JBM_C	165	199	4.1
2JBM_C	200	219	4.1
2JBM_C	220	245	4.1
2JBM_C	246	267	4.1
2JBM_C	268	278	4.1
2JGS_B	14	44	4.2
2JGS_B	45	81	4.2
2JGS_B	100	117	4.2
2JK4_A	29	55	4.2
2JK4_A	56	83	4.2
2JK4_A	84	113	4.2
2JK4_A	114	138	4.2
2JK4_A	139	168	4.2
2JK4_A	169	191	4.2
2JK4_A	192	220	4.2
2JK4_A	221	244	4.2
2JK4_A	245	269	4.2
2JMB_A	7	24	4.2
2JMB_A	25	39	4.2
2JMB_A	40	59	4.2
2JMB_A	67	79	4.2
2K4T_A	24	65	4.2
2K4T_A	66	122	4.2
2K4T_A	123	175	4.2
2K4T_A	176	225	4.2
2K4T_A	226	283	4.2
2KDY_A	153	180	4.2
2KDY_A	181	209	4.2
2KDY_A	210	235	4.2
2KDY_A	236	261	4.2
2KTS_A	12	36	4.2
2KTS_A	37	56	4.2
2KTS_A	57	97	4.2
2KTS_A	98	106	4.2
2KTS_A	107	112	4.2
2LA7_A	26	63	4.2
2LA7_A	64	83	4.2
2LA7_A	84	126	4.2
2LA7_A	127	144	4.2
2LFU_A	74	107	4.2
2LFU_A	108	133	4.2
2LFU_A	134	157	4.2
2LFU_A	158	182	4.2
2LLE_A	4	26	4.1
2LLE_A	27	51	4.1
2LLE_A	52	77	4.1
2LLE_A	78	100	4.1
2LLE_A	101	144	4.1
2LLE_A	145	175	4.1
2LLE_A	176	197	4.1
2LLE_A	198	226	4.1
2MF6_A	15	48	4.2
2MF6_A	49	76	4.2
2MF6_A	77	104	4.2
2NA9_A	1	14	4.1
2NA9_A	15	29	4.1
2NA9_A	30	37	4.1
2NUW_A	2	35	4.1
2NUW_A	36	67	4.1
2NUW_A	68	93	4.1
2NUW_A	94	125	4.1
2NUW_A	126	148	4.1
2NUW_A	149	171	4.1
2NUW_A	172	190	4.1
2NUW_A	191	214	4.1
2NV1_A	9	22	4.1
2NV1_A	23	42	4.1
2NV1_A	51	78	4.1
2NV1_A	79	99	4.1
2NV1_A	130	176	4.1
2NV1_A	177	208	4.1
2NV1_A	209	232	4.1
2NV1_A	233	260	4.1
2NV9_A	1	21	4.1
2NV9_A	22	48	4.1
2NV9_A	49	59	4.1
2NW0_B	12	33	4.1
2NW0_B	34	60	4.1
2NW0_B	61	92	4.1
2NW0_B	93	122	4.1
2NW0_B	123	145	4.1
2NW0_B	146	160	4.1
2O4V_A	26	70	4.2
2O4V_A	71	102	4.2
2O4V_A	160	194	4.2
2O4V_A	195	269	4.2
2O4V_A	270	325	4.2
2O4V_A	326	374	4.2
2O4V_A	375	410	4.2
2O56_A	30	59	4.1
2O56_A	60	87	4.1
2O56_A	88	106	4.1
2O56_A	133	170	4.1
2O56_A	171	216	4.1
2O56_A	217	244	4.1
2O56_A	245	267	4.1
2O56_A	268	289	4.1
2O56_A	290	321	4.1
2O56_A	322	343	4.1
2OCZ_A	5	29	4.1
2OCZ_A	30	58	4.1
2OCZ_A	59	93	4.1
2OCZ_A	94	113	4.1
2OCZ_A	114	142	4.1
2OCZ_A	143	174	4.1
2OCZ_A	175	198	4.1
2OCZ_A	199	226	4.1
2OEJ_A	141	170	4.1
2OEJ_A	171	208	4.1
2OEJ_A	209	234	4.1
2OEJ_A	235	259	4.1
2OEJ_A	260	295	4.1
2OEJ_A	296	330	4.1
2OEJ_A	331	353	4.1
2OEJ_A	354	386	4.1
2OG9_A	148	178	4.1
2OG9_A	179	208	4.1
2OG9_A	209	236	4.1
2OG9_A	237	257	4.1
2OG9_A	258	281	4.1
2OG9_A	282	310	4.1
2OG9_A	312	328	4.1
2OJH_A	21	42	4.4
2OJH_A	43	84	4.4
2OJH_A	85	127	4.4
2OJH_A	128	173	4.4
2OJH_A	174	215	4.4
2OJH_A	216	275	4.4
2OKT_A	116	142	4.1
2OKT_A	143	165	4.1
2OKT_A	166	192	4.1
2OKT_A	193	214	4.1
2OKT_A	215	238	4.1
2OKT_A	239	266	4.1
2OKT_A	267	292	4.1
2OOG_C	27	54	4.1
2OOG_C	77	96	4.1
2OOG_C	118	134	4.1
2OOG_C	135	194	4.1
2OOG_C	195	220	4.1
2OOG_C	221	243	4.1
2OOG_C	244	266	4.1
2OOG_C	267	279	4.1
2OOJ_A	5	40	4.2
2OOJ_A	41	75	4.2
2OOJ_A	76	104	4.2
2OOJ_A	111	133	4.2
2OQH_A	131	165	4.1
2OQH_A	166	192	4.1
2OQH_A	193	219	4.1
2OQH_A	220	242	4.1
2OQH_A	243	264	4.1
2OQH_A	265	292	4.1
2OQH_A	293	317	4.1
2OQY_A	3	67	4.1
2OQY_A	68	111	4.1
2OQY_A	131	158	4.1
2OQY_A	159	188	4.1
2OQY_A	189	215	4.1
2OQY_A	216	242	4.1
2OQY_A	243	261	4.1
2OQY_A	262	292	4.1
2OQY_A	293	313	4.1
2OTD_A	95	139	4.1
2OTD_A	142	184	4.1
2OTD_A	185	200	4.1
2OTD_A	203	228	4.1
2OTD_A	229	246	4.1
2OVL_A	133	164	4.1
2OVL_A	165	193	4.1
2OVL_A	195	220	4.1
2OVL_A	221	244	4.1
2OVL_A	245	267	4.1
2OVL_A	268	293	4.1
2OVL_A	295	313	4.1
2OVP_B	122	158	4.4
2OVP_B	159	201	4.4
2OVP_B	202	241	4.4
2OVP_B	242	278	4.4
2OVP_B	279	321	4.4
2OVP_B	322	364	4.4
2OVP_B	365	401	4.4
2OVP_B	402	441	4.4
2OVS_A	13	34	4.2
2OVS_A	35	53	4.2
2OVS_A	54	83	4.2
2OVS_A	91	115	4.2
2OX1_A	1	19	4.1
2OX1_A	20	37	4.1
2OX1_A	38	73	4.1
2OX1_A	74	89	4.1
2OX1_A	90	117	4.1
2OX1_A	118	143	4.1
2OX1_A	144	166	4.1
2OX1_A	167	196	4.1
2OZ3_A	157	176	4.1
2OZ3_A	177	211	4.1
2OZ3_A	212	239	4.1
2OZ3_A	240	263	4.1
2OZ3_A	266	287	4.1
2OZ3_A	288	315	4.1
2OZ3_A	316	338	4.1
2P4O_A	34	70	4.4
2P4O_A	71	117	4.4
2P4O_A	118	160	4.4
2P4O_A	161	213	4.4
2P4O_A	214	254	4.4
2P4O_A	255	298	4.4
2P88_A	133	158	4.1
2P88_A	159	186	4.1
2P88_A	187	215	4.1
2P88_A	216	239	4.1
2P88_A	240	261	4.1
2P88_A	262	289	4.1
2P88_A	290	315	4.1
2PBI_B	66	107	4.4
2PBI_B	108	155	4.4
2PBI_B	156	197	4.4
2PBI_B	198	239	4.4
2PBI_B	240	285	4.4
2PBI_B	286	325	4.4
2PBI_B	326	354	4.4
2PCE_A	137	160	4.1
2PCE_A	161	192	4.1
2PCE_A	193	221	4.1
2PCE_A	222	244	4.1
2PCE_A	245	267	4.1
2PCE_A	268	295	4.1
2PCE_A	296	322	4.1
2PGE_A	152	178	4.1
2PGE_A	179	208	4.1
2PGE_A	209	236	4.1
2PGE_A	237	259	4.1
2PGE_A	260	286	4.1
2PGE_A	287	313	4.1
2PGE_A	314	339	4.1
2PGW_A	141	164	4.1
2PGW_A	165	191	4.1
2PGW_A	192	219	4.1
2PGW_A	220	243	4.1
2PGW_A	244	266	4.1
2PGW_A	268	294	4.1
2PGW_A	295	320	4.1
2PM9_A	16	68	4.4
2PM9_A	69	114	4.4
2PM9_A	115	166	4.4
2PM9_A	167	215	4.4
2PM9_A	216	263	4.4
2PM9_A	264	307	4.4
2PM9_A	308	334	4.4
2PMQ_A	136	160	4.1
2PMQ_A	161	190	4.1
2PMQ_A	191	216	4.1
2PMQ_A	217	239	4.1
2PMQ_A	240	262	4.1
2PMQ_A	263	290	4.1
2PMQ_A	291	317	4.1
2PMQ_A	319	328	4.1
2PP0_A	28	101	4.1
2PP0_A	102	142	4.1
2PP0_A	164	194	4.1
2PP0_A	195	250	4.1
2PP0_A	266	293	4.1
2PP0_A	294	323	4.1
2PP0_A	324	345	4.1
2PPG_A	158	183	4.1
2PPG_A	184	211	4.1
2PPG_A	212	238	4.1
2PPG_A	239	263	4.1
2PPG_A	264	287	4.1
2PPG_A	288	312	4.1
2PPG_A	313	341	4.1
2PPG_A	342	358	4.1
2PS2_A	139	163	4.1
2PS2_A	164	191	4.1
2PS2_A	192	219	4.1
2PS2_A	220	241	4.1
2PS2_A	242	264	4.1
2PS2_A	265	291	4.1
2PS2_A	292	319	4.1
2PS2_A	320	330	4.1
2PZ0_A	25	69	4.1
2PZ0_A	70	91	4.1
2PZ0_A	92	121	4.1
2PZ0_A	122	143	4.1
2PZ0_A	144	164	4.1
2PZ0_A	165	189	4.1
2PZ0_A	190	212	4.1
2PZ0_A	213	233	4.1
2PZ0_A	234	249	4.1
2Q03_A	15	46	4.2
2Q03_A	47	79	4.2
2Q03_A	80	114	4.2
2Q03_A	115	138	4.2
2QAP_A	58	101	4.1
2QAP_A	102	131	4.1
2QAP_A	132	171	4.1
2QAP_A	172	212	4.1
2QAP_A	213	255	4.1
2QAP_A	256	295	4.1
2QAP_A	296	325	4.1
2QAP_A	326	370	4.1
2QC5_A	22	63	4.4
2QC5_A	64	105	4.4
2QC5_A	106	147	4.4
2QC5_A	148	189	4.4
2QC5_A	190	231	4.4
2QC5_A	232	272	4.4
2QC5_A	273	299	4.4
2QDE_A	144	170	4.1
2QDE_A	171	199	4.1
2QDE_A	200	227	4.1
2QDE_A	228	249	4.1
2QDE_A	250	274	4.1
2QDE_A	275	299	4.1
2QE8_A	19	68	4.4
2QE8_A	69	121	4.4
2QE8_A	122	196	4.4
2QE8_A	197	248	4.4
2QE8_A	249	286	4.4
2QE8_A	287	333	4.4
2QEZ_A	166	197	4.1
2QEZ_A	198	226	4.1
2QEZ_A	227	260	4.1
2QEZ_A	261	289	4.1
2QEZ_A	301	329	4.1
2QEZ_A	337	366	4.1
2QEZ_A	367	397	4.1
2QGY_A	135	167	4.1
2QGY_A	168	195	4.1
2QGY_A	196	223	4.1
2QGY_A	224	247	4.1
2QGY_A	248	270	4.1
2QGY_A	271	298	4.1
2QGY_A	299	325	4.1
2QGY_A	326	361	4.1
2QJG_A	27	60	4.1
2QJG_A	61	80	4.1
2QJG_A	81	114	4.1
2QJG_A	115	147	4.1
2QJG_A	148	181	4.1
2QJG_A	182	204	4.1
2QJG_A	205	232	4.1
2QJG_A	233	260	4.1
2QJR_A	29	58	4.4
2QJR_A	72	119	4.4
2QJR_A	120	155	4.4
2QM9_A	30	69	4.2
2QM9_A	70	92	4.2
2QM9_A	114	150	4.2
2QMI_A	368	386	4.2
2QMI_A	387	411	4.2
2QMI_A	412	433	4.2
2QMI_A	434	447	4.2
2QOM_A	16	48	4.2
2QOM_A	53	92	4.2
2QOM_A	93	139	4.2
2QOM_A	140	194	4.2
2QOM_A	195	246	4.2
2QOM_A	247	277	4.2
2QT9_B	58	94	4.4
2QT9_B	95	150	4.4
2QT9_B	171	286	4.4
2QT9_B	287	347	4.4
2QT9_B	348	399	4.4
2QT9_B	400	447	4.4
2QT9_B	448	499	4.4
2QT9_B	500	544	4.4
2QYG_A	31	134	4.1
2QYG_A	186	237	4.1
2QYG_A	254	298	4.1
2QYG_A	299	357	4.1
2QYG_A	373	422	4.1
2R8W_A	39	70	4.1
2R8W_A	71	105	4.1
2R8W_A	107	161	4.1
2R8W_A	162	190	4.1
2R8W_A	191	220	4.1
2R8W_A	221	279	4.1
2R8W_A	292	325	4.1
2R91_A	2	33	4.1
2R91_A	34	65	4.1
2R91_A	66	91	4.1
2R91_A	92	123	4.1
2R91_A	150	170	4.1
2R91_A	196	230	4.1
2R91_A	250	281	4.1
2RDX_A	137	162	4.1
2RDX_A	163	190	4.1
2RDX_A	191	217	4.1
2RDX_A	218	239	4.1
2RDX_A	240	262	4.1
2RDX_A	263	290	4.1
2RDX_A	291	317	4.1
2RDX_A	318	328	4.1
2RH7_A	11	40	4.2
2RH7_A	41	103	4.2
2RH7_A	104	139	4.2
2RH7_A	156	193	4.2
2RH7_A	194	223	4.2
2UVK_A	9	54	4.4
2UVK_A	55	108	4.4
2UVK_A	111	190	4.4
2UVK_A	191	242	4.4
2UVK_A	243	306	4.4
2UVK_A	307	349	4.4
2UYW_D	10	29	4.2
2UYW_D	30	61	4.2
2UYW_D	62	89	4.2
2UYW_D	90	123	4.2
2V81_A	8	33	4.1
2V81_A	34	60	4.1
2V81_A	61	81	4.1
2V81_A	82	101	4.1
2V81_A	104	122	4.1
2V81_A	123	149	4.1
2V81_A	150	170	4.1
2V81_A	171	206	4.1
2V8Z_A	35	67	4.1
2V8Z_A	68	100	4.1
2V8Z_A	101	128	4.1
2V8Z_A	129	157	4.1
2V8Z_A	158	187	4.1
2V8Z_A	188	216	4.1
2V8Z_A	217	276	4.1
2V8Z_A	294	324	4.1
2VC6_A	5	36	4.1
2VC6_A	37	70	4.1
2VC6_A	71	97	4.1
2VC6_A	98	127	4.1
2VC6_A	128	156	4.1
2VC6_A	157	178	4.1
2VC6_A	179	201	4.1
2VC6_A	202	242	4.1
2VC6_A	255	288	4.1
2VDU_B	9	45	4.4
2VDU_B	100	147	4.4
2VDU_B	148	193	4.4
2VDU_B	194	238	4.4
2VDU_B	239	279	4.4
2VDU_B	280	352	4.4
2VDU_B	353	398	4.4
2VK7_A	22	80	4.4
2VK7_A	81	216	4.4
2VK7_A	217	290	4.4
2VK7_A	291	343	4.4
2VK7_A	344	410	4.4
2VK7_A	411	441	4.4
2VPJ_A	14	51	4.4
2VPJ_A	52	102	4.4
2VPJ_A	103	148	4.4
2VPJ_A	149	195	4.4
2VPJ_A	196	243	4.4
2VPJ_A	244	294	4.4
2VQI_A	19	52	4.2
2VQI_A	53	93	4.2
2VQI_A	94	207	4.2
2VQI_A	208	240	4.2
2VQI_A	241	267	4.2
2VQI_A	268	302	4.2
2VQI_A	307	354	4.2
2VQI_A	355	386	4.2
2VQI_A	389	420	4.2
2VQI_A	421	447	4.2
2VQI_A	448	479	4.2
2VQI_A	480	508	4.2
2VVZ_A	26	93	4.4
2VVZ_A	94	235	4.4
2VVZ_A	236	302	4.4
2VVZ_A	303	377	4.4
2VVZ_A	378	467	4.4
2VW1_A	83	159	4.4
2VW1_A	230	296	4.4
2VW1_A	297	475	4.4
2VW1_A	476	528	4.4
2VW1_A	529	581	4.4
2VW1_A	582	694	4.4
2W18_A	35	88	4.4
2W18_A	89	138	4.4
2W18_A	139	179	4.4
2W18_A	180	224	4.4
2W18_A	229	285	4.4
2W18_A	286	330	4.4
2W18_A	331	356	4.4
2W38_A	17	75	4.4
2W38_A	76	121	4.4
2W38_A	122	178	4.4
2W38_A	179	234	4.4
2W38_A	235	290	4.4
2W5N_A	24	83	4.4
2W5N_A	84	153	4.4
2W5N_A	154	208	4.4
2W5N_A	209	272	4.4
2W5N_A	273	320	4.4
2W5N_A	321	367	4.4
2W6R_A	2	43	4.1
2W6R_A	44	74	4.1
2W6R_A	44	121	4.1
2W6R_A	75	95	4.1
2W6R_A	127	169	4.1
2WHS_A	29	55	4.2
2WHS_A	56	118	4.2
2WHS_A	119	150	4.2
2WHS_A	172	204	4.2
2WHS_A	205	238	4.2
2WIQ_A	34	62	4.2
2WIQ_A	63	124	4.2
2WIQ_A	125	160	4.2
2WIQ_A	178	216	4.2
2WIQ_A	217	247	4.2
2WNW_A	64	115	4.1
2WNW_A	116	162	4.1
2WNW_A	163	208	4.1
2WNW_A	209	244	4.1
2WNW_A	245	273	4.1
2WNW_A	274	304	4.1
2WNW_A	305	332	4.1
2WOZ_A	12	42	4.4
2WOZ_A	43	98	4.4
2WOZ_A	99	147	4.4
2WOZ_A	148	195	4.4
2WOZ_A	196	242	4.4
2WOZ_A	243	295	4.4
2WPR_A	5	19	4.1
2WPR_A	11	26	4.1
2WPR_A	20	34	4.1
2WPR_A	35	50	4.1
2WPR_A	51	66	4.1
2WPR_A	67	80	4.1
2WQ8_A	74	126	4.4
2WQ8_A	127	167	4.4
2WQ8_A	191	245	4.4
2WQ8_A	246	291	4.4
2WQ8_A	292	342	4.4
2WQ8_A	353	400	4.4
2WQ8_A	401	458	4.4
2WQ8_A	459	512	4.4
2WQ8_A	513	555	4.4
2WQ8_A	611	658	4.4
2WZM_A	25	48	4.1
2WZM_A	49	73	4.1
2WZM_A	74	107	4.1
2WZM_A	108	140	4.1
2WZM_A	141	166	4.1
2WZM_A	167	190	4.1
2WZM_A	191	233	4.1
2WZM_A	234	255	4.1
2X32_A	7	45	4.2
2X32_A	46	98	4.2
2X32_A	99	129	4.2
2X32_A	130	179	4.2
2X4M_A	12	62	4.2
2X4M_A	63	122	4.2
2X4M_A	123	185	4.2
2X4M_A	186	236	4.2
2X4M_A	237	293	4.2
2XE4_A	118	163	4.4
2XE4_A	164	216	4.4
2XE4_A	217	266	4.4
2XE4_A	267	314	4.4
2XE4_A	315	366	4.4
2XE4_A	367	413	4.4
2XE4_A	414	466	4.4
2XH7_A	151	241	4.1
2XH7_A	242	290	4.1
2XH7_A	291	315	4.1
2XH7_A	316	340	4.1
2XH7_A	341	367	4.1
2XH7_A	368	393	4.1
2XH7_A	394	422	4.1
2XN4_A	15	50	4.4
2XN4_A	51	97	4.4
2XN4_A	98	144	4.4
2XN4_A	145	193	4.4
2XN4_A	194	240	4.4
2XN4_A	241	288	4.4
2Y32_A	2	23	4.2
2Y32_A	24	55	4.2
2Y32_A	56	81	4.2
2Y32_A	82	113	4.2
2Y5J_A	44	61	4.1
2Y5J_A	73	99	4.1
2Y5J_A	100	119	4.1
2Y5J_A	120	141	4.1
2Y5J_A	142	189	4.1
2Y5J_A	190	228	4.1
2Y5J_A	229	267	4.1
2Y5J_A	268	294	4.1
2Y70_A	5	35	4.1
2Y70_A	63	115	4.1
2Y70_A	116	154	4.1
2Y70_A	155	197	4.1
2Y70_A	198	244	4.1
2Y7D_D	12	46	4.1
2Y7D_D	47	80	4.1
2Y7D_D	81	108	4.1
2Y7D_D	109	144	4.1
2Y7D_D	145	169	4.1
2Y7D_D	170	206	4.1
2Y7D_D	207	229	4.1
2Y7D_D	230	265	4.1
2YB8_B	55	112	4.4
2YB8_B	137	190	4.4
2YB8_B	191	237	4.4
2YB8_B	238	283	4.4
2YB8_B	284	327	4.4
2YB8_B	328	384	4.4
2YB8_B	385	412	4.4
2YH3_A	42	88	4.4
2YH3_A	89	125	4.4
2YH3_A	126	165	4.4
2YH3_A	166	210	4.4
2YH3_A	211	261	4.4
2YH3_A	262	304	4.4
2YH3_A	305	340	4.4
2YH3_A	341	371	4.4
2YMU_A	16	56	4.4
2YMU_A	16	56	4.4
2YMU_A	16	56	4.4
2YMU_A	16	56	4.4
2YMU_A	16	56	4.4
2YMU_A	18	56	4.4
2YMU_A	57	97	4.4
2YMU_A	57	97	4.4
2YMU_A	57	97	4.4
2YMU_A	57	97	4.4
2YMU_A	262	302	4.4
2YMU_A	303	343	4.4
2YMU_A	426	466	4.4
2YMU_A	549	576	4.4
2YNO_A	14	57	4.4
2YNO_A	58	96	4.4
2YNO_A	97	142	4.4
2YNO_A	143	183	4.4
2YNO_A	184	230	4.4
2YNO_A	231	268	4.4
2YNO_A	269	302	4.4
2YNY_A	2	20	4.1
2YNY_A	8	27	4.1
2YNY_A	21	40	4.1
2YNY_A	58	84	4.1
2YO2_A	9	26	4.1
2YO2_A	27	40	4.1
2YO2_A	58	83	4.1
2YO2_A	84	110	4.1
2YO2_A	129	147	4.1
2YO3_A	7	23	4.1
2YO3_A	8	22	4.1
2YO3_A	23	38	4.1
2YO3_A	39	54	4.1
2YO3_A	55	65	4.1
2YO3_A	146	157	4.1
2YO3_A	185	203	4.1
2YO3_A	185	203	4.1
2YO3_A	204	220	4.1
2YO3_A	221	237	4.1
2YR1_A	21	45	4.1
2YR1_A	46	77	4.1
2YR1_A	78	139	4.1
2YR1_A	140	169	4.1
2YR1_A	170	203	4.1
2YR1_A	204	256	4.1
2YVI_A	21	40	4.1
2YVI_A	41	73	4.1
2YVI_A	74	88	4.1
2YW3_A	7	20	4.1
2YW3_A	21	57	4.1
2YW3_A	58	70	4.1
2YW3_A	71	92	4.1
2YW3_A	93	119	4.1
2YW3_A	120	132	4.1
2YW3_A	133	161	4.1
2YW3_A	162	186	4.1
2YW3_A	187	201	4.1
2YXG_A	5	36	4.1
2YXG_A	37	70	4.1
2YXG_A	71	97	4.1
2YXG_A	98	126	4.1
2YXG_A	127	156	4.1
2YXG_A	157	177	4.1
2YXG_A	203	240	4.1
2YXG_A	256	286	4.1
2YYT_B	12	62	4.1
2YYT_B	63	81	4.1
2YYT_B	82	103	4.1
2YYT_B	115	150	4.1
2Z2N_A	15	57	4.4
2Z2N_A	58	99	4.4
2Z2N_A	100	141	4.4
2Z2N_A	142	183	4.4
2Z2N_A	184	225	4.4
2Z2N_A	226	267	4.4
2Z2N_A	268	294	4.4
2Z6B_D	4	32	4.2
2Z6B_D	33	64	4.2
2Z6B_D	65	88	4.2
2Z6B_D	89	183	4.2
2Z6B_D	184	241	4.2
2Z6B_D	242	319	4.2
2Z6B_D	320	337	4.2
2Z6B_D	338	358	4.2
2Z8S_A	112	174	4.4
2Z8S_A	175	251	4.4
2Z8S_A	252	324	4.4
2Z8S_A	325	361	4.4
2Z8S_A	362	411	4.4
2Z8S_A	412	451	4.4
2Z8S_A	452	492	4.4
2Z8S_A	493	534	4.4
2ZAD_A	132	155	4.1
2ZAD_A	156	184	4.1
2ZAD_A	185	210	4.1
2ZAD_A	211	237	4.1
2ZAD_A	238	260	4.1
2ZAD_A	261	286	4.1
2ZAD_A	287	311	4.1
2ZAD_A	312	323	4.1
2ZB1_A	8	23	4.2
2ZB1_A	24	47	4.2
2ZB1_A	88	108	4.2
2ZB5_A	71	136	4.4
2ZB5_A	137	191	4.4
2ZB5_A	205	286	4.4
2ZB5_A	305	348	4.4
2ZB5_A	366	407	4.4
2ZB5_A	421	456	4.4
2ZC8_A	2	110	4.1
2ZC8_A	133	157	4.1
2ZC8_A	158	182	4.1
2ZC8_A	204	232	4.1
2ZC8_A	233	255	4.1
2ZC8_A	256	284	4.1
2ZC8_A	285	309	4.1
2ZC8_A	327	360	4.1
2ZMU_A	9	34	4.2
2ZMU_A	35	99	4.2
2ZMU_A	100	128	4.2
2ZMU_A	154	184	4.2
2ZMU_A	192	217	4.2
2ZSC_A	15	42	4.2
2ZSC_A	43	74	4.2
2ZSC_A	75	103	4.2
2ZTJ_A	5	40	4.1
2ZTJ_A	41	67	4.1
2ZTJ_A	68	89	4.1
2ZTJ_A	90	130	4.1
2ZTJ_A	131	159	4.1
2ZTJ_A	160	190	4.1
2ZTJ_A	191	216	4.1
2ZTJ_A	217	245	4.1
2ZVI_A	151	182	4.1
2ZVI_A	183	220	4.1
2ZVI_A	221	247	4.1
2ZVI_A	248	270	4.1
2ZVI_A	271	307	4.1
2ZVI_A	308	341	4.1
2ZVI_A	342	366	4.1
2ZVI_A	364	398	4.1
2ZW9_A	391	442	4.4
2ZW9_A	443	488	4.4
2ZW9_A	489	541	4.4
2ZW9_A	542	599	4.4
2ZW9_A	600	657	4.4
2ZW9_A	658	693	4.4
3A71_A	23	79	4.4
3A71_A	80	148	4.4
3A71_A	149	202	4.4
3A71_A	203	265	4.4
3A71_A	266	313	4.4
3A71_A	314	355	4.4
3ABO_A	158	189	4.1
3ABO_A	190	221	4.1
3ABO_A	222	243	4.1
3ABO_A	244	283	4.1
3ABO_A	284	321	4.1
3ABO_A	322	358	4.1
3ABO_A	359	389	4.1
3ABO_A	390	420	4.1
3AJX_A	2	26	4.1
3AJX_A	27	54	4.1
3AJX_A	55	78	4.1
3AJX_A	79	104	4.1
3AJX_A	105	128	4.1
3AJX_A	129	159	4.1
3AJX_A	160	180	4.1
3AJX_A	181	206	4.1
3ANU_A	19	48	4.1
3ANU_A	49	67	4.1
3ANU_A	68	89	4.1
3ANU_A	90	112	4.1
3ANU_A	113	149	4.1
3ANU_A	150	184	4.1
3ANU_A	185	220	4.1
3ANU_A	221	238	4.1
3AZO_A	26	80	4.4
3AZO_A	81	129	4.4
3AZO_A	130	191	4.4
3AZO_A	192	243	4.4
3AZO_A	244	283	4.4
3AZO_A	284	336	4.4
3AZO_A	337	380	4.4
3B3D_A	55	78	4.1
3B3D_A	79	112	4.1
3B3D_A	113	143	4.1
3B3D_A	144	172	4.1
3B3D_A	173	198	4.1
3B3D_A	199	222	4.1
3B3D_A	223	265	4.1
3B3D_A	266	284	4.1
3B7F_A	19	51	4.4
3B7F_A	52	108	4.4
3B7F_A	112	169	4.4
3B7F_A	175	227	4.4
3B7F_A	228	273	4.4
3B7F_A	274	337	4.4
3B7F_A	338	379	4.4
3B9N_A	6	52	4.1
3B9N_A	53	99	4.1
3B9N_A	100	129	4.1
3B9N_A	130	222	4.1
3B9N_A	223	242	4.1
3B9N_A	243	275	4.1
3B9N_A	276	373	4.1
3B9N_A	374	400	4.1
3BJS_A	43	148	4.1
3BJS_A	175	202	4.1
3BJS_A	203	231	4.1
3BJS_A	232	258	4.1
3BJS_A	259	285	4.1
3BJS_A	286	304	4.1
3BJS_A	305	333	4.1
3BJS_A	334	360	4.1
3BLE_A	21	57	4.1
3BLE_A	58	89	4.1
3BLE_A	90	111	4.1
3BLE_A	112	151	4.1
3BLE_A	152	184	4.1
3BLE_A	185	215	4.1
3BLE_A	216	240	4.1
3BLE_A	241	269	4.1
3BVJ_A	60	83	4.1
3BVJ_A	84	109	4.1
3BVJ_A	110	141	4.1
3BVJ_A	142	195	4.1
3BVJ_A	196	225	4.1
3BVJ_A	246	275	4.1
3BVJ_A	276	306	4.1
3BWS_A	121	160	4.4
3BWS_A	161	209	4.4
3BWS_A	210	251	4.4
3BWS_A	252	304	4.4
3BWS_A	305	342	4.4
3BWS_A	343	399	4.4
3BWS_A	400	433	4.4
3C5M_A	5	32	4.4
3C5M_A	33	80	4.4
3C5M_A	81	121	4.4
3C5M_A	122	189	4.4
3C5M_A	190	242	4.4
3C5M_A	243	280	4.4
3C5M_A	284	353	4.4
3C5M_A	354	387	4.4
3C5O_A	9	45	4.2
3C5O_A	46	80	4.2
3C5O_A	81	123	4.2
3C5O_A	124	154	4.2
3C75_H	82	117	4.4
3C75_H	118	171	4.4
3C75_H	172	219	4.4
3C75_H	220	264	4.4
3C75_H	265	307	4.4
3C75_H	308	373	4.4
3C75_H	374	415	4.4
3C99_A	53	134	4.4
3C99_A	135	188	4.4
3C99_A	189	235	4.4
3C99_A	236	281	4.4
3C99_A	282	325	4.4
3C99_A	326	382	4.4
3C99_A	383	410	4.4
3CAW_A	103	125	4.1
3CAW_A	126	150	4.1
3CAW_A	151	179	4.1
3CAW_A	180	202	4.1
3CAW_A	203	223	4.1
3CAW_A	224	246	4.1
3CAW_A	247	275	4.1
3CFS_B	43	106	4.4
3CFS_B	129	178	4.4
3CFS_B	179	228	4.4
3CFS_B	229	274	4.4
3CFS_B	275	318	4.4
3CFS_B	319	375	4.4
3CFS_B	376	406	4.4
3CGL_A	23	49	4.2
3CGL_A	50	111	4.2
3CGL_A	112	139	4.2
3CGL_A	166	195	4.2
3CGL_A	204	232	4.2
3CIV_A	36	68	4.1
3CIV_A	69	111	4.1
3CIV_A	112	167	4.1
3CIV_A	168	198	4.1
3CIV_A	199	219	4.1
3CIV_A	220	249	4.1
3CIV_A	250	297	4.1
3CIV_A	298	343	4.1
3CJP_A	3	27	4.1
3CJP_A	28	86	4.1
3CJP_A	87	116	4.1
3CJP_A	117	145	4.1
3CJP_A	146	174	4.1
3CJP_A	175	195	4.1
3CJP_A	196	220	4.1
3CJP_A	221	244	4.1
3CSL_A	241	269	4.2
3CSL_A	270	335	4.2
3CSL_A	336	393	4.2
3CSL_A	394	451	4.2
3CSL_A	452	502	4.2
3CSL_A	503	572	4.2
3CSL_A	573	635	4.2
3CSL_A	636	700	4.2
3CSL_A	701	781	4.2
3CSL_A	782	822	4.2
3CSL_A	823	864	4.2
3CT7_A	4	27	4.1
3CT7_A	28	58	4.1
3CT7_A	83	107	4.1
3CT7_A	131	172	4.1
3CT7_A	173	218	4.1
3D0C_A	17	47	4.1
3D0C_A	48	83	4.1
3D0C_A	84	137	4.1
3D0C_A	164	190	4.1
3D0C_A	191	252	4.1
3D0C_A	270	303	4.1
3D11_A	106	266	4.4
3D11_A	267	335	4.4
3D11_A	336	398	4.4
3DDM_A	145	172	4.1
3DDM_A	173	201	4.1
3DDM_A	202	227	4.1
3DDM_A	228	252	4.1
3DDM_A	253	273	4.1
3DDM_A	274	303	4.1
3DDM_A	304	333	4.1
3DDM_A	334	358	4.1
3DI0_A	7	39	4.1
3DI0_A	40	74	4.1
3DI0_A	75	100	4.1
3DI0_A	101	131	4.1
3DI0_A	132	158	4.1
3DI0_A	159	184	4.1
3DI0_A	185	203	4.1
3DI0_A	204	226	4.1
3DM0_A	382	429	4.4
3DM0_A	430	471	4.4
3DM0_A	472	516	4.4
3DM0_A	517	560	4.4
3DM0_A	561	602	4.4
3DM0_A	603	644	4.4
3DM0_A	664	691	4.4
3DR2_A	44	85	4.4
3DR2_A	86	130	4.4
3DR2_A	131	181	4.4
3DR2_A	182	235	4.4
3DR2_A	236	274	4.4
3DR2_A	275	305	4.4
3DSM_A	1	41	4.4
3DSM_A	42	81	4.4
3DSM_A	82	122	4.4
3DSM_A	123	169	4.4
3DSM_A	168	220	4.4
3DSM_A	221	264	4.4
3DSM_A	265	309	4.4
3DWL_C	11	54	4.4
3DWL_C	55	99	4.4
3DWL_C	100	147	4.4
3DWL_C	148	204	4.4
3DWL_C	205	252	4.4
3DWL_C	253	278	4.4
3DWL_C	346	377	4.4
3DXI_A	4	39	4.1
3DXI_A	40	74	4.1
3DXI_A	75	102	4.1
3DXI_A	104	128	4.1
3DXI_A	129	158	4.1
3DXI_A	159	188	4.1
3DXI_A	189	213	4.1
3DXI_A	214	245	4.1
3E5Z_A	25	66	4.4
3E5Z_A	67	106	4.4
3E5Z_A	107	168	4.4
3E5Z_A	169	214	4.4
3E5Z_A	215	254	4.4
3E5Z_A	255	286	4.4
3EB2_A	7	39	4.1
3EB2_A	40	76	4.1
3EB2_A	77	101	4.1
3EB2_A	102	132	4.1
3EB2_A	133	159	4.1
3EB2_A	160	182	4.1
3EB2_A	183	203	4.1
3EB2_A	204	227	4.1
3EEG_A	7	42	4.1
3EEG_A	43	68	4.1
3EEG_A	69	93	4.1
3EEG_A	94	135	4.1
3EEG_A	136	165	4.1
3EEG_A	166	195	4.1
3EEG_A	196	225	4.1
3EEG_A	226	263	4.1
3EEG_A	264	278	4.1
3EEZ_A	135	162	4.1
3EEZ_A	163	190	4.1
3EEZ_A	191	218	4.1
3EEZ_A	219	239	4.1
3EEZ_A	240	262	4.1
3EEZ_A	263	289	4.1
3EEZ_A	290	318	4.1
3EFM_A	162	190	4.2
3EFM_A	191	227	4.2
3EFM_A	266	292	4.2
3EFM_A	312	353	4.2
3EFM_A	398	435	4.2
3EFM_A	436	479	4.2
3EFM_A	480	523	4.2
3EFM_A	524	578	4.2
3EFM_A	579	621	4.2
3EFM_A	622	666	4.2
3EFM_A	697	707	4.2
3EI1_B	72	114	4.4
3EI1_B	115	157	4.4
3EI1_B	158	202	4.4
3EI1_B	203	249	4.4
3EI1_B	250	292	4.4
3EI1_B	293	350	4.4
3EI1_B	351	381	4.4
3EMN_X	38	65	4.2
3EMN_X	66	92	4.2
3EMN_X	93	120	4.2
3EMN_X	121	148	4.2
3EMN_X	149	174	4.2
3EMN_X	175	200	4.2
3EMN_X	201	225	4.2
3EMN_X	226	252	4.2
3EMN_X	253	294	4.2
3EOO_A	24	45	4.1
3EOO_A	46	85	4.1
3EOO_A	86	113	4.1
3EOO_A	114	156	4.1
3EOO_A	157	186	4.1
3EOO_A	187	210	4.1
3EOO_A	211	234	4.1
3EW1_A	14	33	4.2
3EW1_A	34	63	4.2
3EW1_A	64	93	4.2
3EW1_A	94	125	4.2
3EXR_A	6	31	4.1
3EXR_A	32	56	4.1
3EXR_A	57	83	4.1
3EXR_A	84	112	4.1
3EXR_A	113	136	4.1
3EXR_A	137	169	4.1
3EXR_A	170	190	4.1
3EXR_A	191	220	4.1
3F3G_A	11	57	4.4
3F3G_A	58	108	4.4
3F3G_A	109	162	4.4
3F3G_A	169	213	4.4
3F3G_A	214	257	4.4
3F3G_A	307	348	4.4
3F4N_B	7	42	4.1
3F4N_B	43	71	4.1
3F4N_B	72	91	4.1
3F4N_B	92	131	4.1
3F4N_B	132	152	4.1
3F4N_B	153	190	4.1
3F4N_B	191	209	4.1
3F4N_B	210	245	4.1
3F4W_A	2	26	4.1
3F4W_A	27	51	4.1
3F4W_A	52	78	4.1
3F4W_A	79	104	4.1
3F4W_A	105	129	4.1
3F4W_A	130	160	4.1
3F4W_A	161	180	4.1
3F4W_A	181	210	4.1
3F6Z_B	16	40	4.2
3F6Z_B	41	64	4.2
3F6Z_B	65	79	4.2
3F6Z_B	94	101	4.2
3FCU_A	21	94	4.4
3FCU_A	95	170	4.4
3FCU_A	171	236	4.4
3FCU_A	237	290	4.4
3FCU_A	291	357	4.4
3FCU_A	358	418	4.4
3FCU_A	419	452	4.4
3FGB_A	5	43	4.4
3FGB_A	44	93	4.4
3FGB_A	94	148	4.4
3FGB_A	149	204	4.4
3FGB_A	205	252	4.4
3FGB_A	253	299	4.4
3FGB_A	300	343	4.4
3FHH_A	137	163	4.2
3FHH_A	164	205	4.2
3FHH_A	206	260	4.2
3FHH_A	261	306	4.2
3FHH_A	307	361	4.2
3FHH_A	362	401	4.2
3FHH_A	402	465	4.2
3FHH_A	466	519	4.2
3FHH_A	520	559	4.2
3FHH_A	560	600	4.2
3FHH_A	601	640	4.2
3FID_A	2	48	4.2
3FID_A	49	96	4.2
3FID_A	97	159	4.2
3FID_A	160	214	4.2
3FID_A	215	265	4.2
3FID_A	266	296	4.2
3FLU_A	10	42	4.1
3FLU_A	43	76	4.1
3FLU_A	77	104	4.1
3FLU_A	105	133	4.1
3FLU_A	134	162	4.1
3FLU_A	163	185	4.1
3FLU_A	186	206	4.1
3FLU_A	207	230	4.1
3FM0_A	18	60	4.4
3FM0_A	61	104	4.4
3FM0_A	105	150	4.4
3FM0_A	151	193	4.4
3FM0_A	194	251	4.4
3FM0_A	252	305	4.4
3FM0_A	306	335	4.4
3FMO_A	42	93	4.4
3FMO_A	94	150	4.4
3FMO_A	151	193	4.4
3FMO_A	194	239	4.4
3FMO_A	240	304	4.4
3FMO_A	305	361	4.4
3FMO_A	362	409	4.4
3FMZ_B	49	78	4.2
3FMZ_B	79	110	4.2
3FMZ_B	111	139	4.2
3FMZ_B	140	169	4.2
3FRX_A	17	64	4.4
3FRX_A	65	108	4.4
3FRX_A	109	147	4.4
3FRX_A	148	197	4.4
3FRX_A	198	237	4.4
3FRX_A	238	286	4.4
3FRX_A	287	318	4.4
3FS2_A	43	74	4.1
3FS2_A	75	114	4.1
3FS2_A	115	133	4.1
3FS2_A	134	156	4.1
3FS2_A	157	185	4.1
3FS2_A	186	216	4.1
3FS2_A	217	255	4.1
3FS2_A	256	297	4.1
3FSN_A	44	86	4.4
3FSN_A	135	176	4.4
3FSN_A	177	238	4.4
3FSN_A	239	311	4.4
3FSN_A	312	415	4.4
3FSN_A	416	466	4.4
3FSN_A	467	520	4.4
3FVZ_A	25	90	4.4
3FVZ_A	91	142	4.4
3FVZ_A	143	196	4.4
3FVZ_A	197	236	4.4
3FVZ_A	237	286	4.4
3FVZ_A	287	322	4.4
3G7G_A	8	51	4.2
3G7G_A	52	83	4.2
3G7G_A	84	130	4.2
3G7G_A	131	158	4.2
3GFX_A	191	242	4.1
3GFX_A	243	276	4.1
3GFX_A	277	305	4.1
3GFX_A	306	328	4.1
3GFX_A	329	362	4.1
3GFX_A	363	381	4.1
3GG7_A	3	28	4.1
3GG7_A	29	50	4.1
3GG7_A	51	81	4.1
3GG7_A	82	118	4.1
3GG7_A	119	139	4.1
3GG7_A	140	165	4.1
3GG7_A	166	226	4.1
3GG7_A	191	226	4.1
3GND_I	56	85	4.1
3GND_I	108	140	4.1
3GND_I	141	205	4.1
3GND_I	206	286	4.1
3GTX_A	33	76	4.1
3GTX_A	77	104	4.1
3GTX_A	105	156	4.1
3GTX_A	157	188	4.1
3GTX_A	189	215	4.1
3GTX_A	216	238	4.1
3GTX_A	239	274	4.1
3GTX_A	275	321	4.1
3GVJ_A	86	145	4.4
3GVJ_A	146	281	4.4
3GVJ_A	282	334	4.4
3GVJ_A	335	417	4.4
3GVJ_A	418	451	4.4
3GVJ_A	462	513	4.4
3H1O_A	9	34	4.2
3H1O_A	35	98	4.2
3H1O_A	99	126	4.2
3H1O_A	152	181	4.2
3H1O_A	192	220	4.2
3H72_A	11	77	4.4
3H72_A	78	239	4.4
3H72_A	240	303	4.4
3H72_A	304	372	4.4
3H72_A	373	428	4.4
3H72_A	429	472	4.4
3HB9_A	534	572	4.1
3HB9_A	573	607	4.1
3HB9_A	608	642	4.1
3HB9_A	643	668	4.1
3HB9_A	669	707	4.1
3HB9_A	708	737	4.1
3HB9_A	738	762	4.1
3HB9_A	763	790	4.1
3HFQ_A	2	41	4.4
3HFQ_A	42	87	4.4
3HFQ_A	88	129	4.4
3HFQ_A	130	188	4.4
3HFQ_A	189	232	4.4
3HFQ_A	233	287	4.4
3HFQ_A	288	331	4.4
3HO4_A	35	86	4.4
3HO4_A	87	159	4.4
3HO4_A	160	236	4.4
3HO4_A	237	296	4.4
3HO4_A	297	357	4.4
3HO4_A	358	401	4.4
3HOE_A	102	165	4.2
3HOE_A	166	189	4.2
3HOE_A	190	227	4.2
3HOE_A	228	251	4.2
3HPE_A	4	42	4.2
3HPE_A	43	91	4.2
3HPE_A	92	123	4.2
3HPE_A	124	164	4.2
3HRP_A	134	171	4.4
3HRP_A	172	219	4.4
3HRP_A	220	264	4.4
3HRP_A	265	322	4.4
3HRP_A	323	409	4.4
3HW9_A	31	76	4.2
3HW9_A	77	115	4.2
3HW9_A	116	172	4.2
3HW9_A	173	206	4.2
3HW9_A	207	246	4.2
3HW9_A	247	289	4.2
3HW9_A	290	328	4.2
3HW9_A	329	362	4.2
3HXJ_A	101	137	4.4
3HXJ_A	138	177	4.4
3HXJ_A	178	215	4.4
3HXJ_A	216	255	4.4
3HXJ_A	256	295	4.4
3HXJ_A	296	321	4.4
3HXR_A	59	104	4.4
3HXR_A	107	166	4.4
3HXR_A	167	192	4.4
3HXR_A	226	271	4.4
3HXR_A	281	332	4.4
3HXR_A	333	389	4.4
3HXR_A	390	491	4.4
3I2N_A	20	67	4.4
3I2N_A	68	113	4.4
3I2N_A	114	166	4.4
3I2N_A	167	211	4.4
3I2N_A	212	261	4.4
3I2N_A	262	323	4.4
3I2N_A	324	353	4.4
3I6E_F	141	165	4.1
3I6E_F	166	193	4.1
3I6E_F	194	222	4.1
3I6E_F	223	245	4.1
3I6E_F	246	268	4.1
3I6E_F	269	295	4.1
3I6E_F	296	321	4.1
3I6E_F	322	334	4.1
3IEB_A	9	33	4.1
3IEB_A	34	60	4.1
3IEB_A	61	84	4.1
3IEB_A	85	110	4.1
3IEB_A	111	134	4.1
3IEB_A	135	167	4.1
3IEB_A	168	186	4.1
3IEB_A	187	217	4.1
3IGS_A	20	51	4.1
3IGS_A	72	101	4.1
3IGS_A	102	130	4.1
3IGS_A	131	150	4.1
3IGS_A	151	187	4.1
3IGS_A	188	229	4.1
3II7_A	12	43	4.4
3II7_A	44	90	4.4
3II7_A	91	138	4.4
3II7_A	139	189	4.4
3II7_A	190	236	4.4
3II7_A	237	285	4.4
3IJI_A	126	151	4.1
3IJI_A	152	175	4.1
3IJI_A	176	201	4.1
3IJI_A	202	227	4.1
3IJI_A	228	248	4.1
3IJI_A	249	275	4.1
3IJI_A	276	299	4.1
3IJI_A	300	310	4.1
3IK4_A	9	79	4.1
3IK4_A	80	117	4.1
3IK4_A	136	159	4.1
3IK4_A	160	186	4.1
3IK4_A	187	216	4.1
3IK4_A	217	240	4.1
3IK4_A	251	263	4.1
3IK4_A	264	291	4.1
3IK4_A	292	317	4.1
3INP_A	28	55	4.1
3INP_A	56	86	4.1
3INP_A	87	110	4.1
3INP_A	111	136	4.1
3INP_A	137	157	4.1
3INP_A	158	189	4.1
3INP_A	190	218	4.1
3INP_A	219	246	4.1
3IRS_A	6	62	4.1
3IRS_A	63	92	4.1
3IRS_A	93	121	4.1
3IRS_A	122	153	4.1
3IRS_A	154	185	4.1
3IRS_A	186	208	4.1
3IRS_A	209	237	4.1
3IRS_A	238	281	4.1
3IUJ_A	80	127	4.4
3IUJ_A	128	180	4.4
3IUJ_A	181	235	4.4
3IUJ_A	236	281	4.4
3IUJ_A	282	327	4.4
3IUJ_A	328	370	4.4
3IUJ_A	371	417	4.4
3IVS_A	41	75	4.1
3IVS_A	76	101	4.1
3IVS_A	102	124	4.1
3IVS_A	147	165	4.1
3IVS_A	166	193	4.1
3IVS_A	194	222	4.1
3IVS_A	223	266	4.1
3IVS_A	267	322	4.1
3IVS_A	323	357	4.1
3IVS_A	358	395	4.1
3IWP_A	40	59	4.1
3IWP_A	60	90	4.1
3IWP_A	91	125	4.1
3IWP_A	126	155	4.1
3IWP_A	156	180	4.1
3IWP_A	181	215	4.1
3IWP_A	216	232	4.1
3IWP_A	233	286	4.1
3J80_g	20	65	4.4
3J80_g	66	109	4.4
3J80_g	110	150	4.4
3J80_g	151	204	4.4
3J80_g	205	245	4.4
3J80_g	246	284	4.4
3J80_g	285	325	4.4
3JB9_K	166	207	4.4
3JB9_K	208	249	4.4
3JB9_K	250	291	4.4
3JB9_K	292	333	4.4
3JB9_K	334	374	4.4
3JB9_K	375	422	4.4
3JB9_K	423	451	4.4
3JB9_L	54	96	4.4
3JB9_L	97	137	4.4
3JB9_L	138	180	4.4
3JB9_L	181	221	4.4
3JB9_L	222	266	4.4
3JB9_L	267	312	4.4
3JB9_L	313	340	4.4
3JB9_U	196	240	4.4
3JB9_U	249	287	4.4
3JB9_U	297	332	4.4
3JB9_U	333	376	4.4
3JB9_U	377	419	4.4
3JB9_U	420	462	4.4
3JB9_U	463	488	4.4
3JBW_B	18	73	4.4
3JBW_B	74	139	4.4
3JBW_B	140	205	4.4
3JBW_B	206	260	4.4
3JBW_B	261	317	4.4
3JBW_B	318	354	4.4
3JCU_O	128	174	4.2
3JCU_O	175	221	4.2
3JCU_O	222	293	4.2
3JCU_O	294	330	4.2
3JRP_A	11	57	4.4
3JRP_A	58	103	4.4
3JRP_A	104	149	4.4
3JRP_A	169	208	4.4
3JRP_A	209	258	4.4
3JRP_A	259	298	4.4
3JRP_A	334	379	4.4
3JS3_A	21	47	4.1
3JS3_A	48	80	4.1
3JS3_A	81	115	4.1
3JS3_A	116	140	4.1
3JS3_A	141	171	4.1
3JS3_A	172	204	4.1
3JS3_A	205	226	4.1
3JS3_A	227	255	4.1
3JUG_A	44	99	4.1
3JUG_A	100	135	4.1
3JUG_A	136	174	4.1
3JUG_A	175	237	4.1
3JUG_A	238	268	4.1
3JUG_A	269	311	4.1
3JVA_A	50	74	4.1
3JVA_A	75	109	4.1
3JVA_A	131	155	4.1
3JVA_A	156	182	4.1
3JVA_A	183	210	4.1
3JVA_A	211	238	4.1
3JVA_A	239	257	4.1
3JVA_A	258	286	4.1
3JVA_A	287	313	4.1
3K1U_A	18	69	4.4
3K1U_A	72	135	4.4
3K1U_A	136	197	4.4
3K1U_A	198	258	4.4
3K1U_A	259	304	4.4
3K36_B	49	107	4.4
3K36_B	108	153	4.4
3K36_B	154	202	4.4
3K36_B	203	277	4.4
3K36_B	278	340	4.4
3K36_B	341	387	4.4
3KHJ_A	51	70	4.1
3KHJ_A	71	96	4.1
3KHJ_A	97	118	4.1
3KHJ_A	119	146	4.1
3KHJ_A	147	167	4.1
3KHJ_A	168	208	4.1
3KHJ_A	209	262	4.1
3KHJ_A	299	316	4.1
3KHJ_A	317	333	4.1
3KS5_B	4	32	4.1
3KS5_B	33	100	4.1
3KS5_B	101	134	4.1
3KS5_B	135	155	4.1
3KS5_B	156	183	4.1
3KS5_B	184	205	4.1
3KS5_B	206	227	4.1
3KS5_B	228	248	4.1
3KST_A	23	77	4.4
3KST_A	78	127	4.4
3KST_A	128	183	4.4
3KST_A	184	247	4.4
3KST_A	248	300	4.4
3KTS_A	18	42	4.1
3KTS_A	43	66	4.1
3KTS_A	67	89	4.1
3KTS_A	90	110	4.1
3KTS_A	111	137	4.1
3KTS_A	138	160	4.1
3KTS_A	161	180	4.1
3KVN_A	357	397	4.2
3KVN_A	398	437	4.2
3KVN_A	438	493	4.2
3KVN_A	494	547	4.2
3KVN_A	548	604	4.2
3KVN_A	605	632	4.2
3KW3_A	27	49	4.1
3KW3_A	52	77	4.1
3KW3_A	78	104	4.1
3KW3_A	105	119	4.1
3KW3_A	120	153	4.1
3KW3_A	154	188	4.1
3KW3_A	189	213	4.1
3KW3_A	214	229	4.1
3KXQ_A	28	54	4.1
3KXQ_A	61	83	4.1
3KXQ_A	84	113	4.1
3KXQ_A	114	146	4.1
3KXQ_A	147	181	4.1
3KXQ_A	182	229	4.1
3KXQ_A	230	250	4.1
3KXQ_A	251	274	4.1
3L2I_A	40	66	4.1
3L2I_A	67	100	4.1
3L2I_A	101	134	4.1
3L2I_A	135	159	4.1
3L2I_A	160	190	4.1
3L2I_A	191	223	4.1
3L2I_A	224	245	4.1
3L2I_A	246	275	4.1
3L9C_A	35	57	4.1
3L9C_A	58	88	4.1
3L9C_A	89	122	4.1
3L9C_A	123	143	4.1
3L9C_A	144	171	4.1
3L9C_A	172	202	4.1
3L9C_A	203	223	4.1
3L9C_A	224	258	4.1
3LDV_A	29	50	4.1
3LDV_A	51	78	4.1
3LDV_A	79	106	4.1
3LDV_A	107	135	4.1
3LDV_A	136	176	4.1
3LDV_A	177	194	4.1
3LDV_A	195	219	4.1
3LDV_A	220	254	4.1
3LMZ_A	19	44	4.1
3LMZ_A	45	75	4.1
3LMZ_A	76	103	4.1
3LMZ_A	104	127	4.1
3LMZ_A	128	155	4.1
3LMZ_A	156	184	4.1
3LMZ_A	185	225	4.1
3LMZ_A	226	257	4.1
3LNP_A	88	145	4.1
3LNP_A	146	168	4.1
3LNP_A	169	211	4.1
3LNP_A	212	242	4.1
3LNP_A	243	278	4.1
3LNP_A	279	300	4.1
3LNP_A	301	328	4.1
3LNP_A	329	360	4.1
3LP9_A	6	65	4.4
3LP9_A	66	121	4.4
3LP9_A	112	175	4.4
3LP9_A	176	227	4.4
3LVA_A	12	40	4.2
3LVA_A	41	104	4.2
3LVA_A	105	132	4.2
3LVA_A	160	198	4.2
3LVA_A	199	228	4.2
3LVP_C	80	115	4.1
3LVP_C	136	257	4.1
3LVP_C	274	302	4.1
3M0Z_A	17	36	4.1
3M0Z_A	37	67	4.1
3M0Z_A	68	92	4.1
3M0Z_A	93	112	4.1
3M0Z_A	113	158	4.1
3M0Z_A	159	188	4.1
3M0Z_A	189	213	4.1
3M0Z_A	214	249	4.1
3M6Y_B	27	133	4.1
3M6Y_B	134	183	4.1
3M6Y_B	184	274	4.1
3MB5_A	7	25	4.2
3MB5_A	26	46	4.2
3MB5_A	47	60	4.2
3MBR_X	23	66	4.4
3MBR_X	67	108	4.4
3MBR_X	109	151	4.4
3MBR_X	152	205	4.4
3MBR_X	206	235	4.4
3MKC_A	141	174	4.1
3MKC_A	175	206	4.1
3MKC_A	210	236	4.1
3MKC_A	237	260	4.1
3MKC_A	261	282	4.1
3MKC_A	283	309	4.1
3MKC_A	310	338	4.1
3MMY_A	41	87	4.4
3MMY_A	88	126	4.4
3MMY_A	127	171	4.4
3MMY_A	172	213	4.4
3MMY_A	214	259	4.4
3MMY_A	275	314	4.4
3MMY_A	315	364	4.4
3MQT_A	136	169	4.1
3MQT_A	170	201	4.1
3MQT_A	202	230	4.1
3MQT_A	231	253	4.1
3MQT_A	254	277	4.1
3MQT_A	278	304	4.1
3MQT_A	305	333	4.1
3MVD_K	51	102	4.4
3MVD_K	103	155	4.4
3MVD_K	156	206	4.4
3MVD_K	207	269	4.4
3MVD_K	270	324	4.4
3MVD_K	325	373	4.4
3MVD_K	374	419	4.4
3MY9_A	140	163	4.1
3MY9_A	164	192	4.1
3MY9_A	193	221	4.1
3MY9_A	222	244	4.1
3MY9_A	245	267	4.1
3MY9_A	268	295	4.1
3MY9_A	296	325	4.1
3MY9_A	326	372	4.1
3NA8_A	27	60	4.1
3NA8_A	61	95	4.1
3NA8_A	96	121	4.1
3NA8_A	122	152	4.1
3NA8_A	154	180	4.1
3NA8_A	181	206	4.1
3NA8_A	207	224	4.1
3NA8_A	225	248	4.1
3NAV_A	20	48	4.1
3NAV_A	49	99	4.1
3NAV_A	100	127	4.1
3NAV_A	128	151	4.1
3NAV_A	152	176	4.1
3NAV_A	192	208	4.1
3NAV_A	209	231	4.1
3NAV_A	232	271	4.1
3NDO_A	16	43	4.1
3NDO_A	44	64	4.1
3NDO_A	65	94	4.1
3NDO_A	95	128	4.1
3NDO_A	129	160	4.1
3NDO_A	161	191	4.1
3NDO_A	192	213	4.1
3NDO_A	214	231	4.1
3NG3_A	15	42	4.1
3NG3_A	43	60	4.1
3NG3_A	64	92	4.1
3NG3_A	93	125	4.1
3NG3_A	126	158	4.1
3NG3_A	159	188	4.1
3NG3_A	189	211	4.1
3NG3_A	212	226	4.1
3NGJ_A	30	57	4.1
3NGJ_A	58	79	4.1
3NGJ_A	80	109	4.1
3NGJ_A	110	143	4.1
3NGJ_A	144	171	4.1
3NGJ_A	172	198	4.1
3NGJ_A	199	221	4.1
3NGJ_A	222	239	4.1
3NJT_A	223	257	4.2
3NJT_A	258	290	4.2
3NJT_A	291	335	4.2
3NJT_A	336	380	4.2
3NJT_A	381	429	4.2
3NJT_A	430	471	4.2
3NJT_A	497	533	4.2
3NJT_A	553	566	4.2
3NO1_C	153	183	4.1
3NO1_C	184	212	4.1
3NO1_C	213	240	4.1
3NO1_C	241	264	4.1
3NO1_C	265	287	4.1
3NO1_C	288	315	4.1
3NO1_C	318	338	4.1
3NO2_A	4	40	4.4
3NO2_A	41	77	4.4
3NO2_A	80	130	4.4
3NO2_A	131	168	4.4
3NO2_A	169	213	4.4
3NO2_A	214	269	4.4
3NO5_A	5	43	4.1
3NO5_A	44	77	4.1
3NO5_A	78	136	4.1
3NO5_A	137	274	4.1
3NOL_A	44	88	4.4
3NOL_A	89	131	4.4
3NOL_A	132	173	4.4
3NOL_A	174	226	4.4
3NOL_A	227	258	4.4
3NOX_B	150	251	4.4
3NOX_B	270	348	4.4
3NOX_B	410	458	4.4
3NOX_B	480	610	4.4
3NOY_A	33	80	4.1
3NOY_A	81	129	4.1
3NOY_A	130	201	4.1
3NOY_A	202	253	4.1
3NOY_A	268	298	4.1
3NOY_A	299	340	4.1
3NQV_A	24	44	4.1
3NQV_A	45	66	4.1
3NQV_A	67	99	4.1
3NQV_A	100	135	4.1
3NQV_A	136	164	4.1
3NQV_A	165	196	4.1
3NQV_A	197	239	4.1
3NQV_A	240	253	4.1
3NVQ_B	9	47	4.4
3NVQ_B	48	126	4.4
3NVQ_B	127	194	4.4
3NVQ_B	195	247	4.4
3NVQ_B	248	331	4.4
3NVQ_B	332	385	4.4
3NVQ_B	386	419	4.4
3NVT_A	143	169	4.1
3NVT_A	170	206	4.1
3NVT_A	207	226	4.1
3NVT_A	227	251	4.1
3NVT_A	252	277	4.1
3NVT_A	278	313	4.1
3NVT_A	314	340	4.1
3NVT_A	341	380	4.1
3NYZ_A	6	17	4.1
3NYZ_A	31	110	4.1
3NYZ_A	111	136	4.1
3NYZ_A	137	160	4.1
3NYZ_A	161	189	4.1
3NYZ_A	190	212	4.1
3NYZ_A	213	234	4.1
3NZR_A	16	36	4.1
3NZR_A	37	66	4.1
3NZR_A	67	92	4.1
3NZR_A	93	113	4.1
3NZR_A	114	159	4.1
3NZR_A	160	187	4.1
3NZR_A	188	212	4.1
3NZR_A	213	247	4.1
3O15_A	28	54	4.1
3O15_A	55	88	4.1
3O15_A	104	125	4.1
3O15_A	126	146	4.1
3O15_A	147	180	4.1
3O15_A	181	203	4.1
3O15_A	204	227	4.1
3OA3_A	61	89	4.1
3OA3_A	90	110	4.1
3OA3_A	111	141	4.1
3OA3_A	142	174	4.1
3OA3_A	175	203	4.1
3OA3_A	204	235	4.1
3OA3_A	236	258	4.1
3OA3_A	259	273	4.1
3ODT_A	20	58	4.4
3ODT_A	59	103	4.4
3ODT_A	104	141	4.4
3ODT_A	142	183	4.4
3ODT_A	184	224	4.4
3ODT_A	225	268	4.4
3ODT_A	269	300	4.4
3OE3_A	5	29	4.2
3OE3_A	30	45	4.2
3OE3_A	52	70	4.2
3OE3_A	71	89	4.2
3OF7_A	30	68	4.4
3OF7_A	69	148	4.4
3OF7_A	149	201	4.4
3OF7_A	202	257	4.4
3OF7_A	258	308	4.4
3OF7_A	309	375	4.4
3OF7_A	376	450	4.4
3OG3_A	2	43	4.1
3OG3_A	44	87	4.1
3OG3_A	98	121	4.1
3OG3_A	122	163	4.1
3OVP_A	6	32	4.1
3OVP_A	33	64	4.1
3OVP_A	65	87	4.1
3OVP_A	88	112	4.1
3OVP_A	113	135	4.1
3OVP_A	136	169	4.1
3OVP_A	170	192	4.1
3OVP_A	193	224	4.1
3OW8_A	35	81	4.4
3OW8_A	82	124	4.4
3OW8_A	125	166	4.4
3OW8_A	167	209	4.4
3OW8_A	210	250	4.4
3OW8_A	251	292	4.4
3OW8_A	293	320	4.4
3OYO_A	6	63	4.4
3OYO_A	64	119	4.4
3OYO_A	120	172	4.4
3OYO_A	173	211	4.4
3P5B_L	82	111	4.4
3P5B_L	112	159	4.4
3P5B_L	160	201	4.4
3P5B_L	202	246	4.4
3P5B_L	247	291	4.4
3P5B_L	292	332	4.4
3PDF_A	13	48	4.2
3PDF_A	49	66	4.2
3PDF_A	67	99	4.2
3PDF_A	100	117	4.2
3PE7_A	33	80	4.4
3PE7_A	81	121	4.4
3PE7_A	122	188	4.4
3PE7_A	189	235	4.4
3PE7_A	236	284	4.4
3PE7_A	285	353	4.4
3PE7_A	354	381	4.4
3PQS_A	135	193	4.2
3PQS_A	194	223	4.2
3PQS_A	224	255	4.2
3PQS_A	256	282	4.2
3PQS_A	385	426	4.2
3PQS_A	427	451	4.2
3PQS_A	452	493	4.2
3PQS_A	494	521	4.2
3PUD_A	4	36	4.1
3PUD_A	37	70	4.1
3PUD_A	71	98	4.1
3PUD_A	99	127	4.1
3PUD_A	128	153	4.1
3PUD_A	154	179	4.1
3PUD_A	180	200	4.1
3PUD_A	201	223	4.1
3PUG_A	13	44	4.1
3PUG_A	45	79	4.1
3PUG_A	80	117	4.1
3PUG_A	118	151	4.1
3PUG_A	152	182	4.1
3PUG_A	183	225	4.1
3PUG_A	226	254	4.1
3PUG_A	255	270	4.1
3PZT_A	55	84	4.1
3PZT_A	85	119	4.1
3PZT_A	120	156	4.1
3PZT_A	157	194	4.1
3PZT_A	195	218	4.1
3PZT_A	219	247	4.1
3PZT_A	248	282	4.1
3PZT_A	283	326	4.1
3Q34_A	6	42	4.2
3Q34_A	43	95	4.2
3Q34_A	96	126	4.2
3Q34_A	127	177	4.2
3Q45_A	134	157	4.1
3Q45_A	158	185	4.1
3Q45_A	186	214	4.1
3Q45_A	215	237	4.1
3Q45_A	238	260	4.1
3Q45_A	261	288	4.1
3Q45_A	289	313	4.1
3Q45_A	314	327	4.1
3Q6K_A	30	83	4.4
3Q6K_A	84	142	4.4
3Q6K_A	143	220	4.4
3Q6K_A	221	274	4.4
3Q6K_A	275	319	4.4
3Q6K_A	320	365	4.4
3Q6L_A	59	76	4.2
3Q6L_A	89	106	4.2
3Q6L_A	107	129	4.2
3Q6L_A	130	150	4.2
3QC3_A	5	25	4.1
3QC3_A	28	50	4.1
3QC3_A	51	82	4.1
3QC3_A	83	99	4.1
3QC3_A	100	124	4.1
3QC3_A	125	152	4.1
3QC3_A	153	185	4.1
3QC3_A	186	206	4.1
3QC3_A	207	224	4.1
3QED_A	14	72	4.4
3QED_A	73	132	4.4
3QED_A	133	188	4.4
3QED_A	189	239	4.4
3QED_A	240	294	4.4
3QHY_B	12	50	4.4
3QHY_B	51	89	4.4
3QHY_B	90	128	4.4
3QHY_B	129	167	4.4
3QHY_B	168	206	4.4
3QHY_B	207	242	4.4
3QHY_B	243	271	4.4
3QLB_A	212	237	4.2
3QLB_A	238	275	4.2
3QLB_A	276	341	4.2
3QLB_A	342	399	4.2
3QLB_A	400	474	4.2
3QLB_A	475	518	4.2
3QLB_A	519	562	4.2
3QLB_A	563	610	4.2
3QLB_A	611	657	4.2
3QLB_A	658	699	4.2
3QLB_A	708	747	4.2
3QLD_A	140	166	4.1
3QLD_A	167	190	4.1
3QLD_A	191	219	4.1
3QLD_A	220	241	4.1
3QLD_A	242	263	4.1
3QLD_A	264	291	4.1
3QLD_A	293	320	4.1
3QLL_A	67	92	4.1
3QLL_A	103	130	4.1
3QLL_A	131	150	4.1
3QLL_A	158	181	4.1
3QLL_A	182	223	4.1
3QLL_A	224	251	4.1
3QLL_A	252	271	4.1
3QRA_A	5	39	4.2
3QRA_A	40	83	4.2
3QRA_A	84	127	4.2
3QRA_A	128	157	4.2
3QYQ_A	29	57	4.1
3QYQ_A	58	81	4.1
3QYQ_A	82	114	4.1
3QYQ_A	115	153	4.1
3QYQ_A	154	213	4.1
3QYQ_A	233	258	4.1
3QYQ_A	272	289	4.1
3QZ4_A	10	68	4.4
3QZ4_A	69	130	4.4
3QZ4_A	131	184	4.4
3QZ4_A	185	245	4.4
3QZ4_A	246	311	4.4
3QZE_A	28	59	4.1
3QZE_A	60	92	4.1
3QZE_A	93	120	4.1
3QZE_A	121	150	4.1
3QZE_A	151	178	4.1
3QZE_A	179	201	4.1
3QZE_A	202	224	4.1
3QZE_A	225	261	4.1
3QZE_A	281	310	4.1
3R0K_A	136	157	4.1
3R0K_A	158	185	4.1
3R0K_A	186	213	4.1
3R0K_A	214	240	4.1
3R0K_A	241	262	4.1
3R0K_A	263	291	4.1
3R0K_A	292	319	4.1
3R12_A	47	73	4.1
3R12_A	74	95	4.1
3R12_A	96	125	4.1
3R12_A	126	159	4.1
3R12_A	160	187	4.1
3R12_A	188	216	4.1
3R12_A	218	240	4.1
3R12_A	241	259	4.1
3R25_A	10	53	4.1
3R25_A	54	81	4.1
3R25_A	93	109	4.1
3R25_A	125	150	4.1
3R25_A	166	203	4.1
3R25_A	204	233	4.1
3R25_A	234	275	4.1
3R25_A	276	304	4.1
3R25_A	305	334	4.1
3R25_A	335	360	4.1
3R67_A	51	116	4.4
3R67_A	117	176	4.4
3R67_A	177	245	4.4
3R67_A	246	320	4.4
3R79_B	5	40	4.1
3R79_B	41	59	4.1
3R79_B	60	86	4.1
3R79_B	87	105	4.1
3R79_B	106	141	4.1
3R79_B	142	173	4.1
3R79_B	174	199	4.1
3R79_B	200	214	4.1
3R89_A	20	61	4.1
3R89_A	62	94	4.1
3R89_A	95	123	4.1
3R89_A	124	148	4.1
3R89_A	149	195	4.1
3R89_A	196	219	4.1
3R89_A	221	246	4.1
3R89_A	247	289	4.1
3R8R_A	9	38	4.1
3R8R_A	39	61	4.1
3R8R_A	62	86	4.1
3R8R_A	87	111	4.1
3R8R_A	112	140	4.1
3R8R_A	141	167	4.1
3R8R_A	168	195	4.1
3R8R_A	196	210	4.1
3RBY_A	4	32	4.2
3RBY_A	33	61	4.2
3RBY_A	62	95	4.2
3RBY_A	96	123	4.2
3RCM_A	2	31	4.1
3RCM_A	32	60	4.1
3RCM_A	61	91	4.1
3RCM_A	92	128	4.1
3RCM_A	129	153	4.1
3RCM_A	154	174	4.1
3RCM_A	175	201	4.1
3RCM_A	202	244	4.1
3RDM_A	38	66	4.2
3RDM_A	67	100	4.2
3RDM_A	101	128	4.2
3RFZ_B	139	174	4.2
3RFZ_B	175	213	4.2
3RFZ_B	214	327	4.2
3RFZ_B	328	362	4.2
3RFZ_B	363	389	4.2
3RFZ_B	390	426	4.2
3RFZ_B	427	466	4.2
3RFZ_B	496	527	4.2
3RFZ_B	528	571	4.2
3RFZ_B	572	601	4.2
3RFZ_B	602	632	4.2
3RFZ_B	633	659	4.2
3RG6_A	166	195	4.1
3RG6_A	196	233	4.1
3RG6_A	234	260	4.1
3RG6_A	261	286	4.1
3RG6_A	287	321	4.1
3RG6_A	322	371	4.1
3RG6_A	372	395	4.1
3RG6_A	396	433	4.1
3RIT_A	133	157	4.1
3RIT_A	158	185	4.1
3RIT_A	186	214	4.1
3RIT_A	215	237	4.1
3RIT_A	238	261	4.1
3RIT_A	262	288	4.1
3RIT_A	289	314	4.1
3RSW_A	64	81	4.2
3RSW_A	116	135	4.2
3RSW_A	136	155	4.2
3RU6_A	25	51	4.1
3RU6_A	52	77	4.1
3RU6_A	78	104	4.1
3RU6_A	105	132	4.1
3RU6_A	133	172	4.1
3RU6_A	173	193	4.1
3RU6_A	194	224	4.1
3RU6_A	225	251	4.1
3S0C_A	9	36	4.1
3S0C_A	37	64	4.1
3S0C_A	65	92	4.1
3S0C_A	93	113	4.1
3S0C_A	114	142	4.1
3S0C_A	143	169	4.1
3S0C_A	170	197	4.1
3S0C_A	198	216	4.1
3S18_A	6	65	4.4
3S18_A	66	121	4.4
3S18_A	122	174	4.4
3S18_A	175	227	4.4
3S25_A	20	55	4.4
3S25_A	56	105	4.4
3S25_A	106	148	4.4
3S25_A	149	186	4.4
3S25_A	187	222	4.4
3S25_A	223	264	4.4
3S25_A	265	301	4.4
3S2K_B	34	76	4.4
3S2K_B	77	119	4.4
3S2K_B	120	161	4.4
3S2K_B	162	205	4.4
3S2K_B	206	245	4.4
3S2K_B	293	335	4.4
3S2K_B	336	378	4.4
3S2K_B	387	429	4.4
3S2K_B	430	472	4.4
3S2K_B	473	516	4.4
3S2K_B	517	557	4.4
3S2K_B	589	612	4.4
3S5S_A	137	161	4.1
3S5S_A	162	189	4.1
3S5S_A	190	216	4.1
3S5S_A	217	243	4.1
3S5S_A	244	266	4.1
3S5S_A	267	292	4.1
3S5S_A	293	318	4.1
3S5S_A	319	330	4.1
3S8V_A	41	83	4.4
3S8V_A	84	126	4.4
3S8V_A	127	168	4.4
3S8V_A	169	211	4.4
3S8V_A	212	252	4.4
3S8V_A	313	343	4.4
3S8V_A	344	385	4.4
3S8V_A	395	436	4.4
3S8V_A	437	479	4.4
3S8V_A	480	523	4.4
3S8V_A	524	564	4.4
3S8V_A	595	619	4.4
3S94_A	40	83	4.4
3S94_A	84	126	4.4
3S94_A	127	171	4.4
3S94_A	172	206	4.4
3S94_A	216	255	4.4
3S94_A	303	346	4.4
3S94_A	347	392	4.4
3S94_A	393	434	4.4
3S94_A	435	479	4.4
3S94_A	480	520	4.4
3S94_A	521	563	4.4
3S9J_A	22	71	4.4
3S9J_A	72	120	4.4
3S9J_A	121	192	4.4
3S9J_A	193	238	4.4
3S9J_A	239	321	4.4
3S9J_A	322	365	4.4
3SCY_A	17	51	4.4
3SCY_A	52	101	4.4
3SCY_A	102	156	4.4
3SCY_A	157	212	4.4
3SCY_A	213	260	4.4
3SCY_A	261	307	4.4
3SCY_A	308	351	4.4
3SN6_B	66	109	4.4
3SN6_B	110	153	4.4
3SN6_B	154	194	4.4
3SN6_B	195	238	4.4
3SN6_B	239	279	4.4
3SN6_B	280	324	4.4
3SN6_B	325	351	4.4
3SYS_B	9	53	4.2
3SYS_B	54	105	4.2
3SYS_B	106	145	4.2
3SYS_B	146	192	4.2
3SYS_B	193	221	4.2
3SYS_B	222	259	4.2
3SYS_B	260	318	4.2
3SYS_B	319	359	4.2
3SYS_B	360	390	4.2
3SZH_A	11	28	4.2
3SZH_A	29	58	4.2
3SZH_A	59	88	4.2
3SZH_A	90	119	4.2
3T0S_A	6	47	4.2
3T0S_A	74	103	4.2
3T0S_A	104	138	4.2
3T0S_A	139	190	4.2
3T0S_A	191	217	4.2
3T0S_A	218	258	4.2
3T0S_A	259	315	4.2
3T0S_A	316	359	4.2
3T0S_A	360	391	4.2
3T24_A	17	62	4.2
3T24_A	93	113	4.2
3T24_A	150	203	4.2
3T24_A	204	235	4.2
3T24_A	236	268	4.2
3T24_A	269	327	4.2
3T24_A	328	370	4.2
3T24_A	371	396	4.2
3TC9_A	141	180	4.4
3TC9_A	181	227	4.4
3TC9_A	228	271	4.4
3TC9_A	272	314	4.4
3TC9_A	334	398	4.4
3TC9_A	399	429	4.4
3TFX_A	7	31	4.1
3TFX_A	32	57	4.1
3TFX_A	58	84	4.1
3TFX_A	85	115	4.1
3TFX_A	116	156	4.1
3TFX_A	157	176	4.1
3TFX_A	177	194	4.1
3TFX_A	211	237	4.1
3TH6_A	3	35	4.1
3TH6_A	36	58	4.1
3TH6_A	59	88	4.1
3TH6_A	89	121	4.1
3TH6_A	122	159	4.1
3TH6_A	160	205	4.1
3TH6_A	206	224	4.1
3TH6_A	225	247	4.1
3THA_A	16	42	4.1
3THA_A	43	87	4.1
3THA_A	88	116	4.1
3THA_A	117	142	4.1
3THA_A	143	167	4.1
3THA_A	168	199	4.1
3THA_A	200	222	4.1
3THA_A	223	250	4.1
3TJI_A	144	171	4.1
3TJI_A	172	223	4.1
3TJI_A	224	251	4.1
3TJI_A	252	275	4.1
3TJI_A	276	298	4.1
3TJI_A	299	325	4.1
3TJI_A	326	355	4.1
3TJI_A	356	369	4.1
3TOY_A	157	185	4.1
3TOY_A	186	214	4.1
3TOY_A	215	242	4.1
3TOY_A	243	266	4.1
3TOY_A	267	289	4.1
3TOY_A	290	318	4.1
3TOY_A	319	339	4.1
3TOY_A	340	350	4.1
3TR2_A	11	35	4.1
3TR2_A	36	61	4.1
3TR2_A	62	88	4.1
3TR2_A	91	117	4.1
3TR2_A	118	159	4.1
3TR2_A	160	179	4.1
3TR2_A	197	211	4.1
3TR2_A	212	236	4.1
3TUU_A	48	80	4.1
3TUU_A	81	114	4.1
3TUU_A	115	142	4.1
3TUU_A	143	171	4.1
3TUU_A	172	197	4.1
3TUU_A	198	219	4.1
3TUU_A	220	239	4.1
3TUU_A	240	281	4.1
3TWA_E	147	174	4.1
3TWA_E	175	243	4.1
3TWA_E	244	271	4.1
3TWA_E	272	295	4.1
3TWA_E	296	318	4.1
3TWA_E	319	345	4.1
3TWA_E	346	375	4.1
3TYU_A	18	55	4.1
3TYU_A	56	94	4.1
3TYU_A	95	115	4.1
3TYU_A	116	138	4.1
3TYU_A	137	184	4.1
3TYU_A	185	214	4.1
3TYU_A	215	255	4.1
3TYU_A	256	277	4.1
3U0K_A	71	100	4.2
3U0K_A	101	139	4.2
3U0K_A	159	185	4.2
3U0K_A	186	248	4.2
3U0K_A	249	275	4.2
3U0S_A	21	85	4.4
3U0S_A	86	132	4.4
3U0S_A	133	187	4.4
3U0S_A	188	240	4.4
3U0S_A	241	282	4.4
3U0S_A	283	309	4.4
3U14_A	46	106	4.4
3U14_A	107	174	4.4
3U14_A	175	226	4.4
3U14_A	227	292	4.4
3U14_A	293	357	4.4
3U4Y_A	9	41	4.4
3U4Y_A	42	83	4.4
3U4Y_A	84	127	4.4
3U4Y_A	128	173	4.4
3U4Y_A	174	222	4.4
3U4Y_A	223	264	4.4
3U4Y_A	265	315	4.4
3UAQ_A	227	264	4.2
3UAQ_A	265	295	4.2
3UAQ_A	296	330	4.2
3UGF_A	29	90	4.4
3UGF_A	91	155	4.4
3UGF_A	156	209	4.4
3UGF_A	210	283	4.4
3UGF_A	284	341	4.4
3UGV_A	29	138	4.1
3UGV_A	163	196	4.1
3UGV_A	197	219	4.1
3UGV_A	220	248	4.1
3UGV_A	249	271	4.1
3UGV_A	272	294	4.1
3UGV_A	295	322	4.1
3UGV_A	323	347	4.1
3UGV_A	348	386	4.1
3UWU_A	17	66	4.1
3UWU_A	67	97	4.1
3UWU_A	98	130	4.1
3UWU_A	131	160	4.1
3UWU_A	161	203	4.1
3UWU_A	218	236	4.1
3UWU_A	237	260	4.1
3UXK_B	28	138	4.1
3UXK_B	160	184	4.1
3UXK_B	185	212	4.1
3UXK_B	213	240	4.1
3UXK_B	263	288	4.1
3UXK_B	289	315	4.1
3UXK_B	316	335	4.1
3V64_C	44	74	4.4
3V64_C	75	117	4.4
3V64_C	118	160	4.4
3V64_C	161	204	4.4
3V64_C	205	247	4.4
3V64_C	248	296	4.4
3V65_B	87	117	4.4
3V65_B	118	160	4.4
3V65_B	161	203	4.4
3V65_B	204	247	4.4
3V65_B	248	290	4.4
3V65_B	291	338	4.4
3V89_A	177	204	4.2
3V89_A	205	314	4.2
3V89_A	315	413	4.2
3V89_A	414	478	4.2
3V89_A	484	584	4.2
3V89_A	585	626	4.2
3V89_A	627	679	4.2
3V89_A	680	737	4.2
3V89_A	746	793	4.2
3V89_A	794	849	4.2
3V89_A	850	904	4.2
3V9F_B	18	64	4.4
3V9F_B	65	116	4.4
3V9F_B	117	164	4.4
3V9F_B	165	204	4.4
3V9F_B	256	314	4.4
3V9F_B	315	342	4.4
3V9F_B	362	398	4.4
3V9F_B	406	449	4.4
3V9F_B	450	496	4.4
3V9F_B	497	537	4.4
3V9F_B	538	584	4.4
3V9F_B	585	627	4.4
3V9F_B	628	660	4.4
3V9F_B	661	735	4.4
3VA6_B	23	64	4.4
3VA6_B	65	103	4.4
3VA6_B	104	146	4.4
3VA6_B	147	192	4.4
3VA6_B	193	234	4.4
3VA6_B	235	280	4.4
3VA6_B	281	324	4.4
3VA6_B	325	373	4.4
3VA6_B	374	421	4.4
3VA6_B	422	472	4.4
3VA6_B	473	519	4.4
3VA6_B	520	559	4.4
3VA6_B	560	598	4.4
3VCR_A	14	40	4.1
3VCR_A	41	62	4.1
3VCR_A	63	86	4.1
3VCR_A	87	111	4.1
3VCR_A	112	134	4.1
3VCR_A	135	160	4.1
3VCR_A	161	182	4.1
3VCR_A	183	212	4.1
3VE1_C	507	545	4.2
3VE1_C	546	571	4.2
3VE1_C	572	612	4.2
3VE1_C	613	625	4.2
3VE7_A	1	24	4.1
3VE7_A	25	50	4.1
3VE7_A	51	76	4.1
3VE7_A	77	99	4.1
3VE7_A	100	129	4.1
3VE7_A	130	151	4.1
3VE7_A	152	173	4.1
3VE7_A	174	206	4.1
3VGZ_A	44	89	4.4
3VGZ_A	90	130	4.4
3VGZ_A	131	184	4.4
3VGZ_A	187	225	4.4
3VGZ_A	226	271	4.4
3VGZ_A	272	313	4.4
3VGZ_A	314	353	4.4
3VI4_A	20	101	4.4
3VI4_A	102	166	4.4
3VI4_A	167	231	4.4
3VI4_A	232	279	4.4
3VI4_A	280	349	4.4
3VI4_A	350	406	4.4
3VI4_A	407	450	4.4
3VK5_A	40	69	4.1
3VK5_A	70	98	4.1
3VK5_A	99	118	4.1
3VK5_A	119	155	4.1
3VK5_A	156	201	4.1
3VK5_A	202	228	4.1
3VK5_A	229	251	4.1
3VK5_A	252	273	4.1
3VL1_A	99	141	4.4
3VL1_A	142	183	4.4
3VL1_A	184	228	4.4
3VL1_A	229	292	4.4
3VL1_A	293	337	4.4
3VL1_A	338	389	4.4
3VL1_A	390	419	4.4
3VND_A	1	18	4.1
3VND_A	19	46	4.1
3VND_A	47	97	4.1
3VND_A	98	125	4.1
3VND_A	126	153	4.1
3VND_A	154	170	4.1
3VND_A	171	208	4.1
3VND_A	209	229	4.1
3VND_A	230	248	4.1
3VND_A	249	267	4.1
3VU4_A	21	57	4.4
3VU4_A	58	101	4.4
3VU4_A	102	136	4.4
3VU4_A	137	170	4.4
3VU4_A	197	235	4.4
3VU4_A	236	306	4.4
3VU4_A	307	352	4.4
3W02_A	14	38	4.1
3W02_A	39	66	4.1
3W02_A	67	82	4.1
3W02_A	83	117	4.1
3W02_A	118	161	4.1
3W02_A	162	187	4.1
3W02_A	188	209	4.1
3W02_A	210	230	4.1
3W15_A	11	64	4.4
3W15_A	65	108	4.4
3W15_A	109	148	4.4
3W15_A	149	224	4.4
3W15_A	225	278	4.4
3W15_A	279	337	4.4
3W15_A	338	367	4.4
3WI5_A	2	52	4.2
3WI5_A	53	85	4.2
3WI5_A	86	137	4.2
3WI5_A	138	168	4.2
3WI5_A	169	205	4.2
3WI5_A	206	242	4.2
3WI5_A	243	280	4.2
3WI5_A	281	312	4.2
3WJ9_A	4	33	4.4
3WJ9_A	34	74	4.4
3WJ9_A	75	124	4.4
3WJ9_A	125	165	4.4
3WJ9_A	166	215	4.4
3WJ9_A	216	248	4.4
3WJ9_A	267	312	4.4
3WJ9_A	313	353	4.4
3WJ9_A	354	398	4.4
3WMY_A	149	204	4.4
3WMY_A	205	254	4.4
3WMY_A	255	310	4.4
3WMY_A	311	367	4.4
3WMY_A	378	436	4.4
3WQC_A	47	71	4.1
3WQC_A	72	113	4.1
3WQC_A	114	139	4.1
3WQC_A	140	174	4.1
3WQC_A	175	221	4.1
3WQC_A	222	241	4.1
3WQC_A	242	259	4.1
3WSU_A	55	81	4.1
3WSU_A	82	114	4.1
3WSU_A	115	159	4.1
3WSU_A	160	189	4.1
3WSU_A	190	223	4.1
3WSU_A	224	251	4.1
3WSU_A	252	282	4.1
3WSU_A	283	327	4.1
3WSX_A	72	133	4.4
3WSX_A	134	174	4.4
3WSX_A	175	219	4.4
3WSX_A	220	266	4.4
3WSX_A	267	318	4.4
3WSX_A	319	363	4.4
3WSX_A	364	425	4.4
3WSX_A	458	508	4.4
3WSX_A	509	548	4.4
3WSX_A	549	589	4.4
3WWA_A	17	59	4.4
3WWA_A	18	45	4.4
3WWA_A	18	58	4.4
3WWA_A	19	59	4.4
3WWA_A	19	60	4.4
3WWA_A	19	60	4.4
3WZQ_A	27	53	4.2
3WZQ_A	54	87	4.2
3WZQ_A	88	117	4.2
3ZWL_B	34	76	4.4
3ZWL_B	77	114	4.4
3ZWL_B	115	176	4.4
3ZWL_B	177	219	4.4
3ZWL_B	220	258	4.4
3ZWL_B	259	314	4.4
3ZWL_B	315	344	4.4
3ZXJ_A	16	81	4.4
3ZXJ_A	82	140	4.4
3ZXJ_A	141	190	4.4
3ZXJ_A	191	238	4.4
3ZXJ_A	239	293	4.4
4A0P_A	36	78	4.4
4A0P_A	79	121	4.4
4A0P_A	122	163	4.4
4A0P_A	164	206	4.4
4A0P_A	207	247	4.4
4A0P_A	294	336	4.4
4A0P_A	337	379	4.4
4A0P_A	388	431	4.4
4A0P_A	432	474	4.4
4A0P_A	475	518	4.4
4A0P_A	519	559	4.4
4A0P_A	591	614	4.4
4A0T_A	56	109	4.2
4A0T_A	110	159	4.2
4A0T_A	160	228	4.2
4A2M_A	44	87	4.4
4A2M_A	88	130	4.4
4A2M_A	131	173	4.4
4A2M_A	174	209	4.4
4A2M_A	215	262	4.4
4A2M_A	263	309	4.4
4A2M_A	310	339	4.4
4A2M_A	358	395	4.4
4A2M_A	407	451	4.4
4A2M_A	452	497	4.4
4A2M_A	498	542	4.4
4A2M_A	543	585	4.4
4A2M_A	586	628	4.4
4A2M_A	629	659	4.4
4A2M_A	670	751	4.4
4A5S_B	18	63	4.4
4A5S_B	64	111	4.4
4A5S_B	112	154	4.4
4A5S_B	155	250	4.4
4A5S_B	251	306	4.4
4A5S_B	307	360	4.4
4A5S_B	361	410	4.4
4A5S_B	411	457	4.4
4AAJ_A	22	41	4.1
4AAJ_A	42	70	4.1
4AAJ_A	71	93	4.1
4AAJ_A	94	116	4.1
4AAJ_A	117	147	4.1
4AAJ_A	162	175	4.1
4AAJ_A	176	196	4.1
4AAJ_A	197	226	4.1
4AEZ_A	88	136	4.4
4AEZ_A	137	175	4.4
4AEZ_A	176	219	4.4
4AEZ_A	220	258	4.4
4AEZ_A	259	305	4.4
4AEZ_A	306	351	4.4
4AEZ_A	352	379	4.4
4AGI_A	11	57	4.4
4AGI_A	58	107	4.4
4AGI_A	108	156	4.4
4AGI_A	157	210	4.4
4AGI_A	211	261	4.4
4AGI_A	262	314	4.4
4AIP_A	185	211	4.2
4AIP_A	212	263	4.2
4AIP_A	264	375	4.2
4AIP_A	376	454	4.2
4AIP_A	455	494	4.2
4AIP_A	495	547	4.2
4AIP_A	548	599	4.2
4AIP_A	600	647	4.2
4AIP_A	648	701	4.2
4AIP_A	702	742	4.2
4AOW_A	38	85	4.4
4AOW_A	86	129	4.4
4AOW_A	130	172	4.4
4AOW_A	173	214	4.4
4AOW_A	215	255	4.4
4AOW_A	256	296	4.4
4AOW_A	308	337	4.4
4ASC_A	4	32	4.4
4ASC_A	33	87	4.4
4ASC_A	88	137	4.4
4ASC_A	138	185	4.4
4ASC_A	186	232	4.4
4ASC_A	233	289	4.4
4AV8_A	16	52	4.4
4AV8_A	53	96	4.4
4AV8_A	97	133	4.4
4AV8_A	134	180	4.4
4AV8_A	181	219	4.4
4AV8_A	220	291	4.4
4AV8_A	292	336	4.4
4AXK_B	3	45	4.1
4AXK_B	46	74	4.1
4AXK_B	75	97	4.1
4AXK_B	98	123	4.1
4AXK_B	124	162	4.1
4AXK_B	163	192	4.1
4AXK_B	193	217	4.1
4AXK_B	218	250	4.1
4AYD_C	143	169	4.2
4AYD_C	170	199	4.2
4AYD_C	200	227	4.2
4AYD_C	228	251	4.2
4AYN_A	167	189	4.2
4AYN_A	190	219	4.2
4AYN_A	220	247	4.2
4AZM_A	11	59	4.4
4AZM_A	73	93	4.4
4AZM_A	94	133	4.4
4BHY_A	31	53	4.1
4BHY_A	54	78	4.1
4BHY_A	79	98	4.1
4BHY_A	99	119	4.1
4BHY_A	120	141	4.1
4BHY_A	156	177	4.1
4BHY_A	194	203	4.1
4BJ8_A	16	41	4.2
4BJ8_A	42	72	4.2
4BJ8_A	73	102	4.2
4BK9_B	20	46	4.1
4BK9_B	47	70	4.1
4BK9_B	71	93	4.1
4BK9_B	94	112	4.1
4BK9_B	113	133	4.1
4BK9_B	134	159	4.1
4BK9_B	160	183	4.1
4BK9_B	184	212	4.1
4BP8_A	91	147	4.4
4BP8_A	148	194	4.4
4BP8_A	195	239	4.4
4BP8_A	240	290	4.4
4BP8_A	291	336	4.4
4BP8_A	337	386	4.4
4BP8_A	387	438	4.4
4BUM_X	26	53	4.2
4BUM_X	54	80	4.2
4BUM_X	81	109	4.2
4BUM_X	110	136	4.2
4BUM_X	137	162	4.2
4BUM_X	163	188	4.2
4BUM_X	189	215	4.2
4BUM_X	216	240	4.2
4BUM_X	241	283	4.2
4BX5_A	13	36	4.2
4BX5_A	51	84	4.2
4BX5_A	85	114	4.2
4C5Y_A	65	108	4.1
4C5Y_A	109	134	4.1
4C5Y_A	135	202	4.1
4C5Y_A	205	241	4.1
4C5Y_A	242	261	4.1
4C5Y_A	262	282	4.1
4C5Y_A	283	330	4.1
4C5Y_A	331	354	4.1
4CH9_A	6	40	4.4
4CH9_A	41	86	4.4
4CH9_A	87	133	4.4
4CH9_A	134	182	4.4
4CH9_A	183	229	4.4
4CH9_A	230	277	4.4
4CSD_A	5	45	4.4
4CSD_A	46	84	4.4
4CSD_A	46	89	4.4
4CSD_A	46	89	4.4
4CSD_A	90	136	4.4
4CSD_A	95	136	4.4
4CV7_A	4	27	4.2
4CV7_A	28	63	4.2
4CV7_A	64	84	4.2
4CV7_A	85	109	4.2
4CVB_A	73	124	4.4
4CVB_A	125	170	4.4
4CVB_A	171	237	4.4
4CVB_A	238	304	4.4
4CVB_A	305	407	4.4
4CVB_A	408	481	4.4
4CVB_A	482	522	4.4
4CVB_A	523	570	4.4
4CY1_A	25	65	4.4
4CY1_A	66	107	4.4
4CY1_A	108	149	4.4
4CY1_A	150	192	4.4
4CY1_A	194	235	4.4
4CY1_A	236	279	4.4
4CY1_A	280	312	4.4
4CZY_A	32	76	4.4
4CZY_A	77	113	4.4
4CZY_A	114	155	4.4
4CZY_A	156	193	4.4
4CZY_A	194	247	4.4
4CZY_A	248	289	4.4
4CZY_A	290	324	4.4
4D0K_A	30	74	4.4
4D0K_A	75	111	4.4
4D0K_A	112	153	4.4
4D0K_A	154	191	4.4
4D0K_A	192	245	4.4
4D0K_A	246	287	4.4
4D0K_A	288	316	4.4
4D2J_A	30	73	4.1
4D2J_A	74	103	4.1
4D2J_A	104	144	4.1
4D2J_A	145	185	4.1
4D2J_A	186	224	4.1
4D2J_A	225	268	4.1
4D2J_A	269	297	4.1
4D2J_A	298	341	4.1
4D4O_A	3	38	4.4
4D4O_A	39	89	4.4
4D4O_A	90	129	4.4
4D4O_A	130	181	4.4
4D4O_A	182	222	4.4
4D4O_A	223	262	4.4
4D4O_A	263	318	4.4
4D5B_A	40	75	4.2
4D5B_A	76	118	4.2
4D5B_A	119	161	4.2
4D5B_A	162	203	4.2
4D5B_A	204	248	4.2
4D5B_A	249	293	4.2
4D5B_A	294	338	4.2
4D6V_A	18	65	4.4
4D6V_A	66	107	4.4
4D6V_A	108	150	4.4
4D6V_A	151	194	4.4
4D6V_A	195	235	4.4
4D6V_A	236	285	4.4
4D6V_A	286	314	4.4
4DBD_A	5	26	4.1
4DBD_A	27	53	4.1
4DBD_A	54	79	4.1
4DBD_A	80	106	4.1
4DBD_A	107	136	4.1
4DBD_A	137	164	4.1
4DBD_A	165	181	4.1
4DBD_A	182	211	4.1
4DF0_A	4	27	4.1
4DF0_A	28	54	4.1
4DF0_A	55	80	4.1
4DF0_A	81	95	4.1
4DF0_A	96	123	4.1
4DF0_A	124	149	4.1
4DF0_A	150	172	4.1
4DF0_A	173	195	4.1
4DG6_A	31	73	4.4
4DG6_A	74	117	4.4
4DG6_A	118	161	4.4
4DG6_A	162	205	4.4
4DG6_A	206	245	4.4
4DG6_A	295	337	4.4
4DG6_A	338	381	4.4
4DG6_A	382	426	4.4
4DG6_A	427	468	4.4
4DG6_A	469	511	4.4
4DG6_A	512	553	4.4
4DKM_A	4	29	4.2
4DKM_A	30	92	4.2
4DKM_A	93	119	4.2
4DKM_A	147	176	4.2
4DKM_A	187	213	4.2
4DKN_A	10	35	4.2
4DKN_A	36	97	4.2
4DKN_A	98	125	4.2
4DKN_A	152	182	4.2
4DKN_A	194	219	4.2
4DN1_A	172	201	4.1
4DN1_A	202	229	4.1
4DN1_A	230	258	4.1
4DN1_A	259	281	4.1
4DN1_A	282	304	4.1
4DN1_A	305	330	4.1
4DN1_A	330	359	4.1
4DNE_A	49	75	4.2
4DNE_A	76	109	4.2
4DNE_A	110	146	4.2
4E1T_A	4	32	4.2
4E1T_A	33	62	4.2
4E1T_A	63	94	4.2
4E1T_A	95	134	4.2
4E1T_A	135	176	4.2
4E1T_A	177	205	4.2
4E38_A	35	60	4.1
4E38_A	61	86	4.1
4E38_A	87	107	4.1
4E38_A	108	128	4.1
4E38_A	129	149	4.1
4E38_A	150	175	4.1
4E38_A	176	198	4.1
4E38_A	199	231	4.1
4E4U_A	125	161	4.1
4E4U_A	162	202	4.1
4E4U_A	203	230	4.1
4E4U_A	231	254	4.1
4E4U_A	255	277	4.1
4E4U_A	278	304	4.1
4E4U_A	305	332	4.1
4E5Z_B	118	160	4.4
4E5Z_B	161	204	4.4
4E5Z_B	205	248	4.4
4E5Z_B	249	295	4.4
4E5Z_B	296	337	4.4
4E5Z_B	338	398	4.4
4E5Z_B	399	429	4.4
4EDO_A	21	47	4.2
4EDO_A	48	109	4.2
4EDO_A	110	138	4.2
4EDO_A	164	193	4.2
4EDO_A	204	232	4.2
4EIV_A	28	54	4.1
4EIV_A	83	113	4.1
4EIV_A	114	148	4.1
4EIV_A	149	178	4.1
4EIV_A	179	210	4.1
4EIV_A	229	257	4.1
4EIV_A	271	288	4.1
4EPA_A	144	169	4.2
4EPA_A	170	215	4.2
4EPA_A	216	274	4.2
4EPA_A	275	321	4.2
4EPA_A	322	372	4.2
4EPA_A	373	425	4.2
4EPA_A	426	471	4.2
4EPA_A	472	521	4.2
4EPA_A	522	566	4.2
4EPA_A	567	608	4.2
4EPA_A	609	652	4.2
4FB7_A	24	40	4.1
4FB7_A	73	88	4.1
4FB7_A	89	117	4.1
4FB7_A	118	165	4.1
4FB7_A	187	217	4.1
4FB7_A	240	265	4.1
4FC9_B	31	43	4.1
4FC9_B	57	88	4.1
4FC9_B	89	99	4.1
4FC9_B	115	129	4.1
4FC9_B	156	170	4.1
4FC9_B	171	179	4.1
4FHL_A	13	68	4.4
4FHL_A	69	130	4.4
4FHL_A	131	185	4.4
4FHL_A	186	241	4.4
4FHL_A	254	288	4.4
4FHL_A	314	358	4.4
4FHL_A	359	388	4.4
4FHN_B	61	111	4.4
4FHN_B	112	174	4.4
4FHN_B	175	213	4.4
4FHN_B	239	280	4.4
4FHN_B	281	346	4.4
4FHN_B	347	398	4.4
4FTD_A	14	80	4.4
4FTD_A	81	129	4.4
4FTD_A	130	187	4.4
4FTD_A	188	243	4.4
4FTD_A	244	298	4.4
4FTD_A	300	336	4.4
4FTD_A	337	404	4.4
4FTD_A	405	448	4.4
4G55_A	26	71	4.4
4G55_A	72	111	4.4
4G55_A	112	155	4.4
4G55_A	156	199	4.4
4G55_A	200	264	4.4
4G55_A	265	306	4.4
4G55_A	307	334	4.4
4G56_B	42	96	4.4
4G56_B	97	138	4.4
4G56_B	139	182	4.4
4G56_B	183	225	4.4
4G56_B	226	268	4.4
4G56_B	269	312	4.4
4G56_B	313	342	4.4
4G8T_A	167	221	4.1
4G8T_A	222	249	4.1
4G8T_A	250	276	4.1
4G8T_A	277	303	4.1
4G8T_A	304	326	4.1
4G8T_A	327	354	4.1
4G8T_A	355	382	4.1
4GD9_A	6	38	4.2
4GD9_A	39	68	4.2
4GD9_A	69	108	4.2
4GD9_A	109	131	4.2
4GDA_A	1	36	4.2
4GDA_A	37	66	4.2
4GDA_A	67	106	4.2
4GDA_A	107	129	4.2
4GEY_A	42	84	4.2
4GEY_A	85	142	4.2
4GEY_A	143	201	4.2
4GEY_A	202	245	4.2
4GEY_A	246	303	4.2
4GEY_A	304	341	4.2
4GEY_A	342	401	4.2
4GEY_A	402	436	4.2
4GEZ_F	42	104	4.4
4GEZ_F	105	149	4.4
4GEZ_F	150	197	4.4
4GEZ_F	198	270	4.4
4GEZ_F	271	321	4.4
4GEZ_F	322	370	4.4
4GFI_A	126	146	4.1
4GFI_A	147	172	4.1
4GFI_A	173	198	4.1
4GFI_A	199	218	4.1
4GFI_A	219	241	4.1
4GFI_A	242	270	4.1
4GFI_A	271	293	4.1
4GGR_A	11	31	4.2
4GGR_A	32	60	4.2
4GGR_A	61	84	4.2
4GGR_A	85	115	4.2
4GN7_A	13	54	4.4
4GN7_A	55	93	4.4
4GN7_A	94	150	4.4
4GN7_A	151	196	4.4
4GN7_A	197	240	4.4
4GN7_A	241	287	4.4
4GNB_A	14	54	4.4
4GNB_A	55	97	4.4
4GNB_A	98	150	4.4
4GNB_A	151	201	4.4
4GNB_A	202	241	4.4
4GNJ_A	28	56	4.1
4GNJ_A	57	110	4.1
4GNJ_A	111	141	4.1
4GNJ_A	142	181	4.1
4GNJ_A	182	226	4.1
4GNJ_A	227	250	4.1
4GNJ_A	251	269	4.1
4GRS_A	1	40	4.1
4GRS_A	96	160	4.1
4GRS_A	161	180	4.1
4GRS_A	201	229	4.1
4GRS_A	230	264	4.1
4GRS_A	265	294	4.1
4GRS_A	295	330	4.1
4H1Z_A	27	114	4.1
4H1Z_A	115	156	4.1
4H1Z_A	184	205	4.1
4H1Z_A	206	228	4.1
4H1Z_A	229	260	4.1
4H1Z_A	279	332	4.1
4H1Z_A	333	363	4.1
4H1Z_A	364	380	4.1
4H2H_A	11	119	4.1
4H2H_A	143	160	4.1
4H2H_A	161	191	4.1
4H2H_A	192	222	4.1
4H2H_A	223	243	4.1
4H2H_A	244	267	4.1
4H2H_A	268	295	4.1
4H2H_A	296	324	4.1
4H41_A	35	67	4.1
4H41_A	68	109	4.1
4H41_A	110	155	4.1
4H41_A	156	190	4.1
4H41_A	191	236	4.1
4H41_A	237	267	4.1
4H41_A	269	303	4.1
4H41_A	318	337	4.1
4H5I_A	16	70	4.4
4H5I_A	71	124	4.4
4H5I_A	135	175	4.4
4H5I_A	176	217	4.4
4H5I_A	218	266	4.4
4H5I_A	267	310	4.4
4H5I_A	311	341	4.4
4H69_A	17	69	4.2
4H69_A	70	104	4.2
4H69_A	105	132	4.2
4H69_A	133	155	4.2
4H6B_A	18	68	4.2
4H6B_A	69	102	4.2
4H6B_A	103	129	4.2
4H6B_A	130	155	4.2
4HDJ_A	48	82	4.4
4HDJ_A	83	127	4.4
4HDJ_A	128	165	4.4
4HDJ_A	166	222	4.4
4HDJ_A	223	259	4.4
4HDJ_A	260	302	4.4
4HDJ_A	303	343	4.4
4HDJ_A	344	367	4.4
4HE4_A	12	38	4.2
4HE4_A	39	100	4.2
4HE4_A	101	128	4.2
4HE4_A	156	188	4.2
4HE4_A	198	227	4.2
4HVF_A	14	39	4.2
4HVF_A	40	102	4.2
4HVF_A	103	130	4.2
4HVF_A	158	187	4.2
4HVF_A	199	224	4.2
4HVT_A	129	184	4.4
4HVT_A	185	241	4.4
4HVT_A	242	285	4.4
4HVT_A	286	347	4.4
4HVT_A	348	396	4.4
4HVT_A	397	442	4.4
4HW6_A	140	183	4.4
4HW6_A	184	227	4.4
4HW6_A	228	274	4.4
4HW6_A	275	334	4.4
4HW6_A	335	401	4.4
4HW6_A	402	432	4.4
4HWM_A	23	47	4.2
4HWM_A	48	71	4.2
4HWM_A	72	90	4.2
4HWM_A	91	103	4.2
4HXE_B	15	59	4.4
4HXE_B	60	102	4.4
4HXE_B	103	169	4.4
4HXE_B	170	215	4.4
4HXE_B	216	259	4.4
4HXE_B	260	298	4.4
4HXE_B	299	336	4.4
4I6K_A	27	68	4.1
4I6K_A	69	95	4.1
4I6K_A	96	120	4.1
4I6K_A	121	151	4.1
4I6K_A	152	175	4.1
4I6K_A	176	203	4.1
4I6K_A	204	245	4.1
4I6K_A	246	273	4.1
4I79_A	28	95	4.4
4I79_A	96	141	4.4
4I79_A	151	190	4.4
4I79_A	191	236	4.4
4I79_A	237	279	4.4
4I79_A	280	312	4.4
4I79_A	371	399	4.4
4I7U_B	18	52	4.1
4I7U_B	53	87	4.1
4I7U_B	88	112	4.1
4I7U_B	113	143	4.1
4I7U_B	144	171	4.1
4I7U_B	172	196	4.1
4I7U_B	197	215	4.1
4I7U_B	216	239	4.1
4ICM_B	5	70	4.1
4ICM_B	71	110	4.1
4ICM_B	111	139	4.1
4ICM_B	140	170	4.1
4ICM_B	171	222	4.1
4ICM_B	223	266	4.1
4ICM_B	267	291	4.1
4ICM_B	292	312	4.1
4IPI_A	25	51	4.1
4IPI_A	52	105	4.1
4IPI_A	154	177	4.1
4IPI_A	178	208	4.1
4IPI_A	234	275	4.1
4IPI_A	276	298	4.1
4IRT_A	28	75	4.4
4IRT_A	80	123	4.4
4IRT_A	124	177	4.4
4IRT_A	178	254	4.4
4IRT_A	257	317	4.4
4IRT_A	318	380	4.4
4IRT_A	381	408	4.4
4IXQ_O	62	115	4.2
4IXQ_O	116	160	4.2
4IXQ_O	161	232	4.2
4J0W_A	14	68	4.4
4J0W_A	69	108	4.4
4J0W_A	109	152	4.4
4J0W_A	153	190	4.4
4J0W_A	191	234	4.4
4J0W_A	235	289	4.4
4J0W_A	290	332	4.4
4J0X_A	62	116	4.4
4J0X_A	117	160	4.4
4J0X_A	161	204	4.4
4J0X_A	205	258	4.4
4J0X_A	280	326	4.4
4J0X_A	355	397	4.4
4J0X_A	398	448	4.4
4J87_A	11	52	4.4
4J87_A	53	93	4.4
4J87_A	94	136	4.4
4J87_A	137	211	4.4
4J87_A	212	255	4.4
4J87_A	256	299	4.4
4J87_A	300	327	4.4
4J9J_A	28	69	4.1
4J9J_A	85	99	4.1
4J9J_A	124	147	4.1
4J9J_A	148	189	4.1
4JEO_A	14	39	4.2
4JEO_A	40	103	4.2
4JEO_A	104	130	4.2
4JEO_A	158	187	4.2
4JEO_A	199	224	4.2
4JHM_G	133	161	4.1
4JHM_G	162	191	4.1
4JHM_G	192	219	4.1
4JHM_G	220	241	4.1
4JHM_G	242	267	4.1
4JHM_G	268	295	4.1
4JHM_G	296	322	4.1
4JXM_A	50	102	4.4
4JXM_A	103	144	4.4
4JXM_A	145	186	4.4
4JXM_A	187	227	4.4
4JXM_A	228	280	4.4
4JXM_A	281	322	4.4
4JXM_A	323	366	4.4
4KR0_A	26	61	4.4
4KR0_A	62	116	4.4
4KR0_A	117	155	4.4
4KR0_A	156	254	4.4
4KR0_A	265	314	4.4
4KR0_A	315	366	4.4
4KR0_A	367	415	4.4
4KR0_A	416	462	4.4
4KR0_A	475	544	4.4
4LGO_A	77	88	4.2
4LGO_A	89	101	4.2
4LRT_A	14	49	4.1
4LRT_A	50	87	4.1
4LRT_A	88	112	4.1
4LRT_A	113	138	4.1
4LRT_A	139	168	4.1
4LRT_A	169	199	4.1
4LRT_A	200	225	4.1
4LRT_A	226	253	4.1
4LUI_A	24	54	4.1
4LUI_A	55	74	4.1
4LUI_A	75	100	4.1
4LUI_A	101	131	4.1
4LUI_A	145	158	4.1
4LUI_A	159	186	4.1
4LUI_A	210	229	4.1
4MEE_A	188	229	4.2
4MEE_A	230	279	4.2
4MEE_A	280	330	4.2
4MEE_A	333	384	4.2
4MEE_A	397	440	4.2
4MEE_A	441	468	4.2
4MF4_A	27	49	4.1
4MF4_A	50	79	4.1
4MF4_A	80	102	4.1
4MF4_A	103	158	4.1
4MF4_A	159	184	4.1
4MF4_A	185	224	4.1
4MF4_A	225	245	4.1
4MF4_A	246	269	4.1
4MIR_A	17	38	4.2
4MIR_A	39	60	4.2
4MIR_A	61	76	4.2
4MIR_A	77	98	4.2
4MTK_A	338	372	4.2
4MTK_A	373	564	4.2
4MTK_A	565	609	4.2
4MTK_A	610	625	4.2
4MTK_A	626	640	4.2
4MY1_A	70	91	4.1
4MY1_A	92	120	4.1
4MY1_A	121	143	4.1
4MY1_A	144	171	4.1
4MY1_A	172	193	4.1
4MY1_A	194	234	4.1
4MY1_A	235	256	4.1
4MY1_A	257	344	4.1
4MZ8_A	67	89	4.1
4MZ8_A	90	139	4.1
4MZ8_A	140	160	4.1
4MZ8_A	161	188	4.1
4MZ8_A	189	210	4.1
4MZ8_A	211	251	4.1
4MZ8_A	252	273	4.1
4MZ8_A	274	363	4.1
4NDJ_A	65	91	4.2
4NDJ_A	92	155	4.2
4NDJ_A	156	183	4.2
4NDJ_A	210	241	4.2
4NDJ_A	251	280	4.2
4O0K_A	17	51	4.1
4O0K_A	52	82	4.1
4O0K_A	83	108	4.1
4O0K_A	109	141	4.1
4O0K_A	142	168	4.1
4O0K_A	169	195	4.1
4O0K_A	196	215	4.1
4O0K_A	216	242	4.1
4O4O_A	15	44	4.2
4O4O_A	45	76	4.2
4O4O_A	77	124	4.2
4O4O_A	125	156	4.2
4O4O_A	157	189	4.2
4OHS_A	18	46	4.2
4OHS_A	47	109	4.2
4OHS_A	110	138	4.2
4OHS_A	162	201	4.2
4OHS_A	202	231	4.2
4OZU_A	40	81	4.4
4OZU_A	82	132	4.4
4OZU_A	133	174	4.4
4OZU_A	175	219	4.4
4OZU_A	220	270	4.4
4OZU_A	271	316	4.4
4OZU_A	317	354	4.4
4P5U_A	7	57	4.1
4P5U_A	58	117	4.1
4P5U_A	196	237	4.1
4PH6_A	20	46	4.1
4PH6_A	47	79	4.1
4PH6_A	80	114	4.1
4PH6_A	115	139	4.1
4PH6_A	140	170	4.1
4PH6_A	171	202	4.1
4PH6_A	203	225	4.1
4PH6_A	238	252	4.1
4PK1_A	67	170	4.4
4PK1_A	308	352	4.4
4PK1_A	363	401	4.4
4PK1_A	402	444	4.4
4PK1_A	445	486	4.4
4PK1_A	499	552	4.4
4PK1_A	580	617	4.4
4PK1_A	618	644	4.4
4POC_A	16	41	4.1
4POC_A	42	65	4.1
4POC_A	66	94	4.1
4POC_A	95	128	4.1
4POC_A	129	155	4.1
4POC_A	156	197	4.1
4POC_A	212	231	4.1
4POC_A	232	252	4.1
4PXW_A	68	111	4.4
4PXW_A	112	157	4.4
4PXW_A	158	194	4.4
4PXW_A	195	235	4.4
4PXW_A	236	271	4.4
4PXW_A	272	328	4.4
4PXW_A	329	368	4.4
4Q32_A	47	69	4.1
4Q32_A	70	97	4.1
4Q32_A	98	120	4.1
4Q32_A	121	148	4.1
4Q32_A	149	170	4.1
4Q32_A	171	211	4.1
4Q32_A	212	233	4.1
4Q32_A	233	320	4.1
4Q3M_A	17	40	4.1
4Q3M_A	41	68	4.1
4Q3M_A	69	101	4.1
4Q3M_A	102	132	4.1
4Q3M_A	133	155	4.1
4Q3M_A	156	179	4.1
4Q3M_A	180	225	4.1
4Q3M_A	226	242	4.1
4Q7R_A	26	54	4.2
4Q7R_A	102	128	4.2
4Q7R_A	129	145	4.2
4Q7R_A	170	196	4.2
4Q7R_A	222	233	4.2
4QHR_A	28	53	4.1
4QHR_A	54	74	4.1
4QHR_A	75	94	4.1
4QHR_A	95	121	4.1
4QHR_A	122	153	4.1
4QHR_A	154	187	4.1
4QHR_A	188	206	4.1
4QHR_A	207	216	4.1
4QRJ_A	7	48	4.4
4QRJ_A	49	99	4.4
4QRJ_A	100	150	4.4
4QRJ_A	151	199	4.4
4QRJ_A	200	247	4.4
4QRJ_A	248	296	4.4
4QRJ_A	297	339	4.4
4QSL_D	533	571	4.1
4QSL_D	572	607	4.1
4QSL_D	608	641	4.1
4QSL_D	642	667	4.1
4QSL_D	668	705	4.1
4QSL_D	706	735	4.1
4QSL_D	736	760	4.1
4QSL_D	761	794	4.1
4R7O_F	16	43	4.1
4R7O_F	44	122	4.1
4R7O_F	123	153	4.1
4R7O_F	162	182	4.1
4R7O_F	183	224	4.1
4R7O_F	225	253	4.1
4R7O_F	254	275	4.1
4R7O_F	276	291	4.1
4R7W_A	52	110	4.1
4R7W_A	111	142	4.1
4R7W_A	143	173	4.1
4R7W_A	174	204	4.1
4R7W_A	205	236	4.1
4R7W_A	237	265	4.1
4R7W_A	266	302	4.1
4R7W_A	303	333	4.1
4R9X_B	2	21	4.1
4R9X_B	22	50	4.1
4R9X_B	51	85	4.1
4R9X_B	86	112	4.1
4R9X_B	113	141	4.1
4R9X_B	142	168	4.1
4R9X_B	169	193	4.1
4R9X_B	194	225	4.1
4RC1_A	9	28	4.1
4RC1_A	29	57	4.1
4RC1_A	58	88	4.1
4RC1_A	89	119	4.1
4RC1_A	120	152	4.1
4RC1_A	153	188	4.1
4RC1_A	189	208	4.1
4RC1_A	209	242	4.1
4RDT_A	158	190	4.2
4RDT_A	191	238	4.2
4RDT_A	239	337	4.2
4RDT_A	338	382	4.2
4RDT_A	383	431	4.2
4RDT_A	471	488	4.2
4RDT_A	489	544	4.2
4RDT_A	545	606	4.2
4RDT_A	607	665	4.2
4RDT_A	666	706	4.2
4RDT_A	707	748	4.2
4REV_A	45	67	4.2
4REV_A	68	102	4.2
4REV_A	103	132	4.2
4REV_A	133	162	4.2
4RL8_A	15	62	4.2
4RL8_A	63	111	4.2
4RL8_A	112	152	4.2
4RL8_A	153	200	4.2
4RL8_A	201	241	4.2
4RLC_A	21	54	4.2
4RLC_A	55	95	4.2
4RLC_A	96	139	4.2
4RLC_A	140	175	4.2
4RMK_A	40	92	4.4
4RMK_A	93	149	4.4
4RMK_A	150	252	4.4
4RUQ_A	10	41	4.4
4RUQ_A	42	75	4.4
4RUQ_A	76	120	4.4
4RUQ_A	121	163	4.4
4RUQ_A	164	207	4.4
4RUQ_A	208	235	4.4
4TQJ_A	17	53	4.4
4TQJ_A	54	109	4.4
4TQJ_A	110	165	4.4
4TQJ_A	166	221	4.4
4TQJ_A	222	276	4.4
4TQJ_A	277	331	4.4
4TQJ_A	332	387	4.4
4TQO_B	59	111	4.4
4TQO_B	112	162	4.4
4TQO_B	163	246	4.4
4TQO_B	247	310	4.4
4TQO_B	311	394	4.4
4TQO_B	395	469	4.4
4TQO_B	470	513	4.4
4TQO_B	514	573	4.4
4TX9_A	12	54	4.1
4TX9_A	55	83	4.1
4TX9_A	84	106	4.1
4TX9_A	107	131	4.1
4TX9_A	132	169	4.1
4TX9_A	170	199	4.1
4TX9_A	200	222	4.1
4TX9_A	223	248	4.1
4TZ4_A	14	58	4.4
4TZ4_A	59	110	4.4
4TZ4_A	111	160	4.4
4TZ4_A	161	211	4.4
4TZ4_A	212	254	4.4
4TZ4_A	255	308	4.4
4TZ4_A	309	355	4.4
4TZ4_A	356	755	4.4
4TZ4_A	783	839	4.4
4TZ4_A	840	908	4.4
4TZ4_A	909	950	4.4
4TZ4_A	951	1002	4.4
4TZ4_A	1003	1089	4.4
4U0O_B	53	99	4.1
4U0O_B	100	133	4.1
4U0O_B	134	164	4.1
4U0O_B	165	204	4.1
4U0O_B	205	233	4.1
4U0O_B	234	271	4.1
4U1F_A	33	66	4.4
4U1F_A	67	103	4.4
4U1F_A	104	171	4.4
4U1F_A	172	211	4.4
4U1F_A	212	266	4.4
4U1F_A	267	319	4.4
4U1F_A	320	382	4.4
4U1F_A	383	442	4.4
4U7A_A	459	506	4.4
4U7A_A	507	567	4.4
4U7A_A	618	660	4.4
4U7A_A	661	701	4.4
4U7A_A	702	744	4.4
4U7A_A	745	799	4.4
4U7A_A	800	826	4.4
4UF7_A	33	256	4.4
4UF7_A	257	325	4.4
4UF7_A	326	390	4.4
4UI9_R	192	231	4.4
4UI9_R	232	273	4.4
4UI9_R	274	315	4.4
4UI9_R	316	354	4.4
4UI9_R	355	398	4.4
4UI9_R	399	445	4.4
4UI9_R	446	474	4.4
4UM8_A	20	68	4.4
4UM8_A	93	142	4.4
4UM8_A	156	210	4.4
4UM8_A	221	270	4.4
4UM8_A	271	334	4.4
4UM8_A	335	391	4.4
4UM8_A	403	437	4.4
4UM8_A	449	554	4.4
4UQA_A	37	69	4.1
4UQA_A	70	97	4.1
4UQA_A	98	152	4.1
4UQA_A	153	187	4.1
4UQA_A	188	216	4.1
4UQA_A	217	242	4.1
4UQA_A	243	282	4.1
4UQA_A	283	314	4.1
4UR7_A	13	45	4.1
4UR7_A	46	79	4.1
4UR7_A	80	105	4.1
4UR7_A	106	135	4.1
4UR7_A	136	161	4.1
4UR7_A	162	185	4.1
4UR7_A	186	207	4.1
4UR7_A	208	231	4.1
4UTT_A	18	48	4.1
4UTT_A	49	69	4.1
4UTT_A	70	100	4.1
4UTT_A	101	136	4.1
4UTT_A	137	150	4.1
4UTT_A	151	185	4.1
4UTT_A	186	216	4.1
4UTT_A	217	229	4.1
4UXD_A	27	60	4.1
4UXD_A	61	94	4.1
4UXD_A	95	119	4.1
4UXD_A	120	149	4.1
4UXD_A	150	177	4.1
4UXD_A	178	202	4.1
4UXD_A	203	221	4.1
4UXD_A	222	241	4.1
4V0M_B	49	92	4.4
4V0M_B	93	137	4.4
4V0M_B	203	258	4.4
4V0M_B	259	301	4.4
4V0M_B	302	340	4.4
4V0M_B	341	383	4.4
4V0M_B	384	417	4.4
4V7F_q	31	96	4.4
4V7F_q	146	186	4.4
4V7F_q	187	229	4.4
4V7F_q	230	277	4.4
4V7F_q	278	319	4.4
4V7F_q	367	401	4.4
4V7F_q	402	443	4.4
4V7F_q	444	485	4.4
4V7F_q	486	514	4.4
4W9T_A	9	50	4.1
4W9T_A	51	79	4.1
4W9T_A	80	102	4.1
4W9T_A	103	127	4.1
4W9T_A	128	164	4.1
4W9T_A	165	194	4.1
4W9T_A	195	220	4.1
4W9T_A	221	245	4.1
4WGH_A	40	69	4.1
4WGH_A	70	97	4.1
4WGH_A	98	127	4.1
4WGH_A	128	160	4.1
4WGH_A	161	183	4.1
4WGH_A	184	212	4.1
4WGH_A	215	261	4.1
4WGH_A	262	281	4.1
4WGH_A	282	295	4.1
4WJS_A	117	159	4.4
4WJS_A	160	202	4.4
4WJS_A	203	250	4.4
4WJS_A	251	291	4.4
4WJS_A	292	374	4.4
4WJS_A	375	416	4.4
4WJS_A	417	458	4.4
4WJS_A	459	485	4.4
4WOZ_A	17	51	4.1
4WOZ_A	52	85	4.1
4WOZ_A	86	112	4.1
4WOZ_A	113	143	4.1
4WOZ_A	144	170	4.1
4WOZ_A	171	194	4.1
4WOZ_A	195	213	4.1
4WOZ_A	214	237	4.1
4WUI_A	5	24	4.1
4WUI_A	25	56	4.1
4WUI_A	57	78	4.1
4WUI_A	79	101	4.1
4WUI_A	102	123	4.1
4WUI_A	124	147	4.1
4WUI_A	148	171	4.1
4WUI_A	172	204	4.1
4WY0_A	37	81	4.1
4WY0_A	96	126	4.1
4WY0_A	141	187	4.1
4WY0_A	227	272	4.1
4XAP_A	19	49	4.1
4XAP_A	50	73	4.1
4XAP_A	74	111	4.1
4XAP_A	112	141	4.1
4XAP_A	142	165	4.1
4XAP_A	166	192	4.1
4XAP_A	193	233	4.1
4XAP_A	234	258	4.1
4XAV_A	38	69	4.4
4XAV_A	87	142	4.4
4XAV_A	143	236	4.4
4XGY_A	19	45	4.2
4XGY_A	46	109	4.2
4XGY_A	110	137	4.2
4XGY_A	163	209	4.2
4XGY_A	218	247	4.2
4XNK_A	42	83	4.2
4XNK_A	84	143	4.2
4XNK_A	144	176	4.2
4XNK_A	177	218	4.2
4XNK_A	219	271	4.2
4XNK_A	272	323	4.2
4XNK_A	324	391	4.2
4XNK_A	392	438	4.2
4XNK_A	457	490	4.2
4XPP_A	234	262	4.1
4XPP_A	263	301	4.1
4XPP_A	302	361	4.1
4XPP_A	362	415	4.1
4XPP_A	416	429	4.1
4XPP_A	430	454	4.1
4XPP_A	455	481	4.1
4XPP_A	482	517	4.1
4XYH_A	50	100	4.4
4XYH_A	134	181	4.4
4XYH_A	182	234	4.4
4XYH_A	235	280	4.4
4XYH_A	281	324	4.4
4XYH_A	325	381	4.4
4XYH_A	382	412	4.4
4XYX_A	44	120	4.4
4XYX_A	191	256	4.4
4XYX_A	257	307	4.4
4XYX_A	329	374	4.4
4XYX_A	417	437	4.4
4XYX_A	438	489	4.4
4XYX_A	490	542	4.4
4XYX_A	543	603	4.4
4XYX_A	604	655	4.4
4Y90_A	4	32	4.1
4Y90_A	33	58	4.1
4Y90_A	59	88	4.1
4Y90_A	89	122	4.1
4Y90_A	123	158	4.1
4Y90_A	159	202	4.1
4Y90_A	203	223	4.1
4Y90_A	224	247	4.1
4YHC_A	28	72	4.4
4YHC_A	73	114	4.4
4YHC_A	115	172	4.4
4YHC_A	173	214	4.4
4YHC_A	215	260	4.4
4YHC_A	261	352	4.4
4YHC_A	395	432	4.4
4YHC_A	433	467	4.4
4YTT_A	3	32	4.1
4YTT_A	33	61	4.1
4YTT_A	62	103	4.1
4YTT_A	104	147	4.1
4YTT_A	148	177	4.1
4YTT_A	178	206	4.1
4YTT_A	207	241	4.1
4YTT_A	242	294	4.1
4YW1_A	198	285	4.4
4YW1_A	286	439	4.4
4YW1_A	440	492	4.4
4YW1_A	493	541	4.4
4YW1_A	542	605	4.4
4YW1_A	606	651	4.4
4YY8_A	105	146	4.4
4YY8_A	147	194	4.4
4YY8_A	195	241	4.4
4YY8_A	242	288	4.4
4YY8_A	289	336	4.4
4YY8_A	337	382	4.4
4YZ3_A	223	279	4.4
4YZ3_A	338	515	4.4
4YZ3_A	516	563	4.4
4YZ3_A	564	626	4.4
4YZ3_A	627	673	4.4
4Z6J_A	24	58	4.2
4Z6J_A	59	88	4.2
4Z6J_A	89	119	4.2
4Z8L_A	33	77	4.4
4Z8L_A	78	124	4.4
4Z8L_A	125	160	4.4
4Z8L_A	161	200	4.4
4Z8L_A	201	236	4.4
4Z8L_A	237	294	4.4
4Z8L_A	295	335	4.4
4ZGV_A	212	263	4.2
4ZGV_A	264	306	4.2
4ZGV_A	307	352	4.2
4ZGV_A	353	431	4.2
4ZGV_A	432	520	4.2
4ZGV_A	521	553	4.2
4ZGV_A	554	628	4.2
4ZGV_A	629	680	4.2
4ZGV_A	681	750	4.2
4ZGV_A	751	819	4.2
4ZGV_A	820	868	4.2
4ZN4_A	70	118	4.4
4ZN4_A	141	190	4.4
4ZN4_A	191	241	4.4
4ZN4_A	242	300	4.4
4ZN4_A	301	333	4.4
4ZN4_A	380	425	4.4
4ZN4_A	426	503	4.4
4ZN4_A	504	533	4.4
4ZOV_A	15	58	4.4
4ZOV_A	59	103	4.4
4ZOV_A	104	150	4.4
4ZOV_A	151	207	4.4
4ZOV_A	208	260	4.4
4ZOV_A	261	301	4.4
4ZOV_A	302	341	4.4
4ZOV_A	342	379	4.4
5A2A_A	11	59	4.1
5A2A_A	60	107	4.1
5A2A_A	108	185	4.1
5A2A_A	186	214	4.1
5A2A_A	215	237	4.1
5A2A_A	238	278	4.1
5A2A_A	279	318	4.1
5A2A_A	319	370	4.1
5A31_R	75	122	4.4
5A31_R	123	161	4.4
5A31_R	162	194	4.4
5A31_R	195	245	4.4
5A31_R	246	302	4.4
5A31_R	303	330	4.4
5A31_R	331	375	4.4
5A5U_B	609	643	4.4
5A5U_B	644	682	4.4
5A5U_B	683	727	4.4
5A5U_B	728	772	4.4
5A5U_B	773	817	4.4
5A5U_B	818	870	4.4
5A5U_B	871	917	4.4
5A5U_B	918	959	4.4
5A5U_B	960	1019	4.4
5A8M_A	70	134	4.1
5A8M_A	135	185	4.1
5A8M_A	186	227	4.1
5A8M_A	250	329	4.1
5A8M_A	330	363	4.1
5A9Q_2	18	71	4.4
5A9Q_2	72	126	4.4
5A9Q_2	127	164	4.4
5A9Q_2	165	209	4.4
5A9Q_2	210	254	4.4
5A9Q_2	255	297	4.4
5A9Q_2	298	325	4.4
5A9Q_6	16	59	4.4
5A9Q_6	60	107	4.4
5A9Q_6	108	156	4.4
5A9Q_6	157	214	4.4
5A9Q_6	215	264	4.4
5A9Q_6	265	304	4.4
5A9Q_7	12	58	4.4
5A9Q_7	59	112	4.4
5A9Q_7	113	162	4.4
5A9Q_7	163	219	4.4
5A9Q_7	220	277	4.4
5A9Q_7	278	322	4.4
5AEO_A	44	68	4.2
5AEO_A	69	102	4.2
5AEO_A	103	123	4.2
5AEO_A	124	148	4.2
5AFB_A	11	101	4.4
5AFB_A	133	184	4.4
5AFB_A	185	241	4.4
5AFB_A	242	344	4.4
5AJA_A	32	76	4.4
5AJA_A	77	123	4.4
5AJA_A	124	159	4.4
5AJA_A	160	199	4.4
5AJA_A	200	235	4.4
5AJA_A	236	293	4.4
5AJA_A	294	336	4.4
5AMS_A	63	106	4.4
5AMS_A	107	152	4.4
5AMS_A	153	198	4.4
5AMS_A	199	248	4.4
5AMS_A	249	299	4.4
5AMS_A	300	350	4.4
5AMS_A	351	389	4.4
5AMS_A	390	431	4.4
5ANN_A	73	134	4.4
5ANN_A	135	209	4.4
5ANN_A	210	284	4.4
5ANN_A	285	370	4.4
5AY9_A	66	123	4.4
5AY9_A	124	185	4.4
5AY9_A	186	250	4.4
5AY9_A	251	319	4.4
5AY9_A	320	350	4.4
5AYD_A	42	95	4.4
5AYD_A	109	158	4.4
5AYD_A	159	211	4.4
5AYD_A	212	274	4.4
5AYD_A	275	321	4.4
5AYW_B	32	77	4.4
5AYW_B	87	127	4.4
5AYW_B	128	167	4.4
5AYW_B	168	212	4.4
5AYW_B	213	263	4.4
5AYW_B	264	302	4.4
5AYW_B	303	342	4.4
5AYW_B	343	372	4.4
5AYX_C	177	196	4.1
5AYX_C	197	216	4.1
5AYX_C	217	243	4.1
5AYX_C	244	264	4.1
5BJS_A	80	134	4.4
5BJS_A	135	180	4.4
5BJS_A	181	229	4.4
5BJS_A	230	284	4.4
5BJS_A	285	371	4.4
5BJS_A	372	454	4.4
5BJS_A	565	596	4.4
5BQL_A	13	39	4.2
5BQL_A	40	102	4.2
5BQL_A	103	130	4.2
5BQL_A	156	185	4.2
5BQL_A	196	224	4.2
5BVL_A	19	35	4.1
5BVL_A	19	39	4.1
5BVL_A	19	39	4.1
5BVL_A	19	39	4.1
5BVL_A	40	64	4.1
5BVL_A	40	64	4.1
5BVL_A	40	64	4.1
5C2M_A	13	47	4.4
5C2M_A	48	95	4.4
5C2M_A	96	142	4.4
5C2M_A	143	189	4.4
5C2M_A	190	234	4.4
5C2V_B	15	55	4.4
5C2V_B	56	95	4.4
5C2V_B	96	142	4.4
5C2V_B	143	189	4.4
5C2V_B	190	254	4.4
5C2V_B	255	320	4.4
5C2V_B	321	350	4.4
5C2X_A	15	44	4.1
5C2X_A	45	68	4.1
5C2X_A	69	99	4.1
5C2X_A	100	133	4.1
5C2X_A	134	163	4.1
5C2X_A	164	195	4.1
5C2X_A	196	231	4.1
5C2X_A	232	245	4.1
5C54_A	8	42	4.1
5C54_A	43	76	4.1
5C54_A	77	102	4.1
5C54_A	103	134	4.1
5C54_A	135	163	4.1
5C54_A	164	191	4.1
5C54_A	192	210	4.1
5C54_A	211	233	4.1
5C6M_A	15	40	4.1
5C6M_A	41	65	4.1
5C6M_A	66	97	4.1
5C6M_A	98	131	4.1
5C6M_A	132	161	4.1
5C6M_A	162	193	4.1
5C6M_A	194	228	4.1
5C6M_A	229	247	4.1
5CGJ_A	36	72	4.4
5CGJ_A	73	123	4.4
5CGJ_A	124	170	4.4
5CGJ_A	171	217	4.4
5CGJ_A	218	264	4.4
5CGJ_A	265	311	4.4
5CSR_A	24	58	4.1
5CSR_A	59	107	4.1
5CSR_A	120	161	4.1
5CSR_A	179	214	4.1
5CVL_A	48	91	4.4
5CVL_A	92	134	4.4
5CVL_A	135	184	4.4
5CVL_A	185	226	4.4
5CVL_A	227	268	4.4
5CVL_A	269	311	4.4
5CVL_A	312	375	4.4
5CVL_A	376	415	4.4
5CVL_A	443	544	4.4
5CXB_A	133	198	4.4
5CXB_A	199	246	4.4
5CXB_A	247	318	4.4
5CXB_A	319	360	4.4
5CXB_A	361	409	4.4
5CXB_A	410	481	4.4
5CXB_A	482	506	4.4
5CYK_B	43	83	4.4
5CYK_B	84	175	4.4
5CYK_B	176	219	4.4
5CYK_B	263	305	4.4
5CYK_B	306	355	4.4
5D9B_A	18	56	4.4
5D9B_A	57	104	4.4
5D9B_A	105	159	4.4
5D9B_A	160	204	4.4
5D9B_A	205	251	4.4
5D9B_A	252	300	4.4
5DBU_A	19	44	4.1
5DBU_A	45	74	4.1
5DBU_A	75	96	4.1
5DBU_A	97	141	4.1
5DBU_A	142	162	4.1
5DBU_A	163	188	4.1
5DBU_A	189	210	4.1
5DL5_A	32	61	4.2
5DL5_A	62	119	4.2
5DL5_A	120	159	4.2
5DL5_A	160	198	4.2
5DL5_A	199	228	4.2
5DL5_A	229	287	4.2
5DL5_A	288	341	4.2
5DL5_A	342	386	4.2
5DL5_A	387	430	4.2
5DL6_A	16	62	4.2
5DL6_A	63	120	4.2
5DL6_A	121	153	4.2
5DL6_A	154	206	4.2
5DL6_A	207	235	4.2
5DL6_A	236	276	4.2
5DL6_A	277	329	4.2
5DL6_A	330	371	4.2
5DL6_A	372	413	4.2
5DL7_A	18	61	4.2
5DL7_A	62	117	4.2
5DL7_A	118	155	4.2
5DL7_A	156	206	4.2
5DL7_A	207	236	4.2
5DL7_A	237	275	4.2
5DL7_A	276	335	4.2
5DL7_A	336	378	4.2
5DL7_A	379	419	4.2
5DL8_A	24	62	4.2
5DL8_A	72	125	4.2
5DL8_A	119	164	4.2
5DL8_A	165	210	4.2
5DL8_A	211	242	4.2
5DL8_A	243	276	4.2
5DL8_A	277	334	4.2
5DL8_A	335	368	4.2
5DL8_A	375	407	4.2
5E6R_A	327	378	4.4
5E6R_A	379	434	4.4
5E6R_A	435	495	4.4
5E6R_A	496	555	4.4
5EB6_A	9	39	4.2
5EB6_A	40	85	4.2
5EB6_A	86	154	4.2
5EB6_A	155	185	4.2
5EB6_A	186	221	4.2
5EC6_A	173	217	4.2
5EC6_A	218	244	4.2
5EC6_A	245	273	4.2
5EC6_A	274	309	4.2
5EE2_A	44	72	4.2
5EE2_A	73	98	4.2
5EE2_A	99	129	4.2
5EKY_A	13	42	4.1
5EKY_A	57	97	4.1
5EKY_A	98	129	4.1
5EKY_A	130	162	4.1
5EKY_A	163	191	4.1
5EKY_A	192	222	4.1
5EKY_A	237	249	4.1
5EO8_A	12	58	4.4
5EO8_A	59	108	4.4
5EO8_A	109	157	4.4
5EO8_A	158	211	4.4
5EO8_A	212	262	4.4
5EO8_A	263	310	4.4
5ES4_A	16	72	4.4
5ES4_A	73	333	4.4
5ES4_A	334	384	4.4
5ES4_A	385	438	4.4
5ES4_A	439	500	4.4
5ES4_A	501	564	4.4
5ES4_A	565	732	4.4
5ES4_A	797	900	4.4
5ES4_A	947	1078	4.4
5EXB_A	9	35	4.2
5EXB_A	36	98	4.2
5EXB_A	99	130	4.2
5EXB_A	152	184	4.2
5EXB_A	185	217	4.2
5FA5_B	53	104	4.4
5FA5_B	105	149	4.4
5FA5_B	150	193	4.4
5FA5_B	194	232	4.4
5FA5_B	238	279	4.4
5FA5_B	280	323	4.4
5FA5_B	324	353	4.4
5FHV_A	47	76	4.2
5FHV_A	77	110	4.2
5FHV_A	126	152	4.2
5FHV_A	153	169	4.2
5FHV_A	194	219	4.2
5FHV_A	231	260	4.2
5FP2_A	166	196	4.2
5FP2_A	233	250	4.2
5FP2_A	282	307	4.2
5FP2_A	308	364	4.2
5FP2_A	365	426	4.2
5FP2_A	427	457	4.2
5FP2_A	458	525	4.2
5FP2_A	526	582	4.2
5FP2_A	583	622	4.2
5FP2_A	647	671	4.2
5FP2_A	672	701	4.2
5FQ6_B	177	265	4.2
5FQ6_B	266	304	4.2
5FQ6_B	305	395	4.2
5FQ6_B	396	469	4.2
5FQ6_B	470	535	4.2
5FQ6_B	536	571	4.2
5FQ6_B	579	658	4.2
5FQ6_B	659	714	4.2
5FQ6_B	715	813	4.2
5FQ6_B	814	916	4.2
5FQ6_B	926	983	4.2
5FR8_A	167	200	4.2
5FR8_A	201	249	4.2
5FR8_A	250	307	4.2
5FR8_A	308	364	4.2
5FR8_A	365	426	4.2
5FR8_A	427	458	4.2
5FR8_A	459	524	4.2
5FR8_A	525	593	4.2
5FR8_A	594	634	4.2
5FR8_A	635	692	4.2
5FR8_A	693	733	4.2
5FSB_A	12	49	4.4
5FSB_A	50	86	4.4
5FSB_A	87	124	4.4
5FSB_A	125	164	4.4
5FSB_A	165	202	4.4
5FSB_A	203	224	4.4
5FVM_C	3	37	4.4
5FVM_C	38	80	4.4
5FVM_C	81	117	4.4
5FVM_C	118	164	4.4
5FVM_C	165	210	4.4
5FVM_C	211	255	4.4
5FVM_C	256	293	4.4
5FVN_A	4	51	4.2
5FVN_A	52	132	4.2
5FVN_A	133	184	4.2
5FVN_A	185	227	4.2
5FVN_A	228	260	4.2
5FVN_A	261	307	4.2
5FVN_A	308	342	4.2
5FZP_A	46	84	4.4
5FZP_A	85	122	4.4
5FZP_A	123	168	4.4
5FZP_A	169	214	4.4
5FZP_A	215	275	4.4
5FZP_A	276	323	4.4
5FZP_A	324	340	4.4
5G04_R	181	224	4.4
5G04_R	225	268	4.4
5G04_R	269	309	4.4
5G04_R	310	355	4.4
5G04_R	356	399	4.4
5G04_R	400	443	4.4
5G04_R	444	470	4.4
5G38_A	20	64	4.2
5G38_A	65	112	4.2
5G38_A	113	139	4.2
5G38_A	140	172	4.2
5GAN_H	124	138	4.4
5GAN_H	139	157	4.4
5GAN_H	158	176	4.4
5GAN_H	177	219	4.4
5GAN_H	220	266	4.4
5GAN_H	267	308	4.4
5GAN_H	309	350	4.4
5GAN_H	351	394	4.4
5GAN_H	395	438	4.4
5GAN_H	439	465	4.4
5GQT_A	170	219	4.4
5GQT_A	220	268	4.4
5GQT_A	269	322	4.4
5GQT_A	323	371	4.4
5GQT_A	372	433	4.4
5GQT_A	434	469	4.4
5GUW_M	173	201	4.4
5GUW_M	202	244	4.4
5GUW_M	245	290	4.4
5GUW_M	291	345	4.4
5GUW_M	346	388	4.4
5GUW_M	389	441	4.4
5GUW_M	442	492	4.4
5GUW_M	493	546	4.4
5GVH_A	17	37	4.1
5GVH_A	38	68	4.1
5GVH_A	69	92	4.1
5GVH_A	93	113	4.1
5GVH_A	114	135	4.1
5GVH_A	136	166	4.1
5GVH_A	167	185	4.1
5GVH_A	186	192	4.1
5H3S_A	20	66	4.4
5H3S_A	67	111	4.4
5H3S_A	112	153	4.4
5H3S_A	154	197	4.4
5H3S_A	229	270	4.4
5H3S_A	289	336	4.4
5H3S_A	337	378	4.4
5H3S_A	382	428	4.4
5H3S_A	429	472	4.4
5H3S_A	473	538	4.4
5H3S_A	539	580	4.4
5H3S_A	581	641	4.4
5H3S_A	642	684	4.4
5H3S_A	685	712	4.4
5HI8_A	13	41	4.2
5HI8_A	42	69	4.2
5HI8_A	70	88	4.2
5HI8_A	89	113	4.2
5HI8_A	114	136	4.2
5HPE_A	9	123	4.1
5HPE_A	124	166	4.1
5HPE_A	167	244	4.1
5HQ2_K	40	85	4.4
5HQ2_K	86	121	4.4
5HQ2_K	163	222	4.4
5HQ2_K	223	275	4.4
5HQ2_K	276	330	4.4
5HQ2_K	331	395	4.4
5HQ2_K	396	450	4.4
5HQG_A	48	99	4.4
5HQG_A	100	142	4.4
5HQG_A	143	184	4.4
5HQG_A	185	228	4.4
5HQG_A	229	269	4.4
5HQG_A	270	311	4.4
5HQG_A	326	362	4.4
5HUK_A	48	109	4.4
5HUK_A	110	155	4.4
5HUK_A	156	208	4.4
5HUK_A	209	250	4.4
5HUK_A	286	339	4.4
5HUK_A	340	383	4.4
5HUM_A	36	98	4.4
5HUM_A	99	144	4.4
5HUM_A	145	216	4.4
5HUM_A	198	245	4.4
5HUM_A	246	324	4.4
5HUM_A	325	372	4.4
5HUN_A	43	105	4.4
5HUN_A	106	151	4.4
5HUN_A	152	204	4.4
5HUN_A	205	245	4.4
5HUN_A	280	330	4.4
5HUN_A	331	379	4.4
5I5M_A	65	121	4.4
5I5M_A	122	170	4.4
5I5M_A	171	230	4.4
5I5M_A	231	314	4.4
5I5M_A	315	368	4.4
5I5M_A	369	417	4.4
5I5M_A	418	482	4.4
5IBX_A	9	40	4.1
5IBX_A	41	62	4.1
5IBX_A	63	93	4.1
5IBX_A	94	125	4.1
5IBX_A	126	166	4.1
5IBX_A	167	210	4.1
5IBX_A	211	233	4.1
5IBX_A	234	253	4.1
5IC7_A	77	130	4.4
5IC7_A	131	179	4.4
5IC7_A	180	218	4.4
5IC7_A	219	264	4.4
5IC7_A	269	311	4.4
5IC7_A	349	393	4.4
5IC7_A	394	422	4.4
5IE0_A	308	338	4.2
5IE0_A	339	388	4.2
5IE0_A	389	410	4.2
5IGO_A	33	80	4.4
5IGO_A	81	123	4.4
5IGO_A	124	166	4.4
5IGO_A	167	209	4.4
5IGO_A	210	250	4.4
5IGO_A	251	301	4.4
5IGO_A	302	335	4.4
5IM5_1	13	37	4.1
5IM5_1	38	63	4.1
5IM5_1	64	86	4.1
5IM5_1	87	105	4.1
5IM5_1	106	125	4.1
5IM5_1	126	152	4.1
5IM5_1	153	176	4.1
5IM5_1	177	208	4.1
5IV8_A	47	72	4.2
5IV8_A	73	100	4.2
5IV8_A	101	142	4.2
5IV8_A	143	185	4.2
5IV8_A	186	225	4.2
5IV8_A	226	262	4.2
5IV8_A	263	322	4.2
5IV8_A	323	389	4.2
5IV8_A	390	434	4.2
5IV8_A	435	464	4.2
5IV8_A	465	510	4.2
5IV8_A	511	543	4.2
5IV8_A	544	572	4.2
5IVA_A	47	72	4.2
5IVA_A	73	99	4.2
5IVA_A	100	140	4.2
5IVA_A	141	184	4.2
5IVA_A	185	224	4.2
5IVA_A	225	285	4.2
5IVA_A	286	345	4.2
5IVA_A	346	415	4.2
5IVA_A	416	474	4.2
5IVA_A	475	505	4.2
5IVA_A	506	551	4.2
5IVA_A	552	582	4.2
5IVA_A	583	616	4.2
5IXG_A	3	42	4.2
5IXG_A	43	92	4.2
5IXG_A	93	124	4.2
5IXG_A	125	168	4.2
5J5R_A	65	87	4.1
5J5R_A	88	115	4.1
5J5R_A	116	138	4.1
5J5R_A	139	167	4.1
5J5R_A	168	189	4.1
5J5R_A	190	230	4.1
5J5R_A	231	252	4.1
5J5R_A	253	349	4.1
5JK7_C	44	89	4.4
5JK7_C	90	135	4.4
5JK7_C	136	195	4.4
5JK7_C	213	250	4.4
5JK7_C	251	310	4.4
5JPQ_I	35	76	4.4
5JPQ_I	77	114	4.4
5JPQ_I	115	159	4.4
5JPQ_I	160	205	4.4
5JPQ_I	206	249	4.4
5JPQ_I	250	291	4.4
5JPQ_I	292	349	4.4
5JPQ_I	350	392	4.4
5JPQ_I	413	459	4.4
5JPQ_I	460	501	4.4
5JPQ_I	502	544	4.4
5JPQ_I	545	584	4.4
5JPQ_I	585	627	4.4
5JPQ_I	628	681	4.4
5K06_A	40	78	4.4
5K06_A	79	100	4.4
5K06_A	101	146	4.4
5K0Y_T	13	52	4.4
5K0Y_T	53	93	4.4
5K0Y_T	94	146	4.4
5K0Y_T	147	188	4.4
5K0Y_T	189	229	4.4
5K0Y_T	230	285	4.4
5K0Y_T	286	313	4.4
5K19_A	50	99	4.4
5K19_A	100	150	4.4
5K19_A	151	221	4.4
5K19_A	222	263	4.4
5K19_A	264	305	4.4
5K19_A	365	394	4.4
5K19_A	535	562	4.4
5K1A_B	33	76	4.4
5K1A_B	77	119	4.4
5K1A_B	120	169	4.4
5K1A_B	170	211	4.4
5K1A_B	212	253	4.4
5K1A_B	254	296	4.4
5K1A_B	297	328	4.4
5K1A_B	361	400	4.4
5K1A_B	419	548	4.4
5K1A_B	564	654	4.4
5K21_A	13	49	4.2
5K21_A	50	81	4.2
5K21_A	82	107	4.2
5K21_A	108	133	4.2
5K7J_A	8	18	4.1
5K7J_A	33	111	4.1
5K7J_A	112	137	4.1
5K7J_A	138	161	4.1
5K7J_A	162	213	4.1
5K7J_A	214	235	4.1
5KIS_A	28	81	4.4
5KIS_A	82	145	4.4
5KIS_A	146	207	4.4
5KIS_A	208	327	4.4
5KIS_A	342	376	4.4
5KIS_A	406	455	4.4
5KIS_A	503	622	4.4
5KIS_A	623	662	4.4
5KIS_A	673	708	4.4
5KIS_A	721	806	4.4
5KIS_A	819	941	4.4
5KIS_A	942	1035	4.4
5KIS_A	1065	1175	4.4
5KIS_A	1176	1218	4.4
5KIS_A	1219	1370	4.4
5KIS_A	1421	1476	4.4
5KKX_A	5	41	4.4
5KKX_A	44	88	4.4
5KKX_A	105	164	4.4
5KKX_A	165	231	4.4
5KKY_A	31	97	4.4
5KKY_A	98	260	4.4
5KKY_A	261	323	4.4
5KKY_A	324	392	4.4
5KKY_A	393	448	4.4
5KKY_A	449	492	4.4
5KP9_B	27	52	4.1
5KP9_B	53	77	4.1
5KP9_B	78	101	4.1
5KP9_B	102	120	4.1
5KP9_B	143	167	4.1
5KP9_B	168	189	4.1
5KP9_B	190	219	4.1
5L14_A	45	104	4.4
5L14_A	105	151	4.4
5L14_A	152	223	4.4
5L14_A	252	387	4.4
5L77_A	61	93	4.1
5L77_A	94	153	4.1
5L77_A	154	184	4.1
5L77_A	185	232	4.1
5L77_A	233	256	4.1
5L77_A	257	302	4.1
5L77_A	303	343	4.1
5L77_A	344	381	4.1
5LAL_A	12	62	4.2
5LAL_A	63	95	4.2
5LAL_A	96	125	4.2
5LAL_A	126	157	4.2
5LGG_A	43	120	4.4
5LGG_A	146	211	4.4
5LGG_A	212	252	4.4
5LGG_A	300	351	4.4
5LGG_A	352	400	4.4
5LJ3_J	141	183	4.4
5LJ3_J	184	225	4.4
5LJ3_J	226	267	4.4
5LJ3_J	268	309	4.4
5LJ3_J	310	351	4.4
5LJ3_J	352	400	4.4
5LJ3_J	401	428	4.4
5LLS_B	59	94	4.4
5LLS_B	95	148	4.4
5LLS_B	149	189	4.4
5LLS_B	190	292	4.4
5LLS_B	293	346	4.4
5LLS_B	347	399	4.4
5LLS_B	400	448	4.4
5LLS_B	449	495	4.4
5LLS_B	508	577	4.4
5LTP_A	51	76	4.2
5LTP_A	77	139	4.2
5LTP_A	140	172	4.2
5LTP_A	193	224	4.2
5LTP_A	235	260	4.2
5LX3_B	55	172	4.1
5LX3_B	173	182	4.1
5LX3_B	199	217	4.1
5LX3_B	218	233	4.1
5LX3_B	250	275	4.1
5LX3_B	313	333	4.1
5LX3_B	354	374	4.1
5LX3_B	471	484	4.1
5M23_A	147	187	4.4
5M23_A	188	229	4.4
5M23_A	230	271	4.4
5M23_A	272	314	4.4
5M23_A	315	357	4.4
5M23_A	358	401	4.4
5M2N_A	15	57	4.4
5M2N_A	58	102	4.4
5M2N_A	103	149	4.4
5M2N_A	150	201	4.4
5M2N_A	202	279	4.4
5M2N_A	280	324	4.4
5M2N_A	339	384	4.4
5M2N_A	385	440	4.4
5M2N_A	441	485	4.4
5M2N_A	557	604	4.4
5M2N_A	605	652	4.4
5M2N_A	653	700	4.4
5M2N_A	701	751	4.4
5M2N_A	752	785	4.4
5M9B_A	158	190	4.2
5M9B_A	191	248	4.2
5M9B_A	249	303	4.2
5M9B_A	304	360	4.2
5M9B_A	361	422	4.2
5M9B_A	423	454	4.2
5M9B_A	455	519	4.2
5M9B_A	520	581	4.2
5M9B_A	582	622	4.2
5M9B_A	623	673	4.2
5M9B_A	674	723	4.2
5MQF_D	202	243	4.4
5MQF_D	244	288	4.4
5MQF_D	289	327	4.4
5MQF_D	328	372	4.4
5MQF_D	373	410	4.4
5MQF_D	411	463	4.4
5MQF_D	464	491	4.4
5MRI_A	34	85	4.4
5MRI_A	86	137	4.4
5MRI_A	138	193	4.4
5MRI_A	207	269	4.4
5MRI_A	270	345	4.4
5MRI_A	346	443	4.4
5MRI_A	444	488	4.4
5MRI_A	489	526	4.4
5MRI_A	542	588	4.4
5MRI_A	599	657	4.4
5MXC_A	7	59	4.4
5MXC_A	60	137	4.4
5MXC_A	165	210	4.4
5MXC_A	211	261	4.4
5MXC_A	262	308	4.4
5MXF_A	34	82	4.4
5MXF_A	83	129	4.4
5MXF_A	130	177	4.4
5MXF_A	178	225	4.4
5MXF_A	226	273	4.4
5MXF_A	274	321	4.4
5MXF_A	322	361	4.4
5MZH_A	97	137	4.4
5MZH_A	138	181	4.4
5MZH_A	182	223	4.4
5MZH_A	224	265	4.4
5MZH_A	266	307	4.4
5MZH_A	308	349	4.4
5MZH_A	350	391	4.4
5MZH_A	391	420	4.4
5NAF_A	60	109	4.4
5NAF_A	116	156	4.4
5NAF_A	157	198	4.4
5NAF_A	199	239	4.4
5NAF_A	240	281	4.4
5NAF_A	282	332	4.4
5NAF_A	333	373	4.4
5NAF_A	374	401	4.4
5NEC_A	159	186	4.2
5NEC_A	187	224	4.2
5NEC_A	225	295	4.2
5NEC_A	296	356	4.2
5NEC_A	357	446	4.2
5NEC_A	447	493	4.2
5NEC_A	533	549	4.2
5NEC_A	550	595	4.2
5NEC_A	615	652	4.2
5NEC_A	653	692	4.2
5NEC_A	693	734	4.2
5NNZ_A	95	136	4.4
5NNZ_A	137	179	4.4
5NNZ_A	180	222	4.4
5NNZ_A	223	263	4.4
5NNZ_A	264	305	4.4
5NNZ_A	306	347	4.4
5NNZ_A	348	389	4.4
5NNZ_A	390	415	4.4
5NUP_A	9	47	4.2
5NUP_A	48	85	4.2
5NUP_A	86	134	4.2
5NUP_A	142	186	4.2
5NUP_A	187	228	4.2
5NUP_A	229	266	4.2
5NUP_A	267	306	4.2
5NUP_A	307	344	4.2
5NUV_A	27	70	4.4
5NUV_A	71	112	4.4
5NUV_A	113	153	4.4
5NUV_A	154	192	4.4
5NUV_A	193	241	4.4
5NUV_A	242	281	4.4
5NUV_A	282	309	4.4
5NXN_A	9	51	4.2
5NXN_A	52	87	4.2
5NXN_A	88	143	4.2
5NXN_A	144	185	4.2
5NXN_A	186	225	4.2
5NXN_A	226	264	4.2
5NXN_A	265	303	4.2
5NXN_A	304	342	4.2
5O77_A	9	49	4.2
5O77_A	50	84	4.2
5O77_A	85	140	4.2
5O77_A	141	178	4.2
5O77_A	179	217	4.2
5O77_A	218	255	4.2
5O77_A	256	299	4.2
5O77_A	300	337	4.2
5OCW_A	74	121	4.1
5OCW_A	122	149	4.1
5OCW_A	183	228	4.1
5OCW_A	241	282	4.1
5ODS_B	21	66	4.4
5ODS_B	67	106	4.4
5ODS_B	107	149	4.4
5ODS_B	150	194	4.4
5ODS_B	195	255	4.4
5ODS_B	256	299	4.4
5ODS_B	300	328	4.4
5ODS_B	476	523	4.4
5ODW_A	273	411	4.2
5ODW_A	412	475	4.2
5ODW_A	476	532	4.2
5ODW_A	546	578	4.2
5ODW_A	579	629	4.2
5ODW_A	630	680	4.2
5ODW_A	681	718	4.2
5ODW_A	729	774	4.2
5ODW_A	775	814	4.2
5OJ5_A	57	83	4.4
5OJ5_A	101	126	4.4
5OJ5_A	143	169	4.4
5OJ5_A	184	210	4.4
5OJ5_A	226	254	4.4
5OJ5_A	271	297	4.4
5OJ5_A	314	339	4.4
5ONA_A	24	56	4.1
5ONA_A	70	114	4.1
5ONA_A	115	155	4.1
5ONA_A	156	176	4.1
5ONA_A	177	197	4.1
5ONA_A	198	218	4.1
5ONU_A	48	87	4.2
5ONU_A	88	125	4.2
5ONU_A	126	176	4.2
5ONU_A	177	225	4.2
5ONU_A	226	252	4.2
5ONU_A	253	283	4.2
5ONU_A	284	315	4.2
5ONU_A	316	349	4.2
5T26_A	6	38	4.1
5T26_A	39	75	4.1
5T26_A	76	129	4.1
5T26_A	130	158	4.1
5T26_A	159	181	4.1
5T26_A	208	244	4.1
5T26_A	257	293	4.1
5T3R_D	237	343	4.2
5T3R_D	344	381	4.2
5T3R_D	382	465	4.2
5T3R_D	466	526	4.2
5T3R_D	527	593	4.2
5T3R_D	594	639	4.2
5T3R_D	640	728	4.2
5T3R_D	729	785	4.2
5T3R_D	786	896	4.2
5T3R_D	897	996	4.2
5T3R_D	997	1041	4.2
5T5F_A	157	182	4.2
5T5F_A	183	212	4.2
5T5F_A	213	240	4.2
5TCF_A	29	101	4.1
5TCF_A	102	129	4.1
5TCF_A	130	156	4.1
5TCF_A	157	215	4.1
5TCF_A	216	232	4.1
5TCF_A	243	260	4.1
5TZS_T	17	59	4.4
5TZS_T	60	97	4.4
5TZS_T	98	146	4.4
5TZS_T	147	188	4.4
5TZS_T	189	230	4.4
5TZS_T	231	277	4.4
5TZS_T	278	330	4.4
5TZS_T	331	371	4.4
5TZS_T	394	442	4.4
5TZS_T	443	484	4.4
5TZS_T	485	525	4.4
5TZS_T	526	567	4.4
5TZS_T	568	608	4.4
5TZS_T	609	636	4.4
5URA_A	9	49	4.2
5URA_A	50	72	4.2
5URA_A	94	130	4.2
5W17_A	32	54	4.2
5W17_A	80	106	4.2
5W17_A	107	141	4.2
5W17_A	142	168	4.2
5WBU_C	44	85	4.4
5WBU_C	86	128	4.4
5WBU_C	129	173	4.4
5WBU_C	174	220	4.4
5WBU_C	221	271	4.4
5WBU_C	272	314	4.4
5WG6_B	97	146	4.4
5WG6_B	147	192	4.4
5WG6_B	193	238	4.4
5WG6_B	239	308	4.4
5WG6_B	309	360	4.4
5WG6_B	361	411	4.4
5XD7_A	134	164	4.1
5XD7_A	165	193	4.1
5XD7_A	194	222	4.1
5XD7_A	223	245	4.1
5XD7_A	246	266	4.1
5XD7_A	267	296	4.1
5XD7_A	297	316	4.1
5XXQ_A	78	117	4.4
5XXQ_A	155	186	4.4
5XXQ_A	208	240	4.4
5XXQ_A	258	288	4.4
5XXQ_A	304	334	4.4
5XXQ_A	348	379	4.4
5XXQ_A	405	435	4.4
5YN3_A	41	63	4.1
5YN3_A	80	104	4.1
5YN3_A	117	141	4.1
5YN3_A	167	231	4.1
5YN3_A	255	274	4.1
5YN3_A	275	302	4.1
5YN3_A	334	390	4.1
5YN3_A	391	448	4.1
5YY8_A	48	94	4.4
5YY8_A	97	142	4.4
5YY8_A	143	191	4.4
5YY8_A	192	238	4.4
5YY8_A	239	285	4.4
5YY8_A	286	324	4.4
5YYC_A	14	39	4.1
5YYC_A	40	66	4.1
5YYC_A	67	86	4.1
5YYC_A	87	107	4.1
5YYC_A	108	132	4.1
5YYC_A	133	167	4.1
5YYC_A	168	208	4.1
5YYC_A	209	226	4.1
5YZV_A	22	63	4.4
5YZV_A	64	105	4.4
5YZV_A	106	147	4.4
5YZV_A	148	189	4.4
5YZV_A	190	230	4.4
5YZV_A	231	274	4.4
5YZV_A	275	298	4.4
5Z87_B	63	90	4.1
5Z87_B	91	125	4.1
5Z87_B	126	175	4.1
5Z87_B	176	230	4.1
5Z87_B	231	275	4.1
5Z87_B	276	308	4.1
5Z87_B	309	344	4.1
5Z87_B	345	361	4.1
5ZE0_B	18	72	4.4
5ZE0_B	73	137	4.4
5ZE0_B	138	204	4.4
5ZE0_B	205	258	4.4
5ZE0_B	259	313	4.4
5ZFX_A	27	57	4.1
5ZFX_A	58	79	4.1
5ZFX_A	80	110	4.1
5ZFX_A	111	142	4.1
5ZFX_A	143	183	4.1
5ZFX_A	184	229	4.1
5ZFX_A	230	251	4.1
5ZFX_A	252	272	4.1
5ZOL_A	37	57	4.1
5ZOL_A	58	88	4.1
5ZOL_A	89	117	4.1
5ZOL_A	118	145	4.1
5ZOL_A	146	194	4.1
5ZOL_A	195	218	4.1
5ZOL_A	231	247	4.1
6AA7_A	16	44	4.2
6AA7_A	45	107	4.2
6AA7_A	108	144	4.2
6AA7_A	164	201	4.2
6AA7_A	202	232	4.2
6B3X_A	38	69	4.4
6B3X_A	103	146	4.4
6B3X_A	147	191	4.4
6B3X_A	192	235	4.4
6B3X_A	236	286	4.4
6B3X_A	287	326	4.4
6B3X_A	327	354	4.4
6BMC_A	60	100	4.1
6BMC_A	101	172	4.1
6BMC_A	181	213	4.1
6BMC_A	214	236	4.1
6BMC_A	237	265	4.1
6BMC_A	266	295	4.1
6BMC_A	296	337	4.1
6BMC_A	338	387	4.1
6BN7_A	42	86	4.4
6BN7_A	87	139	4.4
6BN7_A	140	189	4.4
6BN7_A	190	240	4.4
6BN7_A	241	282	4.4
6BN7_A	283	337	4.4
6BN7_A	338	383	4.4
6BN7_A	384	444	4.4
6BN7_A	445	534	4.4
6BN7_A	567	633	4.4
6BN7_A	634	676	4.4
6BN7_A	677	726	4.4
6BN7_A	727	814	4.4
6BPM_A	149	175	4.2
6BPM_A	176	213	4.2
6BPM_A	214	288	4.2
6BPM_A	289	357	4.2
6BPM_A	358	426	4.2
6BPM_A	427	493	4.2
6BPM_A	494	548	4.2
6BPM_A	549	594	4.2
6BPM_A	595	641	4.2
6BPM_A	642	685	4.2
6BPM_A	686	727	4.2
6BX3_A	17	59	4.4
6BX3_A	60	100	4.4
6BX3_A	101	139	4.4
6BX3_A	140	191	4.4
6BX3_A	192	246	4.4
6BX3_A	247	290	4.4
6BX3_A	291	314	4.4
6CHG_A	19	56	4.4
6CHG_A	57	97	4.4
6CHG_A	98	139	4.4
6CHG_A	140	190	4.4
6CHG_A	191	243	4.4
6CHG_A	244	286	4.4
6CHG_A	287	311	4.4
6CIU_A	21	47	4.2
6CIU_A	48	110	4.2
6CIU_A	111	138	4.2
6CIU_A	164	193	4.2
6CIU_A	201	229	4.2
6D69_A	51	98	4.4
6D69_A	99	144	4.4
6D69_A	145	191	4.4
6D69_A	192	235	4.4
6D69_A	236	282	4.4
6D69_A	283	307	4.4
6DAY_A	21	58	4.1
6DAY_A	59	97	4.1
6DAY_A	98	117	4.1
6DAY_A	118	140	4.1
6DAY_A	157	186	4.1
6DAY_A	187	219	4.1
6DAY_A	220	258	4.1
6DAY_A	259	280	4.1
6E15_D	143	160	4.2
6E15_D	186	222	4.2
6E15_D	223	263	4.2
6E15_D	307	326	4.2
6E15_D	339	367	4.2
6E15_D	368	404	4.2
6E15_D	405	434	4.2
6E15_D	435	475	4.2
6E15_D	524	555	4.2
6E15_D	572	608	4.2
6E15_D	609	644	4.2
6E15_D	645	678	4.2
6E15_D	679	704	4.2
6E15_D	729	766	4.2
6E15_D	767	875	4.2
6E29_A	28	69	4.4
6E29_A	70	110	4.4
6E29_A	111	175	4.4
6E29_A	176	217	4.4
6E29_A	218	273	4.4
6E29_A	274	316	4.4
6E29_A	317	345	4.4
6E4V_A	155	180	4.2
6E4V_A	181	218	4.2
6E4V_A	219	284	4.2
6E4V_A	285	357	4.2
6E4V_A	358	429	4.2
6E4V_A	430	467	4.2
6E4V_A	468	511	4.2
6E4V_A	512	566	4.2
6E4V_A	567	605	4.2
6E4V_A	606	652	4.2
6E4V_A	653	692	4.2
6EHO_A	72	125	4.4
6EHO_A	126	178	4.4
6EHO_A	179	221	4.4
6EHO_A	222	267	4.4
6EHO_A	268	308	4.4
6EHO_A	309	356	4.4
6EHO_A	357	425	4.4
6EHO_A	426	486	4.4
6EHO_A	487	528	4.4
6EHO_A	529	570	4.4
6EHO_A	581	628	4.4
6ENE_A	9	48	4.2
6ENE_A	49	86	4.2
6ENE_A	87	141	4.2
6ENE_A	142	178	4.2
6ENE_A	179	218	4.2
6ENE_A	219	255	4.2
6ENE_A	256	294	4.2
6ENE_A	295	329	4.2
6F1G_A	25	67	4.4
6F1G_A	83	142	4.4
6F1G_A	143	196	4.4
6F1G_A	197	265	4.4
6F1G_A	266	314	4.4
6FCV_B	66	140	4.4
6FCV_B	141	184	4.4
6FCV_B	209	287	4.4
6FCV_B	288	332	4.4
6FMP_A	131	165	4.4
6FMP_A	166	215	4.4
6FMP_A	216	262	4.4
6FMP_A	263	309	4.4
6FMP_A	310	356	4.4
6FMP_A	357	403	4.4
6FOK_A	195	222	4.2
6FOK_A	223	265	4.2
6FOK_A	266	308	4.2
6FOK_A	309	364	4.2
6FOK_A	365	422	4.2
6FOK_A	423	480	4.2
6FOK_A	481	534	4.2
6FOK_A	535	586	4.2
6FOK_A	587	625	4.2
6FOK_A	626	673	4.2
6FOK_A	674	723	4.2
6FPT_A	153	200	4.4
6FPT_A	201	243	4.4
6FPT_A	244	290	4.4
6FPT_A	291	337	4.4
6FPT_A	338	384	4.4
6FPT_A	385	409	4.4
6GXV_B	9	40	4.1
6GXV_B	41	97	4.1
6GXV_B	98	229	4.1
6GXV_B	230	260	4.1
6GXV_B	261	285	4.1
6GXV_B	286	323	4.1
6GXV_B	324	361	4.1
6GXV_B	362	395	4.1
6GY5_A	18	57	4.4
6GY5_A	58	105	4.4
6GY5_A	106	152	4.4
6GY5_A	153	199	4.4
6GY5_A	200	246	4.4
6GY5_A	247	292	4.4
6H7F_A	173	198	4.2
6H7F_A	199	236	4.2
6H7F_A	237	300	4.2
6H7F_A	301	359	4.2
6H7F_A	360	433	4.2
6H7F_A	434	476	4.2
6H7F_A	477	522	4.2
6H7F_A	523	573	4.2
6H7F_A	574	619	4.2
6H7F_A	620	663	4.2
6H7F_A	664	705	4.2
6HDV_A	20	37	4.2
6HDV_A	38	67	4.2
6HDV_A	68	97	4.2
6HDV_A	98	128	4.2
6I96_A	148	175	4.2
6I96_A	176	212	4.2
6I96_A	213	279	4.2
6I96_A	280	339	4.2
6I96_A	340	406	4.2
6I96_A	407	450	4.2
6I96_A	451	494	4.2
6I96_A	495	542	4.2
6I96_A	543	588	4.2
6I96_A	589	632	4.2
6I96_A	633	677	4.2
6IGB_A	3	46	4.4
6IGB_A	47	101	4.4
6IGB_A	102	160	4.4
6IGB_A	161	208	4.4
6IGB_A	209	260	4.4
6IGB_A	261	312	4.4
6IGB_A	313	351	4.4
6J0T_A	50	110	4.4
6J0T_A	111	180	4.4
6J0T_A	181	236	4.4
6J0T_A	237	311	4.4
6J0T_A	312	377	4.4
6J1A_A	52	77	4.2
6J1A_A	78	136	4.2
6J1A_A	137	164	4.2
6J1A_A	192	222	4.2
6J1A_A	231	260	4.2
6JC5_A	14	40	4.2
6JC5_A	41	101	4.2
6JC5_A	102	129	4.2
6JC5_A	155	183	4.2
6JC5_A	194	221	4.2
6JLQ_B	73	116	4.4
6JLQ_B	117	159	4.4
6JLQ_B	160	209	4.4
6JLQ_B	210	251	4.4
6JLQ_B	252	293	4.4
6JLQ_B	294	336	4.4
6JLQ_B	337	400	4.4
6JLQ_B	401	440	4.4
6JLQ_B	459	588	4.4
6JLQ_C	51	108	4.4
6JLQ_C	109	159	4.4
6JLQ_C	160	230	4.4
6JLQ_C	231	272	4.4
6JLQ_C	273	314	4.4
6JLQ_C	315	410	4.4
6JLQ_C	411	435	4.4
6LIX_A	76	102	4.2
6LIX_A	103	133	4.2
6LIX_A	158	186	4.2
6LIX_A	195	217	4.2
6M9X_A	6	31	4.2
6M9X_A	32	91	4.2
6M9X_A	92	119	4.2
6M9X_A	147	176	4.2
6M9X_A	188	213	4.2
6M9Z_A	6	33	4.2
6M9Z_A	34	96	4.2
6M9Z_A	97	132	4.2
6M9Z_A	150	190	4.2
6M9Z_A	191	217	4.2
6MIB_A	47	61	4.1
6MIB_A	95	109	4.1
6MIB_A	110	128	4.1
6MIB_A	176	182	4.1
6MIB_A	193	210	4.1
6MIB_A	211	226	4.1
6MIB_A	237	252	4.1
6MIB_A	253	268	4.1
6N31_A	33	71	4.4
6N31_A	72	120	4.4
6N31_A	121	188	4.4
6N31_A	189	228	4.4
6N31_A	229	273	4.4
6N31_A	274	317	4.4
6N31_A	318	344	4.4
6N3H_A	40	87	4.4
6N3H_A	88	134	4.4
6N3H_A	135	181	4.4
6N3H_A	182	228	4.4
6N3H_A	229	274	4.4
6N3H_A	275	316	4.4
6N45_A	32	74	4.4
6N45_A	120	160	4.4
6N45_A	161	177	4.4
6NAU_A	5	39	4.4
6NAU_A	40	88	4.4
6NAU_A	89	131	4.4
6NAU_A	132	180	4.4
6NAU_A	181	233	4.4
6NAU_A	234	282	4.4
6NAU_A	283	327	4.4
6NQJ_B	33	61	4.2
6NQJ_B	62	107	4.2
6NQJ_B	108	138	4.2
6NQJ_B	139	160	4.2
6NQJ_B	161	223	4.2
6OEM_B	14	69	4.4
6OEM_B	70	136	4.4
6OEM_B	137	202	4.4
6OEM_B	203	256	4.4
6OEM_B	257	311	4.4
6OFR_A	153	207	4.2
6OFR_A	208	257	4.2
6OFR_A	258	302	4.2
6OFR_A	303	370	4.2
6OFR_A	372	435	4.2
6OFR_A	436	470	4.2
6OFR_A	471	532	4.2
6OFR_A	533	590	4.2
6OFR_A	591	659	4.2
6OFR_A	660	721	4.2
6OFR_A	722	762	4.2
6OOC_A	39	88	4.2
6OOC_A	89	122	4.2
6OOC_A	128	153	4.2
6OOC_A	159	188	4.2
6QTS_A	28	76	4.4
6QTS_A	77	119	4.4
6QTS_A	120	162	4.4
6QTS_A	163	205	4.4
6QTS_A	206	246	4.4
6QTS_A	247	287	4.4
6R2Q_B	52	92	4.2
6R2Q_B	93	119	4.2
6R2Q_B	120	193	4.2
6R2Q_B	194	244	4.2
6R2Q_B	245	302	4.2
6R2Q_B	303	352	4.2
6R2Q_B	353	410	4.2
6R2Q_B	411	448	4.2
6R2Q_B	449	502	4.2
6R2Q_B	503	543	4.2
6R2Q_B	544	593	4.2
6R2Q_B	594	640	4.2
6R2Q_B	641	695	4.2
6R8Z_K	38	83	4.4
6R8Z_K	84	157	4.4
6R8Z_K	187	238	4.4
6R8Z_K	239	280	4.4
6R8Z_K	281	332	4.4
6R8Z_K	333	379	4.4
6R8Z_K	380	420	4.4
6R8Z_K	762	833	4.4
6R8Z_K	834	891	4.4
6R8Z_K	892	932	4.4
6R8Z_K	933	976	4.4
6R8Z_K	977	1026	4.4
6R8Z_K	1027	1113	4.4
6R90_L	138	178	4.4
6R90_L	179	262	4.4
6R90_L	263	354	4.4
6R90_L	355	413	4.4
6RKZ_A	70	97	4.4
6RKZ_A	127	173	4.4
6RKZ_A	174	236	4.4
6RKZ_A	237	322	4.4
6RKZ_A	323	376	4.4
6RKZ_A	377	427	4.4
6RKZ_A	428	490	4.4
6RKZ_A	535	611	4.4
6S67_A	12	40	4.2
6S67_A	41	102	4.2
6S67_A	103	145	4.2
6S67_A	158	196	4.2
6S67_A	197	225	4.2
6SLI_B	217	323	4.2
6SLI_B	324	360	4.2
6SLI_B	361	453	4.2
6SLI_B	454	510	4.2
6SLI_B	511	581	4.2
6SLI_B	582	617	4.2
6SLI_B	627	692	4.2
6SLI_B	693	749	4.2
6SLI_B	750	854	4.2
6SLI_B	855	935	4.2
6SLI_B	936	997	4.2
6SUP_A	3	44	4.4
6SUP_A	74	130	4.4
6SUP_A	131	167	4.4
6SUP_A	168	285	4.4
6SUP_A	299	338	4.4
6SUP_A	364	414	4.4
6SUP_A	415	458	4.4
6SUP_A	525	575	4.4
6SUP_A	576	627	4.4
6SUP_A	628	663	4.4
6SUP_A	678	1384	4.4
6SUP_A	1418	1471	4.4
6SUP_A	1483	1531	4.4
6SUP_A	1532	1581	4.4
6SUP_A	1582	1640	4.4
6SUP_A	1672	1716	4.4
6SUP_A	1731	1774	4.4
6SUP_A	1791	1853	4.4
6SUP_A	1889	1936	4.4
6SUP_A	1937	1985	4.4
6SUP_A	1986	2109	4.4
6SUQ_A	22	75	4.4
6SUQ_A	76	240	4.4
6SUQ_A	269	366	4.4
6SUQ_A	388	445	4.4
6SUQ_A	537	600	4.4
6SUQ_A	601	654	4.4
6SUQ_A	655	692	4.4
6SUQ_A	693	767	4.4
6SUQ_A	768	917	4.4
6SUQ_A	918	989	4.4
6SUQ_A	1005	1146	4.4
6SUQ_A	1163	1638	4.4
6SUQ_A	1674	2025	4.4
6SUQ_A	2060	2127	4.4
6TB4_G	393	455	4.4
6TB4_G	456	497	4.4
6TB4_G	498	539	4.4
6TB4_G	540	583	4.4
6TB4_G	584	624	4.4
6TB4_G	625	677	4.4
6TB4_G	703	719	4.4
6TTU_T	184	234	4.4
6TTU_T	304	342	4.4
6TTU_T	343	384	4.4
6TTU_T	385	425	4.4
6TTU_T	426	467	4.4
6TTU_T	468	505	4.4
6TTU_T	506	556	4.4
6TZU_A	20	51	4.1
6TZU_A	52	86	4.1
6TZU_A	87	114	4.1
6TZU_A	115	144	4.1
6TZU_A	145	173	4.1
6TZU_A	174	196	4.1
6TZU_A	197	218	4.1
6TZU_A	219	256	4.1
6TZU_A	272	306	4.1
6UJA_A	18	91	4.4
6UJA_A	92	154	4.4
6UJA_A	155	219	4.4
6UJA_A	220	273	4.4
6UJA_A	274	337	4.4
6UJA_A	338	401	4.4
6UJA_A	402	437	4.4
6UJA_A	481	590	4.4
6V81_A	164	195	4.2
6V81_A	196	232	4.2
6V81_A	234	292	4.2
6V81_A	293	349	4.2
6V81_A	350	410	4.2
6V81_A	411	460	4.2
6V81_A	461	511	4.2
6V81_A	512	561	4.2
6V81_A	562	610	4.2
6V81_A	611	650	4.2
6V81_A	651	699	4.2
6WV3_A	11	38	4.2
6WV3_A	39	101	4.2
6WV3_A	102	129	4.2
6WV3_A	309	341	4.2
6WV3_A	349	379	4.2
6WVS_A	3	27	4.1
6WVS_A	3	27	4.1
6WVS_A	3	28	4.1
6WVS_A	3	28	4.1
6WVS_A	28	45	4.1
6WVS_A	28	48	4.1
6WVS_A	29	48	4.1
6WVS_A	29	48	4.1
7BWL_A	35	55	4.2
7BWL_A	56	104	4.2
7BWL_A	105	130	4.2
7BWL_A	131	164	4.2
7BYV_A	20	79	4.4
7BYV_A	80	138	4.4
7BYV_A	139	186	4.4
7BYV_A	187	242	4.4
7BYV_A	243	287	4.4
7CPZ_A	52	69	4.2
7CPZ_A	70	96	4.2
7CPZ_A	97	131	4.2
7CPZ_A	132	163	4.2
7DPY_A	9	30	4.2
7DPY_A	31	51	4.2
7DPY_A	52	71	4.2
7DPY_A	72	96	4.2
7LG4_A	18	44	4.2
7LG4_A	45	107	4.2
7LG4_A	108	144	4.2
7LG4_A	166	195	4.2
7LG4_A	196	233	4.2
7MGM_B	159	201	4.4
7MGM_B	202	256	4.4
7MGM_B	257	300	4.4
7MGM_B	301	340	4.4
7MGM_B	341	420	4.4
7MGM_B	421	461	4.4
7MGM_B	462	495	4.4
7N88_A	179	243	4.2
7N88_A	244	277	4.2
7N88_A	278	319	4.2
7N88_A	320	340	4.2
7OUQ_A	14	32	4.2
7OUQ_A	33	61	4.2
7OUQ_A	62	89	4.2
7OUQ_A	90	118	4.2
